 
****************************************
Report : timing
        -path full
        -delay min
        -max_paths 100
Design : CXS_SYSTEM_TOP
Version: O-2018.06-SP1
Date   : Mon Aug 31 22:36:39 2026
****************************************

 # A fanout number of 1000 was used for high fanout net computations.

Operating Conditions: scmetro_tsmc_cl013g_rvt_ff_1p32v_m40c   Library: scmetro_tsmc_cl013g_rvt_ff_1p32v_m40c
Wire Load Model Mode: top

  Startpoint: u_CXS_TOP/u_CXS_TX_TOP/u_CXS_flit_transmitter/pending_end_reg_reg[0]
              (rising edge-triggered flip-flop clocked by CXS_CLK)
  Endpoint: u_CXS_TOP/u_CXS_TX_TOP/u_CXS_flit_transmitter/pending_end_reg_reg[0]
            (rising edge-triggered flip-flop clocked by CXS_CLK)
  Path Group: CXS_CLK
  Path Type: min

  Point                                                   Incr       Path
  --------------------------------------------------------------------------
  clock CXS_CLK (rise edge)                               0.00       0.00
  clock network delay (ideal)                             0.00       0.00
  u_CXS_TOP/u_CXS_TX_TOP/u_CXS_flit_transmitter/pending_end_reg_reg[0]/CK (DFFRX1M)
                                                          0.00       0.00 r
  u_CXS_TOP/u_CXS_TX_TOP/u_CXS_flit_transmitter/pending_end_reg_reg[0]/QN (DFFRX1M)
                                                          0.36       0.36 r
  u_CXS_TOP/u_CXS_TX_TOP/u_CXS_flit_transmitter/U110/Y (OAI22X1M)
                                                          0.09       0.45 f
  u_CXS_TOP/u_CXS_TX_TOP/u_CXS_flit_transmitter/pending_end_reg_reg[0]/D (DFFRX1M)
                                                          0.00       0.45 f
  data arrival time                                                  0.45

  clock CXS_CLK (rise edge)                               0.00       0.00
  clock network delay (ideal)                             0.00       0.00
  clock uncertainty                                       0.05       0.05
  u_CXS_TOP/u_CXS_TX_TOP/u_CXS_flit_transmitter/pending_end_reg_reg[0]/CK (DFFRX1M)
                                                          0.00       0.05 r
  library hold time                                       0.00       0.05
  data required time                                                 0.05
  --------------------------------------------------------------------------
  data required time                                                 0.05
  data arrival time                                                 -0.45
  --------------------------------------------------------------------------
  slack (MET)                                                        0.40


  Startpoint: u_CXS_TOP/u_CXS_RX_TOP/u_CXS_Credit_Generator/o_CXS_Credit_Generator_return_all_credit_reg
              (rising edge-triggered flip-flop clocked by CXS_CLK)
  Endpoint: u_CXS_TOP/u_CXS_RX_TOP/u_CXS_Link_Control/current_state_reg[1]
            (rising edge-triggered flip-flop clocked by CXS_CLK)
  Path Group: CXS_CLK
  Path Type: min

  Point                                                   Incr       Path
  --------------------------------------------------------------------------
  clock CXS_CLK (rise edge)                               0.00       0.00
  clock network delay (ideal)                             0.00       0.00
  u_CXS_TOP/u_CXS_RX_TOP/u_CXS_Credit_Generator/o_CXS_Credit_Generator_return_all_credit_reg/CK (DFFRQX2M)
                                                          0.00       0.00 r
  u_CXS_TOP/u_CXS_RX_TOP/u_CXS_Credit_Generator/o_CXS_Credit_Generator_return_all_credit_reg/Q (DFFRQX2M)
                                                          0.39       0.39 r
  u_CXS_TOP/u_CXS_RX_TOP/u_CXS_Credit_Generator/o_CXS_Credit_Generator_return_all_credit (CXS_Credit_Generator_MAX_CREDITS15_CREDIT_W4)
                                                          0.00       0.39 r
  u_CXS_TOP/u_CXS_RX_TOP/u_CXS_Link_Control/i_CXS_Link_Control_return_all_credit (CXS_Link_Control)
                                                          0.00       0.39 r
  u_CXS_TOP/u_CXS_RX_TOP/u_CXS_Link_Control/U8/Y (OAI21X2M)
                                                          0.06       0.45 f
  u_CXS_TOP/u_CXS_RX_TOP/u_CXS_Link_Control/current_state_reg[1]/D (DFFRQX2M)
                                                          0.00       0.45 f
  data arrival time                                                  0.45

  clock CXS_CLK (rise edge)                               0.00       0.00
  clock network delay (ideal)                             0.00       0.00
  clock uncertainty                                       0.05       0.05
  u_CXS_TOP/u_CXS_RX_TOP/u_CXS_Link_Control/current_state_reg[1]/CK (DFFRQX2M)
                                                          0.00       0.05 r
  library hold time                                      -0.01       0.04
  data required time                                                 0.04
  --------------------------------------------------------------------------
  data required time                                                 0.04
  data arrival time                                                 -0.45
  --------------------------------------------------------------------------
  slack (MET)                                                        0.41


  Startpoint: u_CXS_TOP/u_CXS_TX_TOP/u_CXS_flit_transmitter/pending_start_reg_reg[0]
              (rising edge-triggered flip-flop clocked by CXS_CLK)
  Endpoint: u_CXS_TOP/u_CXS_TX_TOP/u_CXS_flit_transmitter/pending_start_reg_reg[0]
            (rising edge-triggered flip-flop clocked by CXS_CLK)
  Path Group: CXS_CLK
  Path Type: min

  Point                                                   Incr       Path
  --------------------------------------------------------------------------
  clock CXS_CLK (rise edge)                               0.00       0.00
  clock network delay (ideal)                             0.00       0.00
  u_CXS_TOP/u_CXS_TX_TOP/u_CXS_flit_transmitter/pending_start_reg_reg[0]/CK (DFFRX1M)
                                                          0.00       0.00 r
  u_CXS_TOP/u_CXS_TX_TOP/u_CXS_flit_transmitter/pending_start_reg_reg[0]/QN (DFFRX1M)
                                                          0.36       0.36 r
  u_CXS_TOP/u_CXS_TX_TOP/u_CXS_flit_transmitter/U111/Y (OAI22X1M)
                                                          0.09       0.45 f
  u_CXS_TOP/u_CXS_TX_TOP/u_CXS_flit_transmitter/pending_start_reg_reg[0]/D (DFFRX1M)
                                                          0.00       0.45 f
  data arrival time                                                  0.45

  clock CXS_CLK (rise edge)                               0.00       0.00
  clock network delay (ideal)                             0.00       0.00
  clock uncertainty                                       0.05       0.05
  u_CXS_TOP/u_CXS_TX_TOP/u_CXS_flit_transmitter/pending_start_reg_reg[0]/CK (DFFRX1M)
                                                          0.00       0.05 r
  library hold time                                       0.00       0.05
  data required time                                                 0.05
  --------------------------------------------------------------------------
  data required time                                                 0.05
  data arrival time                                                 -0.45
  --------------------------------------------------------------------------
  slack (MET)                                                        0.41


  Startpoint: u_CXS_TOP/u_CXS_TX_TOP/u_CXS_flit_transmitter/pending_data_reg_reg[3]
              (rising edge-triggered flip-flop clocked by CXS_CLK)
  Endpoint: u_CXS_TOP/u_CXS_TX_TOP/u_CXS_flit_transmitter/pending_data_reg_reg[3]
            (rising edge-triggered flip-flop clocked by CXS_CLK)
  Path Group: CXS_CLK
  Path Type: min

  Point                                                   Incr       Path
  --------------------------------------------------------------------------
  clock CXS_CLK (rise edge)                               0.00       0.00
  clock network delay (ideal)                             0.00       0.00
  u_CXS_TOP/u_CXS_TX_TOP/u_CXS_flit_transmitter/pending_data_reg_reg[3]/CK (DFFRX1M)
                                                          0.00       0.00 r
  u_CXS_TOP/u_CXS_TX_TOP/u_CXS_flit_transmitter/pending_data_reg_reg[3]/QN (DFFRX1M)
                                                          0.36       0.36 r
  u_CXS_TOP/u_CXS_TX_TOP/u_CXS_flit_transmitter/U116/Y (OAI22X1M)
                                                          0.09       0.45 f
  u_CXS_TOP/u_CXS_TX_TOP/u_CXS_flit_transmitter/pending_data_reg_reg[3]/D (DFFRX1M)
                                                          0.00       0.45 f
  data arrival time                                                  0.45

  clock CXS_CLK (rise edge)                               0.00       0.00
  clock network delay (ideal)                             0.00       0.00
  clock uncertainty                                       0.05       0.05
  u_CXS_TOP/u_CXS_TX_TOP/u_CXS_flit_transmitter/pending_data_reg_reg[3]/CK (DFFRX1M)
                                                          0.00       0.05 r
  library hold time                                       0.00       0.05
  data required time                                                 0.05
  --------------------------------------------------------------------------
  data required time                                                 0.05
  data arrival time                                                 -0.45
  --------------------------------------------------------------------------
  slack (MET)                                                        0.41


  Startpoint: u_CXS_TOP/u_CXS_TX_TOP/u_CXS_flit_transmitter/pending_data_reg_reg[2]
              (rising edge-triggered flip-flop clocked by CXS_CLK)
  Endpoint: u_CXS_TOP/u_CXS_TX_TOP/u_CXS_flit_transmitter/pending_data_reg_reg[2]
            (rising edge-triggered flip-flop clocked by CXS_CLK)
  Path Group: CXS_CLK
  Path Type: min

  Point                                                   Incr       Path
  --------------------------------------------------------------------------
  clock CXS_CLK (rise edge)                               0.00       0.00
  clock network delay (ideal)                             0.00       0.00
  u_CXS_TOP/u_CXS_TX_TOP/u_CXS_flit_transmitter/pending_data_reg_reg[2]/CK (DFFRX1M)
                                                          0.00       0.00 r
  u_CXS_TOP/u_CXS_TX_TOP/u_CXS_flit_transmitter/pending_data_reg_reg[2]/QN (DFFRX1M)
                                                          0.36       0.36 r
  u_CXS_TOP/u_CXS_TX_TOP/u_CXS_flit_transmitter/U115/Y (OAI22X1M)
                                                          0.09       0.45 f
  u_CXS_TOP/u_CXS_TX_TOP/u_CXS_flit_transmitter/pending_data_reg_reg[2]/D (DFFRX1M)
                                                          0.00       0.45 f
  data arrival time                                                  0.45

  clock CXS_CLK (rise edge)                               0.00       0.00
  clock network delay (ideal)                             0.00       0.00
  clock uncertainty                                       0.05       0.05
  u_CXS_TOP/u_CXS_TX_TOP/u_CXS_flit_transmitter/pending_data_reg_reg[2]/CK (DFFRX1M)
                                                          0.00       0.05 r
  library hold time                                       0.00       0.05
  data required time                                                 0.05
  --------------------------------------------------------------------------
  data required time                                                 0.05
  data arrival time                                                 -0.45
  --------------------------------------------------------------------------
  slack (MET)                                                        0.41


  Startpoint: u_CXS_TOP/u_CXS_TX_TOP/u_CXS_flit_transmitter/pending_data_reg_reg[1]
              (rising edge-triggered flip-flop clocked by CXS_CLK)
  Endpoint: u_CXS_TOP/u_CXS_TX_TOP/u_CXS_flit_transmitter/pending_data_reg_reg[1]
            (rising edge-triggered flip-flop clocked by CXS_CLK)
  Path Group: CXS_CLK
  Path Type: min

  Point                                                   Incr       Path
  --------------------------------------------------------------------------
  clock CXS_CLK (rise edge)                               0.00       0.00
  clock network delay (ideal)                             0.00       0.00
  u_CXS_TOP/u_CXS_TX_TOP/u_CXS_flit_transmitter/pending_data_reg_reg[1]/CK (DFFRX1M)
                                                          0.00       0.00 r
  u_CXS_TOP/u_CXS_TX_TOP/u_CXS_flit_transmitter/pending_data_reg_reg[1]/QN (DFFRX1M)
                                                          0.36       0.36 r
  u_CXS_TOP/u_CXS_TX_TOP/u_CXS_flit_transmitter/U114/Y (OAI22X1M)
                                                          0.09       0.45 f
  u_CXS_TOP/u_CXS_TX_TOP/u_CXS_flit_transmitter/pending_data_reg_reg[1]/D (DFFRX1M)
                                                          0.00       0.45 f
  data arrival time                                                  0.45

  clock CXS_CLK (rise edge)                               0.00       0.00
  clock network delay (ideal)                             0.00       0.00
  clock uncertainty                                       0.05       0.05
  u_CXS_TOP/u_CXS_TX_TOP/u_CXS_flit_transmitter/pending_data_reg_reg[1]/CK (DFFRX1M)
                                                          0.00       0.05 r
  library hold time                                       0.00       0.05
  data required time                                                 0.05
  --------------------------------------------------------------------------
  data required time                                                 0.05
  data arrival time                                                 -0.45
  --------------------------------------------------------------------------
  slack (MET)                                                        0.41


  Startpoint: u_CXS_TOP/u_CXS_TX_TOP/u_CXS_flit_transmitter/pending_data_reg_reg[0]
              (rising edge-triggered flip-flop clocked by CXS_CLK)
  Endpoint: u_CXS_TOP/u_CXS_TX_TOP/u_CXS_flit_transmitter/pending_data_reg_reg[0]
            (rising edge-triggered flip-flop clocked by CXS_CLK)
  Path Group: CXS_CLK
  Path Type: min

  Point                                                   Incr       Path
  --------------------------------------------------------------------------
  clock CXS_CLK (rise edge)                               0.00       0.00
  clock network delay (ideal)                             0.00       0.00
  u_CXS_TOP/u_CXS_TX_TOP/u_CXS_flit_transmitter/pending_data_reg_reg[0]/CK (DFFRX1M)
                                                          0.00       0.00 r
  u_CXS_TOP/u_CXS_TX_TOP/u_CXS_flit_transmitter/pending_data_reg_reg[0]/QN (DFFRX1M)
                                                          0.36       0.36 r
  u_CXS_TOP/u_CXS_TX_TOP/u_CXS_flit_transmitter/U113/Y (OAI22X1M)
                                                          0.09       0.45 f
  u_CXS_TOP/u_CXS_TX_TOP/u_CXS_flit_transmitter/pending_data_reg_reg[0]/D (DFFRX1M)
                                                          0.00       0.45 f
  data arrival time                                                  0.45

  clock CXS_CLK (rise edge)                               0.00       0.00
  clock network delay (ideal)                             0.00       0.00
  clock uncertainty                                       0.05       0.05
  u_CXS_TOP/u_CXS_TX_TOP/u_CXS_flit_transmitter/pending_data_reg_reg[0]/CK (DFFRX1M)
                                                          0.00       0.05 r
  library hold time                                       0.00       0.05
  data required time                                                 0.05
  --------------------------------------------------------------------------
  data required time                                                 0.05
  data arrival time                                                 -0.45
  --------------------------------------------------------------------------
  slack (MET)                                                        0.41


  Startpoint: u_CXS_TOP/u_CXS_TX_TOP/u_CXS_flit_transmitter/pending_error_reg_reg[1]
              (rising edge-triggered flip-flop clocked by CXS_CLK)
  Endpoint: u_CXS_TOP/u_CXS_TX_TOP/u_CXS_flit_transmitter/pending_error_reg_reg[1]
            (rising edge-triggered flip-flop clocked by CXS_CLK)
  Path Group: CXS_CLK
  Path Type: min

  Point                                                   Incr       Path
  --------------------------------------------------------------------------
  clock CXS_CLK (rise edge)                               0.00       0.00
  clock network delay (ideal)                             0.00       0.00
  u_CXS_TOP/u_CXS_TX_TOP/u_CXS_flit_transmitter/pending_error_reg_reg[1]/CK (DFFRX1M)
                                                          0.00       0.00 r
  u_CXS_TOP/u_CXS_TX_TOP/u_CXS_flit_transmitter/pending_error_reg_reg[1]/QN (DFFRX1M)
                                                          0.36       0.36 r
  u_CXS_TOP/u_CXS_TX_TOP/u_CXS_flit_transmitter/U146/Y (OAI22X1M)
                                                          0.09       0.45 f
  u_CXS_TOP/u_CXS_TX_TOP/u_CXS_flit_transmitter/pending_error_reg_reg[1]/D (DFFRX1M)
                                                          0.00       0.45 f
  data arrival time                                                  0.45

  clock CXS_CLK (rise edge)                               0.00       0.00
  clock network delay (ideal)                             0.00       0.00
  clock uncertainty                                       0.05       0.05
  u_CXS_TOP/u_CXS_TX_TOP/u_CXS_flit_transmitter/pending_error_reg_reg[1]/CK (DFFRX1M)
                                                          0.00       0.05 r
  library hold time                                       0.00       0.05
  data required time                                                 0.05
  --------------------------------------------------------------------------
  data required time                                                 0.05
  data arrival time                                                 -0.45
  --------------------------------------------------------------------------
  slack (MET)                                                        0.41


  Startpoint: u_CXS_TOP/u_CXS_TX_TOP/u_CXS_flit_transmitter/pending_error_reg_reg[0]
              (rising edge-triggered flip-flop clocked by CXS_CLK)
  Endpoint: u_CXS_TOP/u_CXS_TX_TOP/u_CXS_flit_transmitter/pending_error_reg_reg[0]
            (rising edge-triggered flip-flop clocked by CXS_CLK)
  Path Group: CXS_CLK
  Path Type: min

  Point                                                   Incr       Path
  --------------------------------------------------------------------------
  clock CXS_CLK (rise edge)                               0.00       0.00
  clock network delay (ideal)                             0.00       0.00
  u_CXS_TOP/u_CXS_TX_TOP/u_CXS_flit_transmitter/pending_error_reg_reg[0]/CK (DFFRX1M)
                                                          0.00       0.00 r
  u_CXS_TOP/u_CXS_TX_TOP/u_CXS_flit_transmitter/pending_error_reg_reg[0]/QN (DFFRX1M)
                                                          0.36       0.36 r
  u_CXS_TOP/u_CXS_TX_TOP/u_CXS_flit_transmitter/U145/Y (OAI22X1M)
                                                          0.09       0.45 f
  u_CXS_TOP/u_CXS_TX_TOP/u_CXS_flit_transmitter/pending_error_reg_reg[0]/D (DFFRX1M)
                                                          0.00       0.45 f
  data arrival time                                                  0.45

  clock CXS_CLK (rise edge)                               0.00       0.00
  clock network delay (ideal)                             0.00       0.00
  clock uncertainty                                       0.05       0.05
  u_CXS_TOP/u_CXS_TX_TOP/u_CXS_flit_transmitter/pending_error_reg_reg[0]/CK (DFFRX1M)
                                                          0.00       0.05 r
  library hold time                                       0.00       0.05
  data required time                                                 0.05
  --------------------------------------------------------------------------
  data required time                                                 0.05
  data arrival time                                                 -0.45
  --------------------------------------------------------------------------
  slack (MET)                                                        0.41


  Startpoint: u_CXS_TOP/u_CXS_TX_TOP/u_CXS_flit_transmitter/pending_data_reg_reg[31]
              (rising edge-triggered flip-flop clocked by CXS_CLK)
  Endpoint: u_CXS_TOP/u_CXS_TX_TOP/u_CXS_flit_transmitter/pending_data_reg_reg[31]
            (rising edge-triggered flip-flop clocked by CXS_CLK)
  Path Group: CXS_CLK
  Path Type: min

  Point                                                   Incr       Path
  --------------------------------------------------------------------------
  clock CXS_CLK (rise edge)                               0.00       0.00
  clock network delay (ideal)                             0.00       0.00
  u_CXS_TOP/u_CXS_TX_TOP/u_CXS_flit_transmitter/pending_data_reg_reg[31]/CK (DFFRX1M)
                                                          0.00       0.00 r
  u_CXS_TOP/u_CXS_TX_TOP/u_CXS_flit_transmitter/pending_data_reg_reg[31]/QN (DFFRX1M)
                                                          0.36       0.36 r
  u_CXS_TOP/u_CXS_TX_TOP/u_CXS_flit_transmitter/U144/Y (OAI22X1M)
                                                          0.09       0.45 f
  u_CXS_TOP/u_CXS_TX_TOP/u_CXS_flit_transmitter/pending_data_reg_reg[31]/D (DFFRX1M)
                                                          0.00       0.45 f
  data arrival time                                                  0.45

  clock CXS_CLK (rise edge)                               0.00       0.00
  clock network delay (ideal)                             0.00       0.00
  clock uncertainty                                       0.05       0.05
  u_CXS_TOP/u_CXS_TX_TOP/u_CXS_flit_transmitter/pending_data_reg_reg[31]/CK (DFFRX1M)
                                                          0.00       0.05 r
  library hold time                                       0.00       0.05
  data required time                                                 0.05
  --------------------------------------------------------------------------
  data required time                                                 0.05
  data arrival time                                                 -0.45
  --------------------------------------------------------------------------
  slack (MET)                                                        0.41


  Startpoint: u_CXS_TOP/u_CXS_TX_TOP/u_CXS_flit_transmitter/pending_data_reg_reg[30]
              (rising edge-triggered flip-flop clocked by CXS_CLK)
  Endpoint: u_CXS_TOP/u_CXS_TX_TOP/u_CXS_flit_transmitter/pending_data_reg_reg[30]
            (rising edge-triggered flip-flop clocked by CXS_CLK)
  Path Group: CXS_CLK
  Path Type: min

  Point                                                   Incr       Path
  --------------------------------------------------------------------------
  clock CXS_CLK (rise edge)                               0.00       0.00
  clock network delay (ideal)                             0.00       0.00
  u_CXS_TOP/u_CXS_TX_TOP/u_CXS_flit_transmitter/pending_data_reg_reg[30]/CK (DFFRX1M)
                                                          0.00       0.00 r
  u_CXS_TOP/u_CXS_TX_TOP/u_CXS_flit_transmitter/pending_data_reg_reg[30]/QN (DFFRX1M)
                                                          0.36       0.36 r
  u_CXS_TOP/u_CXS_TX_TOP/u_CXS_flit_transmitter/U143/Y (OAI22X1M)
                                                          0.09       0.45 f
  u_CXS_TOP/u_CXS_TX_TOP/u_CXS_flit_transmitter/pending_data_reg_reg[30]/D (DFFRX1M)
                                                          0.00       0.45 f
  data arrival time                                                  0.45

  clock CXS_CLK (rise edge)                               0.00       0.00
  clock network delay (ideal)                             0.00       0.00
  clock uncertainty                                       0.05       0.05
  u_CXS_TOP/u_CXS_TX_TOP/u_CXS_flit_transmitter/pending_data_reg_reg[30]/CK (DFFRX1M)
                                                          0.00       0.05 r
  library hold time                                       0.00       0.05
  data required time                                                 0.05
  --------------------------------------------------------------------------
  data required time                                                 0.05
  data arrival time                                                 -0.45
  --------------------------------------------------------------------------
  slack (MET)                                                        0.41


  Startpoint: u_CXS_TOP/u_CXS_TX_TOP/u_CXS_flit_transmitter/pending_data_reg_reg[29]
              (rising edge-triggered flip-flop clocked by CXS_CLK)
  Endpoint: u_CXS_TOP/u_CXS_TX_TOP/u_CXS_flit_transmitter/pending_data_reg_reg[29]
            (rising edge-triggered flip-flop clocked by CXS_CLK)
  Path Group: CXS_CLK
  Path Type: min

  Point                                                   Incr       Path
  --------------------------------------------------------------------------
  clock CXS_CLK (rise edge)                               0.00       0.00
  clock network delay (ideal)                             0.00       0.00
  u_CXS_TOP/u_CXS_TX_TOP/u_CXS_flit_transmitter/pending_data_reg_reg[29]/CK (DFFRX1M)
                                                          0.00       0.00 r
  u_CXS_TOP/u_CXS_TX_TOP/u_CXS_flit_transmitter/pending_data_reg_reg[29]/QN (DFFRX1M)
                                                          0.36       0.36 r
  u_CXS_TOP/u_CXS_TX_TOP/u_CXS_flit_transmitter/U142/Y (OAI22X1M)
                                                          0.09       0.45 f
  u_CXS_TOP/u_CXS_TX_TOP/u_CXS_flit_transmitter/pending_data_reg_reg[29]/D (DFFRX1M)
                                                          0.00       0.45 f
  data arrival time                                                  0.45

  clock CXS_CLK (rise edge)                               0.00       0.00
  clock network delay (ideal)                             0.00       0.00
  clock uncertainty                                       0.05       0.05
  u_CXS_TOP/u_CXS_TX_TOP/u_CXS_flit_transmitter/pending_data_reg_reg[29]/CK (DFFRX1M)
                                                          0.00       0.05 r
  library hold time                                       0.00       0.05
  data required time                                                 0.05
  --------------------------------------------------------------------------
  data required time                                                 0.05
  data arrival time                                                 -0.45
  --------------------------------------------------------------------------
  slack (MET)                                                        0.41


  Startpoint: u_CXS_TOP/u_CXS_TX_TOP/u_CXS_flit_transmitter/pending_data_reg_reg[28]
              (rising edge-triggered flip-flop clocked by CXS_CLK)
  Endpoint: u_CXS_TOP/u_CXS_TX_TOP/u_CXS_flit_transmitter/pending_data_reg_reg[28]
            (rising edge-triggered flip-flop clocked by CXS_CLK)
  Path Group: CXS_CLK
  Path Type: min

  Point                                                   Incr       Path
  --------------------------------------------------------------------------
  clock CXS_CLK (rise edge)                               0.00       0.00
  clock network delay (ideal)                             0.00       0.00
  u_CXS_TOP/u_CXS_TX_TOP/u_CXS_flit_transmitter/pending_data_reg_reg[28]/CK (DFFRX1M)
                                                          0.00       0.00 r
  u_CXS_TOP/u_CXS_TX_TOP/u_CXS_flit_transmitter/pending_data_reg_reg[28]/QN (DFFRX1M)
                                                          0.36       0.36 r
  u_CXS_TOP/u_CXS_TX_TOP/u_CXS_flit_transmitter/U141/Y (OAI22X1M)
                                                          0.09       0.45 f
  u_CXS_TOP/u_CXS_TX_TOP/u_CXS_flit_transmitter/pending_data_reg_reg[28]/D (DFFRX1M)
                                                          0.00       0.45 f
  data arrival time                                                  0.45

  clock CXS_CLK (rise edge)                               0.00       0.00
  clock network delay (ideal)                             0.00       0.00
  clock uncertainty                                       0.05       0.05
  u_CXS_TOP/u_CXS_TX_TOP/u_CXS_flit_transmitter/pending_data_reg_reg[28]/CK (DFFRX1M)
                                                          0.00       0.05 r
  library hold time                                       0.00       0.05
  data required time                                                 0.05
  --------------------------------------------------------------------------
  data required time                                                 0.05
  data arrival time                                                 -0.45
  --------------------------------------------------------------------------
  slack (MET)                                                        0.41


  Startpoint: u_CXS_TOP/u_CXS_TX_TOP/u_CXS_flit_transmitter/pending_data_reg_reg[27]
              (rising edge-triggered flip-flop clocked by CXS_CLK)
  Endpoint: u_CXS_TOP/u_CXS_TX_TOP/u_CXS_flit_transmitter/pending_data_reg_reg[27]
            (rising edge-triggered flip-flop clocked by CXS_CLK)
  Path Group: CXS_CLK
  Path Type: min

  Point                                                   Incr       Path
  --------------------------------------------------------------------------
  clock CXS_CLK (rise edge)                               0.00       0.00
  clock network delay (ideal)                             0.00       0.00
  u_CXS_TOP/u_CXS_TX_TOP/u_CXS_flit_transmitter/pending_data_reg_reg[27]/CK (DFFRX1M)
                                                          0.00       0.00 r
  u_CXS_TOP/u_CXS_TX_TOP/u_CXS_flit_transmitter/pending_data_reg_reg[27]/QN (DFFRX1M)
                                                          0.36       0.36 r
  u_CXS_TOP/u_CXS_TX_TOP/u_CXS_flit_transmitter/U140/Y (OAI22X1M)
                                                          0.09       0.45 f
  u_CXS_TOP/u_CXS_TX_TOP/u_CXS_flit_transmitter/pending_data_reg_reg[27]/D (DFFRX1M)
                                                          0.00       0.45 f
  data arrival time                                                  0.45

  clock CXS_CLK (rise edge)                               0.00       0.00
  clock network delay (ideal)                             0.00       0.00
  clock uncertainty                                       0.05       0.05
  u_CXS_TOP/u_CXS_TX_TOP/u_CXS_flit_transmitter/pending_data_reg_reg[27]/CK (DFFRX1M)
                                                          0.00       0.05 r
  library hold time                                       0.00       0.05
  data required time                                                 0.05
  --------------------------------------------------------------------------
  data required time                                                 0.05
  data arrival time                                                 -0.45
  --------------------------------------------------------------------------
  slack (MET)                                                        0.41


  Startpoint: u_CXS_TOP/u_CXS_TX_TOP/u_CXS_flit_transmitter/pending_data_reg_reg[26]
              (rising edge-triggered flip-flop clocked by CXS_CLK)
  Endpoint: u_CXS_TOP/u_CXS_TX_TOP/u_CXS_flit_transmitter/pending_data_reg_reg[26]
            (rising edge-triggered flip-flop clocked by CXS_CLK)
  Path Group: CXS_CLK
  Path Type: min

  Point                                                   Incr       Path
  --------------------------------------------------------------------------
  clock CXS_CLK (rise edge)                               0.00       0.00
  clock network delay (ideal)                             0.00       0.00
  u_CXS_TOP/u_CXS_TX_TOP/u_CXS_flit_transmitter/pending_data_reg_reg[26]/CK (DFFRX1M)
                                                          0.00       0.00 r
  u_CXS_TOP/u_CXS_TX_TOP/u_CXS_flit_transmitter/pending_data_reg_reg[26]/QN (DFFRX1M)
                                                          0.36       0.36 r
  u_CXS_TOP/u_CXS_TX_TOP/u_CXS_flit_transmitter/U139/Y (OAI22X1M)
                                                          0.09       0.45 f
  u_CXS_TOP/u_CXS_TX_TOP/u_CXS_flit_transmitter/pending_data_reg_reg[26]/D (DFFRX1M)
                                                          0.00       0.45 f
  data arrival time                                                  0.45

  clock CXS_CLK (rise edge)                               0.00       0.00
  clock network delay (ideal)                             0.00       0.00
  clock uncertainty                                       0.05       0.05
  u_CXS_TOP/u_CXS_TX_TOP/u_CXS_flit_transmitter/pending_data_reg_reg[26]/CK (DFFRX1M)
                                                          0.00       0.05 r
  library hold time                                       0.00       0.05
  data required time                                                 0.05
  --------------------------------------------------------------------------
  data required time                                                 0.05
  data arrival time                                                 -0.45
  --------------------------------------------------------------------------
  slack (MET)                                                        0.41


  Startpoint: u_CXS_TOP/u_CXS_TX_TOP/u_CXS_flit_transmitter/pending_data_reg_reg[25]
              (rising edge-triggered flip-flop clocked by CXS_CLK)
  Endpoint: u_CXS_TOP/u_CXS_TX_TOP/u_CXS_flit_transmitter/pending_data_reg_reg[25]
            (rising edge-triggered flip-flop clocked by CXS_CLK)
  Path Group: CXS_CLK
  Path Type: min

  Point                                                   Incr       Path
  --------------------------------------------------------------------------
  clock CXS_CLK (rise edge)                               0.00       0.00
  clock network delay (ideal)                             0.00       0.00
  u_CXS_TOP/u_CXS_TX_TOP/u_CXS_flit_transmitter/pending_data_reg_reg[25]/CK (DFFRX1M)
                                                          0.00       0.00 r
  u_CXS_TOP/u_CXS_TX_TOP/u_CXS_flit_transmitter/pending_data_reg_reg[25]/QN (DFFRX1M)
                                                          0.36       0.36 r
  u_CXS_TOP/u_CXS_TX_TOP/u_CXS_flit_transmitter/U138/Y (OAI22X1M)
                                                          0.09       0.45 f
  u_CXS_TOP/u_CXS_TX_TOP/u_CXS_flit_transmitter/pending_data_reg_reg[25]/D (DFFRX1M)
                                                          0.00       0.45 f
  data arrival time                                                  0.45

  clock CXS_CLK (rise edge)                               0.00       0.00
  clock network delay (ideal)                             0.00       0.00
  clock uncertainty                                       0.05       0.05
  u_CXS_TOP/u_CXS_TX_TOP/u_CXS_flit_transmitter/pending_data_reg_reg[25]/CK (DFFRX1M)
                                                          0.00       0.05 r
  library hold time                                       0.00       0.05
  data required time                                                 0.05
  --------------------------------------------------------------------------
  data required time                                                 0.05
  data arrival time                                                 -0.45
  --------------------------------------------------------------------------
  slack (MET)                                                        0.41


  Startpoint: u_CXS_TOP/u_CXS_TX_TOP/u_CXS_flit_transmitter/pending_data_reg_reg[24]
              (rising edge-triggered flip-flop clocked by CXS_CLK)
  Endpoint: u_CXS_TOP/u_CXS_TX_TOP/u_CXS_flit_transmitter/pending_data_reg_reg[24]
            (rising edge-triggered flip-flop clocked by CXS_CLK)
  Path Group: CXS_CLK
  Path Type: min

  Point                                                   Incr       Path
  --------------------------------------------------------------------------
  clock CXS_CLK (rise edge)                               0.00       0.00
  clock network delay (ideal)                             0.00       0.00
  u_CXS_TOP/u_CXS_TX_TOP/u_CXS_flit_transmitter/pending_data_reg_reg[24]/CK (DFFRX1M)
                                                          0.00       0.00 r
  u_CXS_TOP/u_CXS_TX_TOP/u_CXS_flit_transmitter/pending_data_reg_reg[24]/QN (DFFRX1M)
                                                          0.36       0.36 r
  u_CXS_TOP/u_CXS_TX_TOP/u_CXS_flit_transmitter/U137/Y (OAI22X1M)
                                                          0.09       0.45 f
  u_CXS_TOP/u_CXS_TX_TOP/u_CXS_flit_transmitter/pending_data_reg_reg[24]/D (DFFRX1M)
                                                          0.00       0.45 f
  data arrival time                                                  0.45

  clock CXS_CLK (rise edge)                               0.00       0.00
  clock network delay (ideal)                             0.00       0.00
  clock uncertainty                                       0.05       0.05
  u_CXS_TOP/u_CXS_TX_TOP/u_CXS_flit_transmitter/pending_data_reg_reg[24]/CK (DFFRX1M)
                                                          0.00       0.05 r
  library hold time                                       0.00       0.05
  data required time                                                 0.05
  --------------------------------------------------------------------------
  data required time                                                 0.05
  data arrival time                                                 -0.45
  --------------------------------------------------------------------------
  slack (MET)                                                        0.41


  Startpoint: u_CXS_TOP/u_CXS_TX_TOP/u_CXS_flit_transmitter/pending_data_reg_reg[23]
              (rising edge-triggered flip-flop clocked by CXS_CLK)
  Endpoint: u_CXS_TOP/u_CXS_TX_TOP/u_CXS_flit_transmitter/pending_data_reg_reg[23]
            (rising edge-triggered flip-flop clocked by CXS_CLK)
  Path Group: CXS_CLK
  Path Type: min

  Point                                                   Incr       Path
  --------------------------------------------------------------------------
  clock CXS_CLK (rise edge)                               0.00       0.00
  clock network delay (ideal)                             0.00       0.00
  u_CXS_TOP/u_CXS_TX_TOP/u_CXS_flit_transmitter/pending_data_reg_reg[23]/CK (DFFRX1M)
                                                          0.00       0.00 r
  u_CXS_TOP/u_CXS_TX_TOP/u_CXS_flit_transmitter/pending_data_reg_reg[23]/QN (DFFRX1M)
                                                          0.36       0.36 r
  u_CXS_TOP/u_CXS_TX_TOP/u_CXS_flit_transmitter/U136/Y (OAI22X1M)
                                                          0.09       0.45 f
  u_CXS_TOP/u_CXS_TX_TOP/u_CXS_flit_transmitter/pending_data_reg_reg[23]/D (DFFRX1M)
                                                          0.00       0.45 f
  data arrival time                                                  0.45

  clock CXS_CLK (rise edge)                               0.00       0.00
  clock network delay (ideal)                             0.00       0.00
  clock uncertainty                                       0.05       0.05
  u_CXS_TOP/u_CXS_TX_TOP/u_CXS_flit_transmitter/pending_data_reg_reg[23]/CK (DFFRX1M)
                                                          0.00       0.05 r
  library hold time                                       0.00       0.05
  data required time                                                 0.05
  --------------------------------------------------------------------------
  data required time                                                 0.05
  data arrival time                                                 -0.45
  --------------------------------------------------------------------------
  slack (MET)                                                        0.41


  Startpoint: u_CXS_TOP/u_CXS_TX_TOP/u_CXS_flit_transmitter/pending_data_reg_reg[22]
              (rising edge-triggered flip-flop clocked by CXS_CLK)
  Endpoint: u_CXS_TOP/u_CXS_TX_TOP/u_CXS_flit_transmitter/pending_data_reg_reg[22]
            (rising edge-triggered flip-flop clocked by CXS_CLK)
  Path Group: CXS_CLK
  Path Type: min

  Point                                                   Incr       Path
  --------------------------------------------------------------------------
  clock CXS_CLK (rise edge)                               0.00       0.00
  clock network delay (ideal)                             0.00       0.00
  u_CXS_TOP/u_CXS_TX_TOP/u_CXS_flit_transmitter/pending_data_reg_reg[22]/CK (DFFRX1M)
                                                          0.00       0.00 r
  u_CXS_TOP/u_CXS_TX_TOP/u_CXS_flit_transmitter/pending_data_reg_reg[22]/QN (DFFRX1M)
                                                          0.36       0.36 r
  u_CXS_TOP/u_CXS_TX_TOP/u_CXS_flit_transmitter/U135/Y (OAI22X1M)
                                                          0.09       0.45 f
  u_CXS_TOP/u_CXS_TX_TOP/u_CXS_flit_transmitter/pending_data_reg_reg[22]/D (DFFRX1M)
                                                          0.00       0.45 f
  data arrival time                                                  0.45

  clock CXS_CLK (rise edge)                               0.00       0.00
  clock network delay (ideal)                             0.00       0.00
  clock uncertainty                                       0.05       0.05
  u_CXS_TOP/u_CXS_TX_TOP/u_CXS_flit_transmitter/pending_data_reg_reg[22]/CK (DFFRX1M)
                                                          0.00       0.05 r
  library hold time                                       0.00       0.05
  data required time                                                 0.05
  --------------------------------------------------------------------------
  data required time                                                 0.05
  data arrival time                                                 -0.45
  --------------------------------------------------------------------------
  slack (MET)                                                        0.41


  Startpoint: u_CXS_TOP/u_CXS_TX_TOP/u_CXS_flit_transmitter/pending_data_reg_reg[21]
              (rising edge-triggered flip-flop clocked by CXS_CLK)
  Endpoint: u_CXS_TOP/u_CXS_TX_TOP/u_CXS_flit_transmitter/pending_data_reg_reg[21]
            (rising edge-triggered flip-flop clocked by CXS_CLK)
  Path Group: CXS_CLK
  Path Type: min

  Point                                                   Incr       Path
  --------------------------------------------------------------------------
  clock CXS_CLK (rise edge)                               0.00       0.00
  clock network delay (ideal)                             0.00       0.00
  u_CXS_TOP/u_CXS_TX_TOP/u_CXS_flit_transmitter/pending_data_reg_reg[21]/CK (DFFRX1M)
                                                          0.00       0.00 r
  u_CXS_TOP/u_CXS_TX_TOP/u_CXS_flit_transmitter/pending_data_reg_reg[21]/QN (DFFRX1M)
                                                          0.36       0.36 r
  u_CXS_TOP/u_CXS_TX_TOP/u_CXS_flit_transmitter/U134/Y (OAI22X1M)
                                                          0.09       0.45 f
  u_CXS_TOP/u_CXS_TX_TOP/u_CXS_flit_transmitter/pending_data_reg_reg[21]/D (DFFRX1M)
                                                          0.00       0.45 f
  data arrival time                                                  0.45

  clock CXS_CLK (rise edge)                               0.00       0.00
  clock network delay (ideal)                             0.00       0.00
  clock uncertainty                                       0.05       0.05
  u_CXS_TOP/u_CXS_TX_TOP/u_CXS_flit_transmitter/pending_data_reg_reg[21]/CK (DFFRX1M)
                                                          0.00       0.05 r
  library hold time                                       0.00       0.05
  data required time                                                 0.05
  --------------------------------------------------------------------------
  data required time                                                 0.05
  data arrival time                                                 -0.45
  --------------------------------------------------------------------------
  slack (MET)                                                        0.41


  Startpoint: u_CXS_TOP/u_CXS_TX_TOP/u_CXS_flit_transmitter/pending_data_reg_reg[20]
              (rising edge-triggered flip-flop clocked by CXS_CLK)
  Endpoint: u_CXS_TOP/u_CXS_TX_TOP/u_CXS_flit_transmitter/pending_data_reg_reg[20]
            (rising edge-triggered flip-flop clocked by CXS_CLK)
  Path Group: CXS_CLK
  Path Type: min

  Point                                                   Incr       Path
  --------------------------------------------------------------------------
  clock CXS_CLK (rise edge)                               0.00       0.00
  clock network delay (ideal)                             0.00       0.00
  u_CXS_TOP/u_CXS_TX_TOP/u_CXS_flit_transmitter/pending_data_reg_reg[20]/CK (DFFRX1M)
                                                          0.00       0.00 r
  u_CXS_TOP/u_CXS_TX_TOP/u_CXS_flit_transmitter/pending_data_reg_reg[20]/QN (DFFRX1M)
                                                          0.36       0.36 r
  u_CXS_TOP/u_CXS_TX_TOP/u_CXS_flit_transmitter/U133/Y (OAI22X1M)
                                                          0.09       0.45 f
  u_CXS_TOP/u_CXS_TX_TOP/u_CXS_flit_transmitter/pending_data_reg_reg[20]/D (DFFRX1M)
                                                          0.00       0.45 f
  data arrival time                                                  0.45

  clock CXS_CLK (rise edge)                               0.00       0.00
  clock network delay (ideal)                             0.00       0.00
  clock uncertainty                                       0.05       0.05
  u_CXS_TOP/u_CXS_TX_TOP/u_CXS_flit_transmitter/pending_data_reg_reg[20]/CK (DFFRX1M)
                                                          0.00       0.05 r
  library hold time                                       0.00       0.05
  data required time                                                 0.05
  --------------------------------------------------------------------------
  data required time                                                 0.05
  data arrival time                                                 -0.45
  --------------------------------------------------------------------------
  slack (MET)                                                        0.41


  Startpoint: u_CXS_TOP/u_CXS_TX_TOP/u_CXS_flit_transmitter/pending_data_reg_reg[19]
              (rising edge-triggered flip-flop clocked by CXS_CLK)
  Endpoint: u_CXS_TOP/u_CXS_TX_TOP/u_CXS_flit_transmitter/pending_data_reg_reg[19]
            (rising edge-triggered flip-flop clocked by CXS_CLK)
  Path Group: CXS_CLK
  Path Type: min

  Point                                                   Incr       Path
  --------------------------------------------------------------------------
  clock CXS_CLK (rise edge)                               0.00       0.00
  clock network delay (ideal)                             0.00       0.00
  u_CXS_TOP/u_CXS_TX_TOP/u_CXS_flit_transmitter/pending_data_reg_reg[19]/CK (DFFRX1M)
                                                          0.00       0.00 r
  u_CXS_TOP/u_CXS_TX_TOP/u_CXS_flit_transmitter/pending_data_reg_reg[19]/QN (DFFRX1M)
                                                          0.36       0.36 r
  u_CXS_TOP/u_CXS_TX_TOP/u_CXS_flit_transmitter/U132/Y (OAI22X1M)
                                                          0.09       0.45 f
  u_CXS_TOP/u_CXS_TX_TOP/u_CXS_flit_transmitter/pending_data_reg_reg[19]/D (DFFRX1M)
                                                          0.00       0.45 f
  data arrival time                                                  0.45

  clock CXS_CLK (rise edge)                               0.00       0.00
  clock network delay (ideal)                             0.00       0.00
  clock uncertainty                                       0.05       0.05
  u_CXS_TOP/u_CXS_TX_TOP/u_CXS_flit_transmitter/pending_data_reg_reg[19]/CK (DFFRX1M)
                                                          0.00       0.05 r
  library hold time                                       0.00       0.05
  data required time                                                 0.05
  --------------------------------------------------------------------------
  data required time                                                 0.05
  data arrival time                                                 -0.45
  --------------------------------------------------------------------------
  slack (MET)                                                        0.41


  Startpoint: u_CXS_TOP/u_CXS_TX_TOP/u_CXS_flit_transmitter/pending_data_reg_reg[18]
              (rising edge-triggered flip-flop clocked by CXS_CLK)
  Endpoint: u_CXS_TOP/u_CXS_TX_TOP/u_CXS_flit_transmitter/pending_data_reg_reg[18]
            (rising edge-triggered flip-flop clocked by CXS_CLK)
  Path Group: CXS_CLK
  Path Type: min

  Point                                                   Incr       Path
  --------------------------------------------------------------------------
  clock CXS_CLK (rise edge)                               0.00       0.00
  clock network delay (ideal)                             0.00       0.00
  u_CXS_TOP/u_CXS_TX_TOP/u_CXS_flit_transmitter/pending_data_reg_reg[18]/CK (DFFRX1M)
                                                          0.00       0.00 r
  u_CXS_TOP/u_CXS_TX_TOP/u_CXS_flit_transmitter/pending_data_reg_reg[18]/QN (DFFRX1M)
                                                          0.36       0.36 r
  u_CXS_TOP/u_CXS_TX_TOP/u_CXS_flit_transmitter/U131/Y (OAI22X1M)
                                                          0.09       0.45 f
  u_CXS_TOP/u_CXS_TX_TOP/u_CXS_flit_transmitter/pending_data_reg_reg[18]/D (DFFRX1M)
                                                          0.00       0.45 f
  data arrival time                                                  0.45

  clock CXS_CLK (rise edge)                               0.00       0.00
  clock network delay (ideal)                             0.00       0.00
  clock uncertainty                                       0.05       0.05
  u_CXS_TOP/u_CXS_TX_TOP/u_CXS_flit_transmitter/pending_data_reg_reg[18]/CK (DFFRX1M)
                                                          0.00       0.05 r
  library hold time                                       0.00       0.05
  data required time                                                 0.05
  --------------------------------------------------------------------------
  data required time                                                 0.05
  data arrival time                                                 -0.45
  --------------------------------------------------------------------------
  slack (MET)                                                        0.41


  Startpoint: u_CXS_TOP/u_CXS_TX_TOP/u_CXS_flit_transmitter/pending_data_reg_reg[17]
              (rising edge-triggered flip-flop clocked by CXS_CLK)
  Endpoint: u_CXS_TOP/u_CXS_TX_TOP/u_CXS_flit_transmitter/pending_data_reg_reg[17]
            (rising edge-triggered flip-flop clocked by CXS_CLK)
  Path Group: CXS_CLK
  Path Type: min

  Point                                                   Incr       Path
  --------------------------------------------------------------------------
  clock CXS_CLK (rise edge)                               0.00       0.00
  clock network delay (ideal)                             0.00       0.00
  u_CXS_TOP/u_CXS_TX_TOP/u_CXS_flit_transmitter/pending_data_reg_reg[17]/CK (DFFRX1M)
                                                          0.00       0.00 r
  u_CXS_TOP/u_CXS_TX_TOP/u_CXS_flit_transmitter/pending_data_reg_reg[17]/QN (DFFRX1M)
                                                          0.36       0.36 r
  u_CXS_TOP/u_CXS_TX_TOP/u_CXS_flit_transmitter/U130/Y (OAI22X1M)
                                                          0.09       0.45 f
  u_CXS_TOP/u_CXS_TX_TOP/u_CXS_flit_transmitter/pending_data_reg_reg[17]/D (DFFRX1M)
                                                          0.00       0.45 f
  data arrival time                                                  0.45

  clock CXS_CLK (rise edge)                               0.00       0.00
  clock network delay (ideal)                             0.00       0.00
  clock uncertainty                                       0.05       0.05
  u_CXS_TOP/u_CXS_TX_TOP/u_CXS_flit_transmitter/pending_data_reg_reg[17]/CK (DFFRX1M)
                                                          0.00       0.05 r
  library hold time                                       0.00       0.05
  data required time                                                 0.05
  --------------------------------------------------------------------------
  data required time                                                 0.05
  data arrival time                                                 -0.45
  --------------------------------------------------------------------------
  slack (MET)                                                        0.41


  Startpoint: u_CXS_TOP/u_CXS_TX_TOP/u_CXS_flit_transmitter/pending_data_reg_reg[16]
              (rising edge-triggered flip-flop clocked by CXS_CLK)
  Endpoint: u_CXS_TOP/u_CXS_TX_TOP/u_CXS_flit_transmitter/pending_data_reg_reg[16]
            (rising edge-triggered flip-flop clocked by CXS_CLK)
  Path Group: CXS_CLK
  Path Type: min

  Point                                                   Incr       Path
  --------------------------------------------------------------------------
  clock CXS_CLK (rise edge)                               0.00       0.00
  clock network delay (ideal)                             0.00       0.00
  u_CXS_TOP/u_CXS_TX_TOP/u_CXS_flit_transmitter/pending_data_reg_reg[16]/CK (DFFRX1M)
                                                          0.00       0.00 r
  u_CXS_TOP/u_CXS_TX_TOP/u_CXS_flit_transmitter/pending_data_reg_reg[16]/QN (DFFRX1M)
                                                          0.36       0.36 r
  u_CXS_TOP/u_CXS_TX_TOP/u_CXS_flit_transmitter/U129/Y (OAI22X1M)
                                                          0.09       0.45 f
  u_CXS_TOP/u_CXS_TX_TOP/u_CXS_flit_transmitter/pending_data_reg_reg[16]/D (DFFRX1M)
                                                          0.00       0.45 f
  data arrival time                                                  0.45

  clock CXS_CLK (rise edge)                               0.00       0.00
  clock network delay (ideal)                             0.00       0.00
  clock uncertainty                                       0.05       0.05
  u_CXS_TOP/u_CXS_TX_TOP/u_CXS_flit_transmitter/pending_data_reg_reg[16]/CK (DFFRX1M)
                                                          0.00       0.05 r
  library hold time                                       0.00       0.05
  data required time                                                 0.05
  --------------------------------------------------------------------------
  data required time                                                 0.05
  data arrival time                                                 -0.45
  --------------------------------------------------------------------------
  slack (MET)                                                        0.41


  Startpoint: u_CXS_TOP/u_CXS_TX_TOP/u_CXS_flit_transmitter/pending_data_reg_reg[15]
              (rising edge-triggered flip-flop clocked by CXS_CLK)
  Endpoint: u_CXS_TOP/u_CXS_TX_TOP/u_CXS_flit_transmitter/pending_data_reg_reg[15]
            (rising edge-triggered flip-flop clocked by CXS_CLK)
  Path Group: CXS_CLK
  Path Type: min

  Point                                                   Incr       Path
  --------------------------------------------------------------------------
  clock CXS_CLK (rise edge)                               0.00       0.00
  clock network delay (ideal)                             0.00       0.00
  u_CXS_TOP/u_CXS_TX_TOP/u_CXS_flit_transmitter/pending_data_reg_reg[15]/CK (DFFRX1M)
                                                          0.00       0.00 r
  u_CXS_TOP/u_CXS_TX_TOP/u_CXS_flit_transmitter/pending_data_reg_reg[15]/QN (DFFRX1M)
                                                          0.36       0.36 r
  u_CXS_TOP/u_CXS_TX_TOP/u_CXS_flit_transmitter/U128/Y (OAI22X1M)
                                                          0.09       0.45 f
  u_CXS_TOP/u_CXS_TX_TOP/u_CXS_flit_transmitter/pending_data_reg_reg[15]/D (DFFRX1M)
                                                          0.00       0.45 f
  data arrival time                                                  0.45

  clock CXS_CLK (rise edge)                               0.00       0.00
  clock network delay (ideal)                             0.00       0.00
  clock uncertainty                                       0.05       0.05
  u_CXS_TOP/u_CXS_TX_TOP/u_CXS_flit_transmitter/pending_data_reg_reg[15]/CK (DFFRX1M)
                                                          0.00       0.05 r
  library hold time                                       0.00       0.05
  data required time                                                 0.05
  --------------------------------------------------------------------------
  data required time                                                 0.05
  data arrival time                                                 -0.45
  --------------------------------------------------------------------------
  slack (MET)                                                        0.41


  Startpoint: u_CXS_TOP/u_CXS_TX_TOP/u_CXS_flit_transmitter/pending_data_reg_reg[14]
              (rising edge-triggered flip-flop clocked by CXS_CLK)
  Endpoint: u_CXS_TOP/u_CXS_TX_TOP/u_CXS_flit_transmitter/pending_data_reg_reg[14]
            (rising edge-triggered flip-flop clocked by CXS_CLK)
  Path Group: CXS_CLK
  Path Type: min

  Point                                                   Incr       Path
  --------------------------------------------------------------------------
  clock CXS_CLK (rise edge)                               0.00       0.00
  clock network delay (ideal)                             0.00       0.00
  u_CXS_TOP/u_CXS_TX_TOP/u_CXS_flit_transmitter/pending_data_reg_reg[14]/CK (DFFRX1M)
                                                          0.00       0.00 r
  u_CXS_TOP/u_CXS_TX_TOP/u_CXS_flit_transmitter/pending_data_reg_reg[14]/QN (DFFRX1M)
                                                          0.36       0.36 r
  u_CXS_TOP/u_CXS_TX_TOP/u_CXS_flit_transmitter/U127/Y (OAI22X1M)
                                                          0.09       0.45 f
  u_CXS_TOP/u_CXS_TX_TOP/u_CXS_flit_transmitter/pending_data_reg_reg[14]/D (DFFRX1M)
                                                          0.00       0.45 f
  data arrival time                                                  0.45

  clock CXS_CLK (rise edge)                               0.00       0.00
  clock network delay (ideal)                             0.00       0.00
  clock uncertainty                                       0.05       0.05
  u_CXS_TOP/u_CXS_TX_TOP/u_CXS_flit_transmitter/pending_data_reg_reg[14]/CK (DFFRX1M)
                                                          0.00       0.05 r
  library hold time                                       0.00       0.05
  data required time                                                 0.05
  --------------------------------------------------------------------------
  data required time                                                 0.05
  data arrival time                                                 -0.45
  --------------------------------------------------------------------------
  slack (MET)                                                        0.41


  Startpoint: u_CXS_TOP/u_CXS_TX_TOP/u_CXS_flit_transmitter/pending_data_reg_reg[13]
              (rising edge-triggered flip-flop clocked by CXS_CLK)
  Endpoint: u_CXS_TOP/u_CXS_TX_TOP/u_CXS_flit_transmitter/pending_data_reg_reg[13]
            (rising edge-triggered flip-flop clocked by CXS_CLK)
  Path Group: CXS_CLK
  Path Type: min

  Point                                                   Incr       Path
  --------------------------------------------------------------------------
  clock CXS_CLK (rise edge)                               0.00       0.00
  clock network delay (ideal)                             0.00       0.00
  u_CXS_TOP/u_CXS_TX_TOP/u_CXS_flit_transmitter/pending_data_reg_reg[13]/CK (DFFRX1M)
                                                          0.00       0.00 r
  u_CXS_TOP/u_CXS_TX_TOP/u_CXS_flit_transmitter/pending_data_reg_reg[13]/QN (DFFRX1M)
                                                          0.36       0.36 r
  u_CXS_TOP/u_CXS_TX_TOP/u_CXS_flit_transmitter/U126/Y (OAI22X1M)
                                                          0.09       0.45 f
  u_CXS_TOP/u_CXS_TX_TOP/u_CXS_flit_transmitter/pending_data_reg_reg[13]/D (DFFRX1M)
                                                          0.00       0.45 f
  data arrival time                                                  0.45

  clock CXS_CLK (rise edge)                               0.00       0.00
  clock network delay (ideal)                             0.00       0.00
  clock uncertainty                                       0.05       0.05
  u_CXS_TOP/u_CXS_TX_TOP/u_CXS_flit_transmitter/pending_data_reg_reg[13]/CK (DFFRX1M)
                                                          0.00       0.05 r
  library hold time                                       0.00       0.05
  data required time                                                 0.05
  --------------------------------------------------------------------------
  data required time                                                 0.05
  data arrival time                                                 -0.45
  --------------------------------------------------------------------------
  slack (MET)                                                        0.41


  Startpoint: u_CXS_TOP/u_CXS_TX_TOP/u_CXS_flit_transmitter/pending_data_reg_reg[12]
              (rising edge-triggered flip-flop clocked by CXS_CLK)
  Endpoint: u_CXS_TOP/u_CXS_TX_TOP/u_CXS_flit_transmitter/pending_data_reg_reg[12]
            (rising edge-triggered flip-flop clocked by CXS_CLK)
  Path Group: CXS_CLK
  Path Type: min

  Point                                                   Incr       Path
  --------------------------------------------------------------------------
  clock CXS_CLK (rise edge)                               0.00       0.00
  clock network delay (ideal)                             0.00       0.00
  u_CXS_TOP/u_CXS_TX_TOP/u_CXS_flit_transmitter/pending_data_reg_reg[12]/CK (DFFRX1M)
                                                          0.00       0.00 r
  u_CXS_TOP/u_CXS_TX_TOP/u_CXS_flit_transmitter/pending_data_reg_reg[12]/QN (DFFRX1M)
                                                          0.36       0.36 r
  u_CXS_TOP/u_CXS_TX_TOP/u_CXS_flit_transmitter/U125/Y (OAI22X1M)
                                                          0.09       0.45 f
  u_CXS_TOP/u_CXS_TX_TOP/u_CXS_flit_transmitter/pending_data_reg_reg[12]/D (DFFRX1M)
                                                          0.00       0.45 f
  data arrival time                                                  0.45

  clock CXS_CLK (rise edge)                               0.00       0.00
  clock network delay (ideal)                             0.00       0.00
  clock uncertainty                                       0.05       0.05
  u_CXS_TOP/u_CXS_TX_TOP/u_CXS_flit_transmitter/pending_data_reg_reg[12]/CK (DFFRX1M)
                                                          0.00       0.05 r
  library hold time                                       0.00       0.05
  data required time                                                 0.05
  --------------------------------------------------------------------------
  data required time                                                 0.05
  data arrival time                                                 -0.45
  --------------------------------------------------------------------------
  slack (MET)                                                        0.41


  Startpoint: u_CXS_TOP/u_CXS_TX_TOP/u_CXS_flit_transmitter/pending_data_reg_reg[11]
              (rising edge-triggered flip-flop clocked by CXS_CLK)
  Endpoint: u_CXS_TOP/u_CXS_TX_TOP/u_CXS_flit_transmitter/pending_data_reg_reg[11]
            (rising edge-triggered flip-flop clocked by CXS_CLK)
  Path Group: CXS_CLK
  Path Type: min

  Point                                                   Incr       Path
  --------------------------------------------------------------------------
  clock CXS_CLK (rise edge)                               0.00       0.00
  clock network delay (ideal)                             0.00       0.00
  u_CXS_TOP/u_CXS_TX_TOP/u_CXS_flit_transmitter/pending_data_reg_reg[11]/CK (DFFRX1M)
                                                          0.00       0.00 r
  u_CXS_TOP/u_CXS_TX_TOP/u_CXS_flit_transmitter/pending_data_reg_reg[11]/QN (DFFRX1M)
                                                          0.36       0.36 r
  u_CXS_TOP/u_CXS_TX_TOP/u_CXS_flit_transmitter/U124/Y (OAI22X1M)
                                                          0.09       0.45 f
  u_CXS_TOP/u_CXS_TX_TOP/u_CXS_flit_transmitter/pending_data_reg_reg[11]/D (DFFRX1M)
                                                          0.00       0.45 f
  data arrival time                                                  0.45

  clock CXS_CLK (rise edge)                               0.00       0.00
  clock network delay (ideal)                             0.00       0.00
  clock uncertainty                                       0.05       0.05
  u_CXS_TOP/u_CXS_TX_TOP/u_CXS_flit_transmitter/pending_data_reg_reg[11]/CK (DFFRX1M)
                                                          0.00       0.05 r
  library hold time                                       0.00       0.05
  data required time                                                 0.05
  --------------------------------------------------------------------------
  data required time                                                 0.05
  data arrival time                                                 -0.45
  --------------------------------------------------------------------------
  slack (MET)                                                        0.41


  Startpoint: u_CXS_TOP/u_CXS_TX_TOP/u_CXS_flit_transmitter/pending_data_reg_reg[10]
              (rising edge-triggered flip-flop clocked by CXS_CLK)
  Endpoint: u_CXS_TOP/u_CXS_TX_TOP/u_CXS_flit_transmitter/pending_data_reg_reg[10]
            (rising edge-triggered flip-flop clocked by CXS_CLK)
  Path Group: CXS_CLK
  Path Type: min

  Point                                                   Incr       Path
  --------------------------------------------------------------------------
  clock CXS_CLK (rise edge)                               0.00       0.00
  clock network delay (ideal)                             0.00       0.00
  u_CXS_TOP/u_CXS_TX_TOP/u_CXS_flit_transmitter/pending_data_reg_reg[10]/CK (DFFRX1M)
                                                          0.00       0.00 r
  u_CXS_TOP/u_CXS_TX_TOP/u_CXS_flit_transmitter/pending_data_reg_reg[10]/QN (DFFRX1M)
                                                          0.36       0.36 r
  u_CXS_TOP/u_CXS_TX_TOP/u_CXS_flit_transmitter/U123/Y (OAI22X1M)
                                                          0.09       0.45 f
  u_CXS_TOP/u_CXS_TX_TOP/u_CXS_flit_transmitter/pending_data_reg_reg[10]/D (DFFRX1M)
                                                          0.00       0.45 f
  data arrival time                                                  0.45

  clock CXS_CLK (rise edge)                               0.00       0.00
  clock network delay (ideal)                             0.00       0.00
  clock uncertainty                                       0.05       0.05
  u_CXS_TOP/u_CXS_TX_TOP/u_CXS_flit_transmitter/pending_data_reg_reg[10]/CK (DFFRX1M)
                                                          0.00       0.05 r
  library hold time                                       0.00       0.05
  data required time                                                 0.05
  --------------------------------------------------------------------------
  data required time                                                 0.05
  data arrival time                                                 -0.45
  --------------------------------------------------------------------------
  slack (MET)                                                        0.41


  Startpoint: u_CXS_TOP/u_CXS_TX_TOP/u_CXS_flit_transmitter/pending_data_reg_reg[9]
              (rising edge-triggered flip-flop clocked by CXS_CLK)
  Endpoint: u_CXS_TOP/u_CXS_TX_TOP/u_CXS_flit_transmitter/pending_data_reg_reg[9]
            (rising edge-triggered flip-flop clocked by CXS_CLK)
  Path Group: CXS_CLK
  Path Type: min

  Point                                                   Incr       Path
  --------------------------------------------------------------------------
  clock CXS_CLK (rise edge)                               0.00       0.00
  clock network delay (ideal)                             0.00       0.00
  u_CXS_TOP/u_CXS_TX_TOP/u_CXS_flit_transmitter/pending_data_reg_reg[9]/CK (DFFRX1M)
                                                          0.00       0.00 r
  u_CXS_TOP/u_CXS_TX_TOP/u_CXS_flit_transmitter/pending_data_reg_reg[9]/QN (DFFRX1M)
                                                          0.36       0.36 r
  u_CXS_TOP/u_CXS_TX_TOP/u_CXS_flit_transmitter/U122/Y (OAI22X1M)
                                                          0.09       0.45 f
  u_CXS_TOP/u_CXS_TX_TOP/u_CXS_flit_transmitter/pending_data_reg_reg[9]/D (DFFRX1M)
                                                          0.00       0.45 f
  data arrival time                                                  0.45

  clock CXS_CLK (rise edge)                               0.00       0.00
  clock network delay (ideal)                             0.00       0.00
  clock uncertainty                                       0.05       0.05
  u_CXS_TOP/u_CXS_TX_TOP/u_CXS_flit_transmitter/pending_data_reg_reg[9]/CK (DFFRX1M)
                                                          0.00       0.05 r
  library hold time                                       0.00       0.05
  data required time                                                 0.05
  --------------------------------------------------------------------------
  data required time                                                 0.05
  data arrival time                                                 -0.45
  --------------------------------------------------------------------------
  slack (MET)                                                        0.41


  Startpoint: u_CXS_TOP/u_CXS_TX_TOP/u_CXS_flit_transmitter/pending_data_reg_reg[8]
              (rising edge-triggered flip-flop clocked by CXS_CLK)
  Endpoint: u_CXS_TOP/u_CXS_TX_TOP/u_CXS_flit_transmitter/pending_data_reg_reg[8]
            (rising edge-triggered flip-flop clocked by CXS_CLK)
  Path Group: CXS_CLK
  Path Type: min

  Point                                                   Incr       Path
  --------------------------------------------------------------------------
  clock CXS_CLK (rise edge)                               0.00       0.00
  clock network delay (ideal)                             0.00       0.00
  u_CXS_TOP/u_CXS_TX_TOP/u_CXS_flit_transmitter/pending_data_reg_reg[8]/CK (DFFRX1M)
                                                          0.00       0.00 r
  u_CXS_TOP/u_CXS_TX_TOP/u_CXS_flit_transmitter/pending_data_reg_reg[8]/QN (DFFRX1M)
                                                          0.36       0.36 r
  u_CXS_TOP/u_CXS_TX_TOP/u_CXS_flit_transmitter/U121/Y (OAI22X1M)
                                                          0.09       0.45 f
  u_CXS_TOP/u_CXS_TX_TOP/u_CXS_flit_transmitter/pending_data_reg_reg[8]/D (DFFRX1M)
                                                          0.00       0.45 f
  data arrival time                                                  0.45

  clock CXS_CLK (rise edge)                               0.00       0.00
  clock network delay (ideal)                             0.00       0.00
  clock uncertainty                                       0.05       0.05
  u_CXS_TOP/u_CXS_TX_TOP/u_CXS_flit_transmitter/pending_data_reg_reg[8]/CK (DFFRX1M)
                                                          0.00       0.05 r
  library hold time                                       0.00       0.05
  data required time                                                 0.05
  --------------------------------------------------------------------------
  data required time                                                 0.05
  data arrival time                                                 -0.45
  --------------------------------------------------------------------------
  slack (MET)                                                        0.41


  Startpoint: u_CXS_TOP/u_CXS_TX_TOP/u_CXS_flit_transmitter/pending_data_reg_reg[7]
              (rising edge-triggered flip-flop clocked by CXS_CLK)
  Endpoint: u_CXS_TOP/u_CXS_TX_TOP/u_CXS_flit_transmitter/pending_data_reg_reg[7]
            (rising edge-triggered flip-flop clocked by CXS_CLK)
  Path Group: CXS_CLK
  Path Type: min

  Point                                                   Incr       Path
  --------------------------------------------------------------------------
  clock CXS_CLK (rise edge)                               0.00       0.00
  clock network delay (ideal)                             0.00       0.00
  u_CXS_TOP/u_CXS_TX_TOP/u_CXS_flit_transmitter/pending_data_reg_reg[7]/CK (DFFRX1M)
                                                          0.00       0.00 r
  u_CXS_TOP/u_CXS_TX_TOP/u_CXS_flit_transmitter/pending_data_reg_reg[7]/QN (DFFRX1M)
                                                          0.36       0.36 r
  u_CXS_TOP/u_CXS_TX_TOP/u_CXS_flit_transmitter/U120/Y (OAI22X1M)
                                                          0.09       0.45 f
  u_CXS_TOP/u_CXS_TX_TOP/u_CXS_flit_transmitter/pending_data_reg_reg[7]/D (DFFRX1M)
                                                          0.00       0.45 f
  data arrival time                                                  0.45

  clock CXS_CLK (rise edge)                               0.00       0.00
  clock network delay (ideal)                             0.00       0.00
  clock uncertainty                                       0.05       0.05
  u_CXS_TOP/u_CXS_TX_TOP/u_CXS_flit_transmitter/pending_data_reg_reg[7]/CK (DFFRX1M)
                                                          0.00       0.05 r
  library hold time                                       0.00       0.05
  data required time                                                 0.05
  --------------------------------------------------------------------------
  data required time                                                 0.05
  data arrival time                                                 -0.45
  --------------------------------------------------------------------------
  slack (MET)                                                        0.41


  Startpoint: u_CXS_TOP/u_CXS_TX_TOP/u_CXS_flit_transmitter/pending_data_reg_reg[6]
              (rising edge-triggered flip-flop clocked by CXS_CLK)
  Endpoint: u_CXS_TOP/u_CXS_TX_TOP/u_CXS_flit_transmitter/pending_data_reg_reg[6]
            (rising edge-triggered flip-flop clocked by CXS_CLK)
  Path Group: CXS_CLK
  Path Type: min

  Point                                                   Incr       Path
  --------------------------------------------------------------------------
  clock CXS_CLK (rise edge)                               0.00       0.00
  clock network delay (ideal)                             0.00       0.00
  u_CXS_TOP/u_CXS_TX_TOP/u_CXS_flit_transmitter/pending_data_reg_reg[6]/CK (DFFRX1M)
                                                          0.00       0.00 r
  u_CXS_TOP/u_CXS_TX_TOP/u_CXS_flit_transmitter/pending_data_reg_reg[6]/QN (DFFRX1M)
                                                          0.36       0.36 r
  u_CXS_TOP/u_CXS_TX_TOP/u_CXS_flit_transmitter/U119/Y (OAI22X1M)
                                                          0.09       0.45 f
  u_CXS_TOP/u_CXS_TX_TOP/u_CXS_flit_transmitter/pending_data_reg_reg[6]/D (DFFRX1M)
                                                          0.00       0.45 f
  data arrival time                                                  0.45

  clock CXS_CLK (rise edge)                               0.00       0.00
  clock network delay (ideal)                             0.00       0.00
  clock uncertainty                                       0.05       0.05
  u_CXS_TOP/u_CXS_TX_TOP/u_CXS_flit_transmitter/pending_data_reg_reg[6]/CK (DFFRX1M)
                                                          0.00       0.05 r
  library hold time                                       0.00       0.05
  data required time                                                 0.05
  --------------------------------------------------------------------------
  data required time                                                 0.05
  data arrival time                                                 -0.45
  --------------------------------------------------------------------------
  slack (MET)                                                        0.41


  Startpoint: u_CXS_TOP/u_CXS_TX_TOP/u_CXS_flit_transmitter/pending_data_reg_reg[5]
              (rising edge-triggered flip-flop clocked by CXS_CLK)
  Endpoint: u_CXS_TOP/u_CXS_TX_TOP/u_CXS_flit_transmitter/pending_data_reg_reg[5]
            (rising edge-triggered flip-flop clocked by CXS_CLK)
  Path Group: CXS_CLK
  Path Type: min

  Point                                                   Incr       Path
  --------------------------------------------------------------------------
  clock CXS_CLK (rise edge)                               0.00       0.00
  clock network delay (ideal)                             0.00       0.00
  u_CXS_TOP/u_CXS_TX_TOP/u_CXS_flit_transmitter/pending_data_reg_reg[5]/CK (DFFRX1M)
                                                          0.00       0.00 r
  u_CXS_TOP/u_CXS_TX_TOP/u_CXS_flit_transmitter/pending_data_reg_reg[5]/QN (DFFRX1M)
                                                          0.36       0.36 r
  u_CXS_TOP/u_CXS_TX_TOP/u_CXS_flit_transmitter/U118/Y (OAI22X1M)
                                                          0.09       0.45 f
  u_CXS_TOP/u_CXS_TX_TOP/u_CXS_flit_transmitter/pending_data_reg_reg[5]/D (DFFRX1M)
                                                          0.00       0.45 f
  data arrival time                                                  0.45

  clock CXS_CLK (rise edge)                               0.00       0.00
  clock network delay (ideal)                             0.00       0.00
  clock uncertainty                                       0.05       0.05
  u_CXS_TOP/u_CXS_TX_TOP/u_CXS_flit_transmitter/pending_data_reg_reg[5]/CK (DFFRX1M)
                                                          0.00       0.05 r
  library hold time                                       0.00       0.05
  data required time                                                 0.05
  --------------------------------------------------------------------------
  data required time                                                 0.05
  data arrival time                                                 -0.45
  --------------------------------------------------------------------------
  slack (MET)                                                        0.41


  Startpoint: u_CXS_TOP/u_CXS_TX_TOP/u_CXS_flit_transmitter/pending_data_reg_reg[4]
              (rising edge-triggered flip-flop clocked by CXS_CLK)
  Endpoint: u_CXS_TOP/u_CXS_TX_TOP/u_CXS_flit_transmitter/pending_data_reg_reg[4]
            (rising edge-triggered flip-flop clocked by CXS_CLK)
  Path Group: CXS_CLK
  Path Type: min

  Point                                                   Incr       Path
  --------------------------------------------------------------------------
  clock CXS_CLK (rise edge)                               0.00       0.00
  clock network delay (ideal)                             0.00       0.00
  u_CXS_TOP/u_CXS_TX_TOP/u_CXS_flit_transmitter/pending_data_reg_reg[4]/CK (DFFRX1M)
                                                          0.00       0.00 r
  u_CXS_TOP/u_CXS_TX_TOP/u_CXS_flit_transmitter/pending_data_reg_reg[4]/QN (DFFRX1M)
                                                          0.36       0.36 r
  u_CXS_TOP/u_CXS_TX_TOP/u_CXS_flit_transmitter/U117/Y (OAI22X1M)
                                                          0.09       0.45 f
  u_CXS_TOP/u_CXS_TX_TOP/u_CXS_flit_transmitter/pending_data_reg_reg[4]/D (DFFRX1M)
                                                          0.00       0.45 f
  data arrival time                                                  0.45

  clock CXS_CLK (rise edge)                               0.00       0.00
  clock network delay (ideal)                             0.00       0.00
  clock uncertainty                                       0.05       0.05
  u_CXS_TOP/u_CXS_TX_TOP/u_CXS_flit_transmitter/pending_data_reg_reg[4]/CK (DFFRX1M)
                                                          0.00       0.05 r
  library hold time                                       0.00       0.05
  data required time                                                 0.05
  --------------------------------------------------------------------------
  data required time                                                 0.05
  data arrival time                                                 -0.45
  --------------------------------------------------------------------------
  slack (MET)                                                        0.41


  Startpoint: u_CXS_TOP/u_CXS_TX_TOP/u_CXS_flit_transmitter/pending_start_reg_reg[1]
              (rising edge-triggered flip-flop clocked by CXS_CLK)
  Endpoint: u_CXS_TOP/u_CXS_TX_TOP/u_CXS_flit_transmitter/pending_start_reg_reg[1]
            (rising edge-triggered flip-flop clocked by CXS_CLK)
  Path Group: CXS_CLK
  Path Type: min

  Point                                                   Incr       Path
  --------------------------------------------------------------------------
  clock CXS_CLK (rise edge)                               0.00       0.00
  clock network delay (ideal)                             0.00       0.00
  u_CXS_TOP/u_CXS_TX_TOP/u_CXS_flit_transmitter/pending_start_reg_reg[1]/CK (DFFRX1M)
                                                          0.00       0.00 r
  u_CXS_TOP/u_CXS_TX_TOP/u_CXS_flit_transmitter/pending_start_reg_reg[1]/QN (DFFRX1M)
                                                          0.36       0.36 r
  u_CXS_TOP/u_CXS_TX_TOP/u_CXS_flit_transmitter/U112/Y (OAI22X1M)
                                                          0.09       0.45 f
  u_CXS_TOP/u_CXS_TX_TOP/u_CXS_flit_transmitter/pending_start_reg_reg[1]/D (DFFRX1M)
                                                          0.00       0.45 f
  data arrival time                                                  0.45

  clock CXS_CLK (rise edge)                               0.00       0.00
  clock network delay (ideal)                             0.00       0.00
  clock uncertainty                                       0.05       0.05
  u_CXS_TOP/u_CXS_TX_TOP/u_CXS_flit_transmitter/pending_start_reg_reg[1]/CK (DFFRX1M)
                                                          0.00       0.05 r
  library hold time                                       0.00       0.05
  data required time                                                 0.05
  --------------------------------------------------------------------------
  data required time                                                 0.05
  data arrival time                                                 -0.45
  --------------------------------------------------------------------------
  slack (MET)                                                        0.41


  Startpoint: u_CXS_TOP/u_CXS_TX_TOP/u_CXS_flit_transmitter/pending_end_reg_reg[1]
              (rising edge-triggered flip-flop clocked by CXS_CLK)
  Endpoint: u_CXS_TOP/u_CXS_TX_TOP/u_CXS_flit_transmitter/pending_end_reg_reg[1]
            (rising edge-triggered flip-flop clocked by CXS_CLK)
  Path Group: CXS_CLK
  Path Type: min

  Point                                                   Incr       Path
  --------------------------------------------------------------------------
  clock CXS_CLK (rise edge)                               0.00       0.00
  clock network delay (ideal)                             0.00       0.00
  u_CXS_TOP/u_CXS_TX_TOP/u_CXS_flit_transmitter/pending_end_reg_reg[1]/CK (DFFRX1M)
                                                          0.00       0.00 r
  u_CXS_TOP/u_CXS_TX_TOP/u_CXS_flit_transmitter/pending_end_reg_reg[1]/QN (DFFRX1M)
                                                          0.36       0.36 r
  u_CXS_TOP/u_CXS_TX_TOP/u_CXS_flit_transmitter/U147/Y (OAI22X1M)
                                                          0.09       0.45 f
  u_CXS_TOP/u_CXS_TX_TOP/u_CXS_flit_transmitter/pending_end_reg_reg[1]/D (DFFRX1M)
                                                          0.00       0.45 f
  data arrival time                                                  0.45

  clock CXS_CLK (rise edge)                               0.00       0.00
  clock network delay (ideal)                             0.00       0.00
  clock uncertainty                                       0.05       0.05
  u_CXS_TOP/u_CXS_TX_TOP/u_CXS_flit_transmitter/pending_end_reg_reg[1]/CK (DFFRX1M)
                                                          0.00       0.05 r
  library hold time                                       0.00       0.05
  data required time                                                 0.05
  --------------------------------------------------------------------------
  data required time                                                 0.05
  data arrival time                                                 -0.45
  --------------------------------------------------------------------------
  slack (MET)                                                        0.41


  Startpoint: u_RST_SYNCH_CXS/flip_synchronizer_reg[0]/CK
              (internal path startpoint clocked by CXS_CLK)
  Endpoint: u_RST_SYNCH_CXS/flip_synchronizer_reg[1]
            (rising edge-triggered flip-flop clocked by CXS_CLK)
  Path Group: CXS_CLK
  Path Type: min

  Point                                                   Incr       Path
  --------------------------------------------------------------------------
  clock CXS_CLK (rise edge)                               0.00       0.00
  clock network delay (ideal)                             0.00       0.00
  input external delay                                    0.00       0.00 r
  u_RST_SYNCH_CXS/flip_synchronizer_reg[0]/CK (DFFRQX2M)
                                                          0.00       0.00 r
  u_RST_SYNCH_CXS/flip_synchronizer_reg[0]/Q (DFFRQX2M)
                                                          0.47       0.47 f
  u_RST_SYNCH_CXS/flip_synchronizer_reg[1]/D (DFFRQX2M)
                                                          0.00       0.47 f
  data arrival time                                                  0.47

  clock CXS_CLK (rise edge)                               0.00       0.00
  clock network delay (ideal)                             0.00       0.00
  clock uncertainty                                       0.05       0.05
  u_RST_SYNCH_CXS/flip_synchronizer_reg[1]/CK (DFFRQX2M)
                                                          0.00       0.05 r
  library hold time                                      -0.01       0.04
  data required time                                                 0.04
  --------------------------------------------------------------------------
  data required time                                                 0.04
  data arrival time                                                 -0.47
  --------------------------------------------------------------------------
  slack (MET)                                                        0.43


  Startpoint: u_DATA_SYNC/bus_enable_FF_reg[0]
              (rising edge-triggered flip-flop clocked by CXS_CLK)
  Endpoint: u_DATA_SYNC/bus_enable_FF_reg[1]
            (rising edge-triggered flip-flop clocked by CXS_CLK)
  Path Group: CXS_CLK
  Path Type: min

  Point                                                   Incr       Path
  --------------------------------------------------------------------------
  clock CXS_CLK (rise edge)                               0.00       0.00
  clock network delay (ideal)                             0.00       0.00
  u_DATA_SYNC/bus_enable_FF_reg[0]/CK (DFFRQX2M)          0.00       0.00 r
  u_DATA_SYNC/bus_enable_FF_reg[0]/Q (DFFRQX2M)           0.47       0.47 f
  u_DATA_SYNC/bus_enable_FF_reg[1]/D (DFFRQX2M)           0.00       0.47 f
  data arrival time                                                  0.47

  clock CXS_CLK (rise edge)                               0.00       0.00
  clock network delay (ideal)                             0.00       0.00
  clock uncertainty                                       0.05       0.05
  u_DATA_SYNC/bus_enable_FF_reg[1]/CK (DFFRQX2M)          0.00       0.05 r
  library hold time                                      -0.01       0.04
  data required time                                                 0.04
  --------------------------------------------------------------------------
  data required time                                                 0.04
  data arrival time                                                 -0.47
  --------------------------------------------------------------------------
  slack (MET)                                                        0.43


  Startpoint: u_async_fifo/rd_ptr_gray_FF1_reg[4]
              (rising edge-triggered flip-flop clocked by CXS_CLK)
  Endpoint: u_async_fifo/rd_ptr_gray_FF2_reg[4]
            (rising edge-triggered flip-flop clocked by CXS_CLK)
  Path Group: CXS_CLK
  Path Type: min

  Point                                                   Incr       Path
  --------------------------------------------------------------------------
  clock CXS_CLK (rise edge)                               0.00       0.00
  clock network delay (ideal)                             0.00       0.00
  u_async_fifo/rd_ptr_gray_FF1_reg[4]/CK (DFFRQX2M)       0.00       0.00 r
  u_async_fifo/rd_ptr_gray_FF1_reg[4]/Q (DFFRQX2M)        0.47       0.47 f
  u_async_fifo/rd_ptr_gray_FF2_reg[4]/D (DFFRQX2M)        0.00       0.47 f
  data arrival time                                                  0.47

  clock CXS_CLK (rise edge)                               0.00       0.00
  clock network delay (ideal)                             0.00       0.00
  clock uncertainty                                       0.05       0.05
  u_async_fifo/rd_ptr_gray_FF2_reg[4]/CK (DFFRQX2M)       0.00       0.05 r
  library hold time                                      -0.01       0.04
  data required time                                                 0.04
  --------------------------------------------------------------------------
  data required time                                                 0.04
  data arrival time                                                 -0.47
  --------------------------------------------------------------------------
  slack (MET)                                                        0.43


  Startpoint: u_async_fifo/rd_ptr_gray_FF1_reg[2]
              (rising edge-triggered flip-flop clocked by CXS_CLK)
  Endpoint: u_async_fifo/rd_ptr_gray_FF2_reg[2]
            (rising edge-triggered flip-flop clocked by CXS_CLK)
  Path Group: CXS_CLK
  Path Type: min

  Point                                                   Incr       Path
  --------------------------------------------------------------------------
  clock CXS_CLK (rise edge)                               0.00       0.00
  clock network delay (ideal)                             0.00       0.00
  u_async_fifo/rd_ptr_gray_FF1_reg[2]/CK (DFFRQX2M)       0.00       0.00 r
  u_async_fifo/rd_ptr_gray_FF1_reg[2]/Q (DFFRQX2M)        0.47       0.47 f
  u_async_fifo/rd_ptr_gray_FF2_reg[2]/D (DFFRQX2M)        0.00       0.47 f
  data arrival time                                                  0.47

  clock CXS_CLK (rise edge)                               0.00       0.00
  clock network delay (ideal)                             0.00       0.00
  clock uncertainty                                       0.05       0.05
  u_async_fifo/rd_ptr_gray_FF2_reg[2]/CK (DFFRQX2M)       0.00       0.05 r
  library hold time                                      -0.01       0.04
  data required time                                                 0.04
  --------------------------------------------------------------------------
  data required time                                                 0.04
  data arrival time                                                 -0.47
  --------------------------------------------------------------------------
  slack (MET)                                                        0.43


  Startpoint: u_async_fifo/rd_ptr_gray_FF1_reg[3]
              (rising edge-triggered flip-flop clocked by CXS_CLK)
  Endpoint: u_async_fifo/rd_ptr_gray_FF2_reg[3]
            (rising edge-triggered flip-flop clocked by CXS_CLK)
  Path Group: CXS_CLK
  Path Type: min

  Point                                                   Incr       Path
  --------------------------------------------------------------------------
  clock CXS_CLK (rise edge)                               0.00       0.00
  clock network delay (ideal)                             0.00       0.00
  u_async_fifo/rd_ptr_gray_FF1_reg[3]/CK (DFFRQX2M)       0.00       0.00 r
  u_async_fifo/rd_ptr_gray_FF1_reg[3]/Q (DFFRQX2M)        0.47       0.47 f
  u_async_fifo/rd_ptr_gray_FF2_reg[3]/D (DFFRQX2M)        0.00       0.47 f
  data arrival time                                                  0.47

  clock CXS_CLK (rise edge)                               0.00       0.00
  clock network delay (ideal)                             0.00       0.00
  clock uncertainty                                       0.05       0.05
  u_async_fifo/rd_ptr_gray_FF2_reg[3]/CK (DFFRQX2M)       0.00       0.05 r
  library hold time                                      -0.01       0.04
  data required time                                                 0.04
  --------------------------------------------------------------------------
  data required time                                                 0.04
  data arrival time                                                 -0.47
  --------------------------------------------------------------------------
  slack (MET)                                                        0.43


  Startpoint: u_async_fifo/rd_ptr_gray_FF1_reg[1]
              (rising edge-triggered flip-flop clocked by CXS_CLK)
  Endpoint: u_async_fifo/rd_ptr_gray_FF2_reg[1]
            (rising edge-triggered flip-flop clocked by CXS_CLK)
  Path Group: CXS_CLK
  Path Type: min

  Point                                                   Incr       Path
  --------------------------------------------------------------------------
  clock CXS_CLK (rise edge)                               0.00       0.00
  clock network delay (ideal)                             0.00       0.00
  u_async_fifo/rd_ptr_gray_FF1_reg[1]/CK (DFFRQX2M)       0.00       0.00 r
  u_async_fifo/rd_ptr_gray_FF1_reg[1]/Q (DFFRQX2M)        0.47       0.47 f
  u_async_fifo/rd_ptr_gray_FF2_reg[1]/D (DFFRQX2M)        0.00       0.47 f
  data arrival time                                                  0.47

  clock CXS_CLK (rise edge)                               0.00       0.00
  clock network delay (ideal)                             0.00       0.00
  clock uncertainty                                       0.05       0.05
  u_async_fifo/rd_ptr_gray_FF2_reg[1]/CK (DFFRQX2M)       0.00       0.05 r
  library hold time                                      -0.01       0.04
  data required time                                                 0.04
  --------------------------------------------------------------------------
  data required time                                                 0.04
  data arrival time                                                 -0.47
  --------------------------------------------------------------------------
  slack (MET)                                                        0.43


  Startpoint: u_async_fifo/rd_ptr_gray_FF1_reg[0]
              (rising edge-triggered flip-flop clocked by CXS_CLK)
  Endpoint: u_async_fifo/rd_ptr_gray_FF2_reg[0]
            (rising edge-triggered flip-flop clocked by CXS_CLK)
  Path Group: CXS_CLK
  Path Type: min

  Point                                                   Incr       Path
  --------------------------------------------------------------------------
  clock CXS_CLK (rise edge)                               0.00       0.00
  clock network delay (ideal)                             0.00       0.00
  u_async_fifo/rd_ptr_gray_FF1_reg[0]/CK (DFFRQX2M)       0.00       0.00 r
  u_async_fifo/rd_ptr_gray_FF1_reg[0]/Q (DFFRQX2M)        0.47       0.47 f
  u_async_fifo/rd_ptr_gray_FF2_reg[0]/D (DFFRQX2M)        0.00       0.47 f
  data arrival time                                                  0.47

  clock CXS_CLK (rise edge)                               0.00       0.00
  clock network delay (ideal)                             0.00       0.00
  clock uncertainty                                       0.05       0.05
  u_async_fifo/rd_ptr_gray_FF2_reg[0]/CK (DFFRQX2M)       0.00       0.05 r
  library hold time                                      -0.01       0.04
  data required time                                                 0.04
  --------------------------------------------------------------------------
  data required time                                                 0.04
  data arrival time                                                 -0.47
  --------------------------------------------------------------------------
  slack (MET)                                                        0.43


  Startpoint: u_CXS_TOP/u_CXS_TX_TOP/u_CXS_Link_Control_TX/current_state_reg[1]
              (rising edge-triggered flip-flop clocked by CXS_CLK)
  Endpoint: u_CXS_TOP/u_CXS_TX_TOP/u_CXS_Link_Control_TX/current_state_reg[0]
            (rising edge-triggered flip-flop clocked by CXS_CLK)
  Path Group: CXS_CLK
  Path Type: min

  Point                                                   Incr       Path
  --------------------------------------------------------------------------
  clock CXS_CLK (rise edge)                               0.00       0.00
  clock network delay (ideal)                             0.00       0.00
  u_CXS_TOP/u_CXS_TX_TOP/u_CXS_Link_Control_TX/current_state_reg[1]/CK (DFFRQX2M)
                                                          0.00       0.00 r
  u_CXS_TOP/u_CXS_TX_TOP/u_CXS_Link_Control_TX/current_state_reg[1]/Q (DFFRQX2M)
                                                          0.42       0.42 r
  u_CXS_TOP/u_CXS_TX_TOP/u_CXS_Link_Control_TX/U6/Y (OAI21X2M)
                                                          0.07       0.49 f
  u_CXS_TOP/u_CXS_TX_TOP/u_CXS_Link_Control_TX/current_state_reg[0]/D (DFFRX1M)
                                                          0.00       0.49 f
  data arrival time                                                  0.49

  clock CXS_CLK (rise edge)                               0.00       0.00
  clock network delay (ideal)                             0.00       0.00
  clock uncertainty                                       0.05       0.05
  u_CXS_TOP/u_CXS_TX_TOP/u_CXS_Link_Control_TX/current_state_reg[0]/CK (DFFRX1M)
                                                          0.00       0.05 r
  library hold time                                       0.00       0.05
  data required time                                                 0.05
  --------------------------------------------------------------------------
  data required time                                                 0.05
  data arrival time                                                 -0.49
  --------------------------------------------------------------------------
  slack (MET)                                                        0.44


  Startpoint: u_CXS_TOP/u_CXS_RX_TOP/u_CXS_Link_Control/current_state_reg[1]
              (rising edge-triggered flip-flop clocked by CXS_CLK)
  Endpoint: u_CXS_TOP/u_CXS_RX_TOP/u_CXS_Link_Control/current_state_reg[0]
            (rising edge-triggered flip-flop clocked by CXS_CLK)
  Path Group: CXS_CLK
  Path Type: min

  Point                                                   Incr       Path
  --------------------------------------------------------------------------
  clock CXS_CLK (rise edge)                               0.00       0.00
  clock network delay (ideal)                             0.00       0.00
  u_CXS_TOP/u_CXS_RX_TOP/u_CXS_Link_Control/current_state_reg[1]/CK (DFFRQX2M)
                                                          0.00       0.00 r
  u_CXS_TOP/u_CXS_RX_TOP/u_CXS_Link_Control/current_state_reg[1]/Q (DFFRQX2M)
                                                          0.42       0.42 r
  u_CXS_TOP/u_CXS_RX_TOP/u_CXS_Link_Control/U6/Y (OAI21X2M)
                                                          0.07       0.49 f
  u_CXS_TOP/u_CXS_RX_TOP/u_CXS_Link_Control/current_state_reg[0]/D (DFFRQX2M)
                                                          0.00       0.49 f
  data arrival time                                                  0.49

  clock CXS_CLK (rise edge)                               0.00       0.00
  clock network delay (ideal)                             0.00       0.00
  clock uncertainty                                       0.05       0.05
  u_CXS_TOP/u_CXS_RX_TOP/u_CXS_Link_Control/current_state_reg[0]/CK (DFFRQX2M)
                                                          0.00       0.05 r
  library hold time                                       0.00       0.05
  data required time                                                 0.05
  --------------------------------------------------------------------------
  data required time                                                 0.05
  data arrival time                                                 -0.49
  --------------------------------------------------------------------------
  slack (MET)                                                        0.44


  Startpoint: u_DATA_SYNC/bus_enable_FF_reg[1]
              (rising edge-triggered flip-flop clocked by CXS_CLK)
  Endpoint: u_DATA_SYNC/generated_pulse_logic_reg
            (rising edge-triggered flip-flop clocked by CXS_CLK)
  Path Group: CXS_CLK
  Path Type: min

  Point                                                   Incr       Path
  --------------------------------------------------------------------------
  clock CXS_CLK (rise edge)                               0.00       0.00
  clock network delay (ideal)                             0.00       0.00
  u_DATA_SYNC/bus_enable_FF_reg[1]/CK (DFFRQX2M)          0.00       0.00 r
  u_DATA_SYNC/bus_enable_FF_reg[1]/Q (DFFRQX2M)           0.49       0.49 f
  u_DATA_SYNC/generated_pulse_logic_reg/D (DFFRQX2M)      0.00       0.49 f
  data arrival time                                                  0.49

  clock CXS_CLK (rise edge)                               0.00       0.00
  clock network delay (ideal)                             0.00       0.00
  clock uncertainty                                       0.05       0.05
  u_DATA_SYNC/generated_pulse_logic_reg/CK (DFFRQX2M)     0.00       0.05 r
  library hold time                                      -0.01       0.04
  data required time                                                 0.04
  --------------------------------------------------------------------------
  data required time                                                 0.04
  data arrival time                                                 -0.49
  --------------------------------------------------------------------------
  slack (MET)                                                        0.45


  Startpoint: u_async_fifo/rd_ptr_gray_FF2_reg[1]
              (rising edge-triggered flip-flop clocked by CXS_CLK)
  Endpoint: u_async_fifo/rd_ptr_gray_FF2_d_reg[1]
            (rising edge-triggered flip-flop clocked by CXS_CLK)
  Path Group: CXS_CLK
  Path Type: min

  Point                                                   Incr       Path
  --------------------------------------------------------------------------
  clock CXS_CLK (rise edge)                               0.00       0.00
  clock network delay (ideal)                             0.00       0.00
  u_async_fifo/rd_ptr_gray_FF2_reg[1]/CK (DFFRQX2M)       0.00       0.00 r
  u_async_fifo/rd_ptr_gray_FF2_reg[1]/Q (DFFRQX2M)        0.50       0.50 f
  u_async_fifo/rd_ptr_gray_FF2_d_reg[1]/D (DFFRQX2M)      0.00       0.50 f
  data arrival time                                                  0.50

  clock CXS_CLK (rise edge)                               0.00       0.00
  clock network delay (ideal)                             0.00       0.00
  clock uncertainty                                       0.05       0.05
  u_async_fifo/rd_ptr_gray_FF2_d_reg[1]/CK (DFFRQX2M)     0.00       0.05 r
  library hold time                                      -0.02       0.03
  data required time                                                 0.03
  --------------------------------------------------------------------------
  data required time                                                 0.03
  data arrival time                                                 -0.50
  --------------------------------------------------------------------------
  slack (MET)                                                        0.46


  Startpoint: u_CXS_TOP/u_CXS_TX_TOP/u_CXS_TX_Credit_Counter/credit_count_reg_reg[1]
              (rising edge-triggered flip-flop clocked by CXS_CLK)
  Endpoint: u_CXS_TOP/u_CXS_TX_TOP/u_CXS_TX_Credit_Counter/credit_count_reg_reg[1]
            (rising edge-triggered flip-flop clocked by CXS_CLK)
  Path Group: CXS_CLK
  Path Type: min

  Point                                                   Incr       Path
  --------------------------------------------------------------------------
  clock CXS_CLK (rise edge)                               0.00       0.00
  clock network delay (ideal)                             0.00       0.00
  u_CXS_TOP/u_CXS_TX_TOP/u_CXS_TX_Credit_Counter/credit_count_reg_reg[1]/CK (DFFRQX2M)
                                                          0.00       0.00 r
  u_CXS_TOP/u_CXS_TX_TOP/u_CXS_TX_Credit_Counter/credit_count_reg_reg[1]/Q (DFFRQX2M)
                                                          0.42       0.42 r
  u_CXS_TOP/u_CXS_TX_TOP/u_CXS_TX_Credit_Counter/U17/Y (OAI31X1M)
                                                          0.09       0.51 f
  u_CXS_TOP/u_CXS_TX_TOP/u_CXS_TX_Credit_Counter/credit_count_reg_reg[1]/D (DFFRQX2M)
                                                          0.00       0.51 f
  data arrival time                                                  0.51

  clock CXS_CLK (rise edge)                               0.00       0.00
  clock network delay (ideal)                             0.00       0.00
  clock uncertainty                                       0.05       0.05
  u_CXS_TOP/u_CXS_TX_TOP/u_CXS_TX_Credit_Counter/credit_count_reg_reg[1]/CK (DFFRQX2M)
                                                          0.00       0.05 r
  library hold time                                      -0.01       0.04
  data required time                                                 0.04
  --------------------------------------------------------------------------
  data required time                                                 0.04
  data arrival time                                                 -0.51
  --------------------------------------------------------------------------
  slack (MET)                                                        0.47


  Startpoint: u_async_fifo/rd_ptr_gray_FF2_reg[4]
              (rising edge-triggered flip-flop clocked by CXS_CLK)
  Endpoint: u_async_fifo/rd_ptr_gray_FF2_d_reg[4]
            (rising edge-triggered flip-flop clocked by CXS_CLK)
  Path Group: CXS_CLK
  Path Type: min

  Point                                                   Incr       Path
  --------------------------------------------------------------------------
  clock CXS_CLK (rise edge)                               0.00       0.00
  clock network delay (ideal)                             0.00       0.00
  u_async_fifo/rd_ptr_gray_FF2_reg[4]/CK (DFFRQX2M)       0.00       0.00 r
  u_async_fifo/rd_ptr_gray_FF2_reg[4]/Q (DFFRQX2M)        0.50       0.50 f
  u_async_fifo/rd_ptr_gray_FF2_d_reg[4]/D (DFFRQX2M)      0.00       0.50 f
  data arrival time                                                  0.50

  clock CXS_CLK (rise edge)                               0.00       0.00
  clock network delay (ideal)                             0.00       0.00
  clock uncertainty                                       0.05       0.05
  u_async_fifo/rd_ptr_gray_FF2_d_reg[4]/CK (DFFRQX2M)     0.00       0.05 r
  library hold time                                      -0.02       0.03
  data required time                                                 0.03
  --------------------------------------------------------------------------
  data required time                                                 0.03
  data arrival time                                                 -0.50
  --------------------------------------------------------------------------
  slack (MET)                                                        0.47


  Startpoint: u_CXS_TOP/u_CXS_TX_TOP/u_CXS_flit_transmitter/pending_error_reg_reg[0]
              (rising edge-triggered flip-flop clocked by CXS_CLK)
  Endpoint: u_CXS_TOP/u_CXS_TX_TOP/u_CXS_flit_transmitter/o_CXS_flit_transmitter_end_error_reg[0]
            (rising edge-triggered flip-flop clocked by CXS_CLK)
  Path Group: CXS_CLK
  Path Type: min

  Point                                                   Incr       Path
  --------------------------------------------------------------------------
  clock CXS_CLK (rise edge)                               0.00       0.00
  clock network delay (ideal)                             0.00       0.00
  u_CXS_TOP/u_CXS_TX_TOP/u_CXS_flit_transmitter/pending_error_reg_reg[0]/CK (DFFRX1M)
                                                          0.00       0.00 r
  u_CXS_TOP/u_CXS_TX_TOP/u_CXS_flit_transmitter/pending_error_reg_reg[0]/QN (DFFRX1M)
                                                          0.36       0.36 r
  u_CXS_TOP/u_CXS_TX_TOP/u_CXS_flit_transmitter/U33/Y (OAI221X1M)
                                                          0.15       0.51 f
  u_CXS_TOP/u_CXS_TX_TOP/u_CXS_flit_transmitter/o_CXS_flit_transmitter_end_error_reg[0]/D (DFFRQX2M)
                                                          0.00       0.51 f
  data arrival time                                                  0.51

  clock CXS_CLK (rise edge)                               0.00       0.00
  clock network delay (ideal)                             0.00       0.00
  clock uncertainty                                       0.05       0.05
  u_CXS_TOP/u_CXS_TX_TOP/u_CXS_flit_transmitter/o_CXS_flit_transmitter_end_error_reg[0]/CK (DFFRQX2M)
                                                          0.00       0.05 r
  library hold time                                      -0.01       0.04
  data required time                                                 0.04
  --------------------------------------------------------------------------
  data required time                                                 0.04
  data arrival time                                                 -0.51
  --------------------------------------------------------------------------
  slack (MET)                                                        0.47


  Startpoint: u_CXS_TOP/u_CXS_TX_TOP/u_CXS_flit_transmitter/pending_error_reg_reg[1]
              (rising edge-triggered flip-flop clocked by CXS_CLK)
  Endpoint: u_CXS_TOP/u_CXS_TX_TOP/u_CXS_flit_transmitter/o_CXS_flit_transmitter_end_error_reg[1]
            (rising edge-triggered flip-flop clocked by CXS_CLK)
  Path Group: CXS_CLK
  Path Type: min

  Point                                                   Incr       Path
  --------------------------------------------------------------------------
  clock CXS_CLK (rise edge)                               0.00       0.00
  clock network delay (ideal)                             0.00       0.00
  u_CXS_TOP/u_CXS_TX_TOP/u_CXS_flit_transmitter/pending_error_reg_reg[1]/CK (DFFRX1M)
                                                          0.00       0.00 r
  u_CXS_TOP/u_CXS_TX_TOP/u_CXS_flit_transmitter/pending_error_reg_reg[1]/QN (DFFRX1M)
                                                          0.36       0.36 r
  u_CXS_TOP/u_CXS_TX_TOP/u_CXS_flit_transmitter/U35/Y (OAI221X1M)
                                                          0.15       0.51 f
  u_CXS_TOP/u_CXS_TX_TOP/u_CXS_flit_transmitter/o_CXS_flit_transmitter_end_error_reg[1]/D (DFFRQX2M)
                                                          0.00       0.51 f
  data arrival time                                                  0.51

  clock CXS_CLK (rise edge)                               0.00       0.00
  clock network delay (ideal)                             0.00       0.00
  clock uncertainty                                       0.05       0.05
  u_CXS_TOP/u_CXS_TX_TOP/u_CXS_flit_transmitter/o_CXS_flit_transmitter_end_error_reg[1]/CK (DFFRQX2M)
                                                          0.00       0.05 r
  library hold time                                      -0.01       0.04
  data required time                                                 0.04
  --------------------------------------------------------------------------
  data required time                                                 0.04
  data arrival time                                                 -0.51
  --------------------------------------------------------------------------
  slack (MET)                                                        0.47


  Startpoint: u_CXS_TOP/u_CXS_TX_TOP/u_CXS_flit_transmitter/pending_start_reg_reg[1]
              (rising edge-triggered flip-flop clocked by CXS_CLK)
  Endpoint: u_CXS_TOP/u_CXS_TX_TOP/u_CXS_flit_transmitter/o_CXS_flit_transmitter_start_field_reg[1]
            (rising edge-triggered flip-flop clocked by CXS_CLK)
  Path Group: CXS_CLK
  Path Type: min

  Point                                                   Incr       Path
  --------------------------------------------------------------------------
  clock CXS_CLK (rise edge)                               0.00       0.00
  clock network delay (ideal)                             0.00       0.00
  u_CXS_TOP/u_CXS_TX_TOP/u_CXS_flit_transmitter/pending_start_reg_reg[1]/CK (DFFRX1M)
                                                          0.00       0.00 r
  u_CXS_TOP/u_CXS_TX_TOP/u_CXS_flit_transmitter/pending_start_reg_reg[1]/QN (DFFRX1M)
                                                          0.36       0.36 r
  u_CXS_TOP/u_CXS_TX_TOP/u_CXS_flit_transmitter/U43/Y (OAI221X1M)
                                                          0.15       0.51 f
  u_CXS_TOP/u_CXS_TX_TOP/u_CXS_flit_transmitter/o_CXS_flit_transmitter_start_field_reg[1]/D (DFFRQX2M)
                                                          0.00       0.51 f
  data arrival time                                                  0.51

  clock CXS_CLK (rise edge)                               0.00       0.00
  clock network delay (ideal)                             0.00       0.00
  clock uncertainty                                       0.05       0.05
  u_CXS_TOP/u_CXS_TX_TOP/u_CXS_flit_transmitter/o_CXS_flit_transmitter_start_field_reg[1]/CK (DFFRQX2M)
                                                          0.00       0.05 r
  library hold time                                      -0.01       0.04
  data required time                                                 0.04
  --------------------------------------------------------------------------
  data required time                                                 0.04
  data arrival time                                                 -0.51
  --------------------------------------------------------------------------
  slack (MET)                                                        0.47


  Startpoint: u_CXS_TOP/u_CXS_TX_TOP/u_CXS_flit_transmitter/pending_start_reg_reg[0]
              (rising edge-triggered flip-flop clocked by CXS_CLK)
  Endpoint: u_CXS_TOP/u_CXS_TX_TOP/u_CXS_flit_transmitter/o_CXS_flit_transmitter_start_field_reg[0]
            (rising edge-triggered flip-flop clocked by CXS_CLK)
  Path Group: CXS_CLK
  Path Type: min

  Point                                                   Incr       Path
  --------------------------------------------------------------------------
  clock CXS_CLK (rise edge)                               0.00       0.00
  clock network delay (ideal)                             0.00       0.00
  u_CXS_TOP/u_CXS_TX_TOP/u_CXS_flit_transmitter/pending_start_reg_reg[0]/CK (DFFRX1M)
                                                          0.00       0.00 r
  u_CXS_TOP/u_CXS_TX_TOP/u_CXS_flit_transmitter/pending_start_reg_reg[0]/QN (DFFRX1M)
                                                          0.36       0.36 r
  u_CXS_TOP/u_CXS_TX_TOP/u_CXS_flit_transmitter/U41/Y (OAI221X1M)
                                                          0.15       0.51 f
  u_CXS_TOP/u_CXS_TX_TOP/u_CXS_flit_transmitter/o_CXS_flit_transmitter_start_field_reg[0]/D (DFFRQX2M)
                                                          0.00       0.51 f
  data arrival time                                                  0.51

  clock CXS_CLK (rise edge)                               0.00       0.00
  clock network delay (ideal)                             0.00       0.00
  clock uncertainty                                       0.05       0.05
  u_CXS_TOP/u_CXS_TX_TOP/u_CXS_flit_transmitter/o_CXS_flit_transmitter_start_field_reg[0]/CK (DFFRQX2M)
                                                          0.00       0.05 r
  library hold time                                      -0.01       0.04
  data required time                                                 0.04
  --------------------------------------------------------------------------
  data required time                                                 0.04
  data arrival time                                                 -0.51
  --------------------------------------------------------------------------
  slack (MET)                                                        0.47


  Startpoint: u_CXS_TOP/u_CXS_TX_TOP/u_CXS_flit_transmitter/pending_end_reg_reg[1]
              (rising edge-triggered flip-flop clocked by CXS_CLK)
  Endpoint: u_CXS_TOP/u_CXS_TX_TOP/u_CXS_flit_transmitter/o_CXS_flit_transmitter_end_field_reg[1]
            (rising edge-triggered flip-flop clocked by CXS_CLK)
  Path Group: CXS_CLK
  Path Type: min

  Point                                                   Incr       Path
  --------------------------------------------------------------------------
  clock CXS_CLK (rise edge)                               0.00       0.00
  clock network delay (ideal)                             0.00       0.00
  u_CXS_TOP/u_CXS_TX_TOP/u_CXS_flit_transmitter/pending_end_reg_reg[1]/CK (DFFRX1M)
                                                          0.00       0.00 r
  u_CXS_TOP/u_CXS_TX_TOP/u_CXS_flit_transmitter/pending_end_reg_reg[1]/QN (DFFRX1M)
                                                          0.36       0.36 r
  u_CXS_TOP/u_CXS_TX_TOP/u_CXS_flit_transmitter/U39/Y (OAI221X1M)
                                                          0.15       0.51 f
  u_CXS_TOP/u_CXS_TX_TOP/u_CXS_flit_transmitter/o_CXS_flit_transmitter_end_field_reg[1]/D (DFFRQX2M)
                                                          0.00       0.51 f
  data arrival time                                                  0.51

  clock CXS_CLK (rise edge)                               0.00       0.00
  clock network delay (ideal)                             0.00       0.00
  clock uncertainty                                       0.05       0.05
  u_CXS_TOP/u_CXS_TX_TOP/u_CXS_flit_transmitter/o_CXS_flit_transmitter_end_field_reg[1]/CK (DFFRQX2M)
                                                          0.00       0.05 r
  library hold time                                      -0.01       0.04
  data required time                                                 0.04
  --------------------------------------------------------------------------
  data required time                                                 0.04
  data arrival time                                                 -0.51
  --------------------------------------------------------------------------
  slack (MET)                                                        0.47


  Startpoint: u_CXS_TOP/u_CXS_TX_TOP/u_CXS_flit_transmitter/pending_end_reg_reg[0]
              (rising edge-triggered flip-flop clocked by CXS_CLK)
  Endpoint: u_CXS_TOP/u_CXS_TX_TOP/u_CXS_flit_transmitter/o_CXS_flit_transmitter_end_field_reg[0]
            (rising edge-triggered flip-flop clocked by CXS_CLK)
  Path Group: CXS_CLK
  Path Type: min

  Point                                                   Incr       Path
  --------------------------------------------------------------------------
  clock CXS_CLK (rise edge)                               0.00       0.00
  clock network delay (ideal)                             0.00       0.00
  u_CXS_TOP/u_CXS_TX_TOP/u_CXS_flit_transmitter/pending_end_reg_reg[0]/CK (DFFRX1M)
                                                          0.00       0.00 r
  u_CXS_TOP/u_CXS_TX_TOP/u_CXS_flit_transmitter/pending_end_reg_reg[0]/QN (DFFRX1M)
                                                          0.36       0.36 r
  u_CXS_TOP/u_CXS_TX_TOP/u_CXS_flit_transmitter/U37/Y (OAI221X1M)
                                                          0.15       0.51 f
  u_CXS_TOP/u_CXS_TX_TOP/u_CXS_flit_transmitter/o_CXS_flit_transmitter_end_field_reg[0]/D (DFFRQX2M)
                                                          0.00       0.51 f
  data arrival time                                                  0.51

  clock CXS_CLK (rise edge)                               0.00       0.00
  clock network delay (ideal)                             0.00       0.00
  clock uncertainty                                       0.05       0.05
  u_CXS_TOP/u_CXS_TX_TOP/u_CXS_flit_transmitter/o_CXS_flit_transmitter_end_field_reg[0]/CK (DFFRQX2M)
                                                          0.00       0.05 r
  library hold time                                      -0.01       0.04
  data required time                                                 0.04
  --------------------------------------------------------------------------
  data required time                                                 0.04
  data arrival time                                                 -0.51
  --------------------------------------------------------------------------
  slack (MET)                                                        0.47


  Startpoint: u_async_fifo/rd_ptr_gray_FF2_reg[2]
              (rising edge-triggered flip-flop clocked by CXS_CLK)
  Endpoint: u_async_fifo/rd_ptr_gray_FF2_d_reg[2]
            (rising edge-triggered flip-flop clocked by CXS_CLK)
  Path Group: CXS_CLK
  Path Type: min

  Point                                                   Incr       Path
  --------------------------------------------------------------------------
  clock CXS_CLK (rise edge)                               0.00       0.00
  clock network delay (ideal)                             0.00       0.00
  u_async_fifo/rd_ptr_gray_FF2_reg[2]/CK (DFFRQX2M)       0.00       0.00 r
  u_async_fifo/rd_ptr_gray_FF2_reg[2]/Q (DFFRQX2M)        0.50       0.50 f
  u_async_fifo/rd_ptr_gray_FF2_d_reg[2]/D (DFFRQX2M)      0.00       0.50 f
  data arrival time                                                  0.50

  clock CXS_CLK (rise edge)                               0.00       0.00
  clock network delay (ideal)                             0.00       0.00
  clock uncertainty                                       0.05       0.05
  u_async_fifo/rd_ptr_gray_FF2_d_reg[2]/CK (DFFRQX2M)     0.00       0.05 r
  library hold time                                      -0.02       0.03
  data required time                                                 0.03
  --------------------------------------------------------------------------
  data required time                                                 0.03
  data arrival time                                                 -0.50
  --------------------------------------------------------------------------
  slack (MET)                                                        0.47


  Startpoint: u_async_fifo/rd_ptr_gray_FF2_reg[3]
              (rising edge-triggered flip-flop clocked by CXS_CLK)
  Endpoint: u_async_fifo/rd_ptr_gray_FF2_d_reg[3]
            (rising edge-triggered flip-flop clocked by CXS_CLK)
  Path Group: CXS_CLK
  Path Type: min

  Point                                                   Incr       Path
  --------------------------------------------------------------------------
  clock CXS_CLK (rise edge)                               0.00       0.00
  clock network delay (ideal)                             0.00       0.00
  u_async_fifo/rd_ptr_gray_FF2_reg[3]/CK (DFFRQX2M)       0.00       0.00 r
  u_async_fifo/rd_ptr_gray_FF2_reg[3]/Q (DFFRQX2M)        0.50       0.50 f
  u_async_fifo/rd_ptr_gray_FF2_d_reg[3]/D (DFFRQX2M)      0.00       0.50 f
  data arrival time                                                  0.50

  clock CXS_CLK (rise edge)                               0.00       0.00
  clock network delay (ideal)                             0.00       0.00
  clock uncertainty                                       0.05       0.05
  u_async_fifo/rd_ptr_gray_FF2_d_reg[3]/CK (DFFRQX2M)     0.00       0.05 r
  library hold time                                      -0.02       0.03
  data required time                                                 0.03
  --------------------------------------------------------------------------
  data required time                                                 0.03
  data arrival time                                                 -0.50
  --------------------------------------------------------------------------
  slack (MET)                                                        0.47


  Startpoint: u_async_fifo/rd_ptr_gray_FF2_reg[0]
              (rising edge-triggered flip-flop clocked by CXS_CLK)
  Endpoint: u_async_fifo/rd_ptr_gray_FF2_d_reg[0]
            (rising edge-triggered flip-flop clocked by CXS_CLK)
  Path Group: CXS_CLK
  Path Type: min

  Point                                                   Incr       Path
  --------------------------------------------------------------------------
  clock CXS_CLK (rise edge)                               0.00       0.00
  clock network delay (ideal)                             0.00       0.00
  u_async_fifo/rd_ptr_gray_FF2_reg[0]/CK (DFFRQX2M)       0.00       0.00 r
  u_async_fifo/rd_ptr_gray_FF2_reg[0]/Q (DFFRQX2M)        0.50       0.50 f
  u_async_fifo/rd_ptr_gray_FF2_d_reg[0]/D (DFFRQX2M)      0.00       0.50 f
  data arrival time                                                  0.50

  clock CXS_CLK (rise edge)                               0.00       0.00
  clock network delay (ideal)                             0.00       0.00
  clock uncertainty                                       0.05       0.05
  u_async_fifo/rd_ptr_gray_FF2_d_reg[0]/CK (DFFRQX2M)     0.00       0.05 r
  library hold time                                      -0.02       0.03
  data required time                                                 0.03
  --------------------------------------------------------------------------
  data required time                                                 0.03
  data arrival time                                                 -0.50
  --------------------------------------------------------------------------
  slack (MET)                                                        0.47


  Startpoint: u_CXS_TOP/u_CXS_TX_TOP/u_CXS_TX_Credit_Counter/credit_count_reg_reg[2]
              (rising edge-triggered flip-flop clocked by CXS_CLK)
  Endpoint: u_CXS_TOP/u_CXS_TX_TOP/u_CXS_TX_Credit_Counter/credit_count_reg_reg[2]
            (rising edge-triggered flip-flop clocked by CXS_CLK)
  Path Group: CXS_CLK
  Path Type: min

  Point                                                   Incr       Path
  --------------------------------------------------------------------------
  clock CXS_CLK (rise edge)                               0.00       0.00
  clock network delay (ideal)                             0.00       0.00
  u_CXS_TOP/u_CXS_TX_TOP/u_CXS_TX_Credit_Counter/credit_count_reg_reg[2]/CK (DFFRQX2M)
                                                          0.00       0.00 r
  u_CXS_TOP/u_CXS_TX_TOP/u_CXS_TX_Credit_Counter/credit_count_reg_reg[2]/Q (DFFRQX2M)
                                                          0.42       0.42 r
  u_CXS_TOP/u_CXS_TX_TOP/u_CXS_TX_Credit_Counter/U8/Y (OAI32X1M)
                                                          0.09       0.52 f
  u_CXS_TOP/u_CXS_TX_TOP/u_CXS_TX_Credit_Counter/credit_count_reg_reg[2]/D (DFFRQX2M)
                                                          0.00       0.52 f
  data arrival time                                                  0.52

  clock CXS_CLK (rise edge)                               0.00       0.00
  clock network delay (ideal)                             0.00       0.00
  clock uncertainty                                       0.05       0.05
  u_CXS_TOP/u_CXS_TX_TOP/u_CXS_TX_Credit_Counter/credit_count_reg_reg[2]/CK (DFFRQX2M)
                                                          0.00       0.05 r
  library hold time                                      -0.01       0.04
  data required time                                                 0.04
  --------------------------------------------------------------------------
  data required time                                                 0.04
  data arrival time                                                 -0.52
  --------------------------------------------------------------------------
  slack (MET)                                                        0.47


  Startpoint: u_CXS_TOP/u_CXS_TX_TOP/u_CXS_TX_Credit_Counter/credit_count_reg_reg[3]
              (rising edge-triggered flip-flop clocked by CXS_CLK)
  Endpoint: u_CXS_TOP/u_CXS_TX_TOP/u_CXS_TX_Credit_Counter/credit_count_reg_reg[3]
            (rising edge-triggered flip-flop clocked by CXS_CLK)
  Path Group: CXS_CLK
  Path Type: min

  Point                                                   Incr       Path
  --------------------------------------------------------------------------
  clock CXS_CLK (rise edge)                               0.00       0.00
  clock network delay (ideal)                             0.00       0.00
  u_CXS_TOP/u_CXS_TX_TOP/u_CXS_TX_Credit_Counter/credit_count_reg_reg[3]/CK (DFFRX1M)
                                                          0.00       0.00 r
  u_CXS_TOP/u_CXS_TX_TOP/u_CXS_TX_Credit_Counter/credit_count_reg_reg[3]/QN (DFFRX1M)
                                                          0.42       0.42 r
  u_CXS_TOP/u_CXS_TX_TOP/u_CXS_TX_Credit_Counter/U13/Y (OAI222X1M)
                                                          0.10       0.51 f
  u_CXS_TOP/u_CXS_TX_TOP/u_CXS_TX_Credit_Counter/credit_count_reg_reg[3]/D (DFFRX1M)
                                                          0.00       0.51 f
  data arrival time                                                  0.51

  clock CXS_CLK (rise edge)                               0.00       0.00
  clock network delay (ideal)                             0.00       0.00
  clock uncertainty                                       0.05       0.05
  u_CXS_TOP/u_CXS_TX_TOP/u_CXS_TX_Credit_Counter/credit_count_reg_reg[3]/CK (DFFRX1M)
                                                          0.00       0.05 r
  library hold time                                      -0.01       0.04
  data required time                                                 0.04
  --------------------------------------------------------------------------
  data required time                                                 0.04
  data arrival time                                                 -0.51
  --------------------------------------------------------------------------
  slack (MET)                                                        0.48


  Startpoint: u_async_fifo/wr_ptr_reg[0]
              (rising edge-triggered flip-flop clocked by CXS_CLK)
  Endpoint: u_async_fifo/wr_ptr_reg[0]
            (rising edge-triggered flip-flop clocked by CXS_CLK)
  Path Group: CXS_CLK
  Path Type: min

  Point                                                   Incr       Path
  --------------------------------------------------------------------------
  clock CXS_CLK (rise edge)                               0.00       0.00
  clock network delay (ideal)                             0.00       0.00
  u_async_fifo/wr_ptr_reg[0]/CK (DFFRQX2M)                0.00       0.00 r
  u_async_fifo/wr_ptr_reg[0]/Q (DFFRQX2M)                 0.45       0.45 r
  u_async_fifo/U325/Y (OAI2B2X1M)                         0.07       0.52 f
  u_async_fifo/wr_ptr_reg[0]/D (DFFRQX2M)                 0.00       0.52 f
  data arrival time                                                  0.52

  clock CXS_CLK (rise edge)                               0.00       0.00
  clock network delay (ideal)                             0.00       0.00
  clock uncertainty                                       0.05       0.05
  u_async_fifo/wr_ptr_reg[0]/CK (DFFRQX2M)                0.00       0.05 r
  library hold time                                      -0.01       0.04
  data required time                                                 0.04
  --------------------------------------------------------------------------
  data required time                                                 0.04
  data arrival time                                                 -0.52
  --------------------------------------------------------------------------
  slack (MET)                                                        0.48


  Startpoint: u_CXS_TOP/u_CXS_RX_TOP/u_CXS_Credit_Generator/outstanding_credit_reg_reg[2]
              (rising edge-triggered flip-flop clocked by CXS_CLK)
  Endpoint: u_CXS_TOP/u_CXS_RX_TOP/u_CXS_Credit_Generator/outstanding_credit_reg_reg[2]
            (rising edge-triggered flip-flop clocked by CXS_CLK)
  Path Group: CXS_CLK
  Path Type: min

  Point                                                   Incr       Path
  --------------------------------------------------------------------------
  clock CXS_CLK (rise edge)                               0.00       0.00
  clock network delay (ideal)                             0.00       0.00
  u_CXS_TOP/u_CXS_RX_TOP/u_CXS_Credit_Generator/outstanding_credit_reg_reg[2]/CK (DFFRQX2M)
                                                          0.00       0.00 r
  u_CXS_TOP/u_CXS_RX_TOP/u_CXS_Credit_Generator/outstanding_credit_reg_reg[2]/Q (DFFRQX2M)
                                                          0.42       0.42 r
  u_CXS_TOP/u_CXS_RX_TOP/u_CXS_Credit_Generator/U31/Y (OAI22X1M)
                                                          0.10       0.53 f
  u_CXS_TOP/u_CXS_RX_TOP/u_CXS_Credit_Generator/outstanding_credit_reg_reg[2]/D (DFFRQX2M)
                                                          0.00       0.53 f
  data arrival time                                                  0.53

  clock CXS_CLK (rise edge)                               0.00       0.00
  clock network delay (ideal)                             0.00       0.00
  clock uncertainty                                       0.05       0.05
  u_CXS_TOP/u_CXS_RX_TOP/u_CXS_Credit_Generator/outstanding_credit_reg_reg[2]/CK (DFFRQX2M)
                                                          0.00       0.05 r
  library hold time                                      -0.01       0.04
  data required time                                                 0.04
  --------------------------------------------------------------------------
  data required time                                                 0.04
  data arrival time                                                 -0.53
  --------------------------------------------------------------------------
  slack (MET)                                                        0.49


  Startpoint: u_DATA_SYNC/o_DATA_SYNC_enable_pulse_reg
              (rising edge-triggered flip-flop clocked by CXS_CLK)
  Endpoint: u_CXS_TOP/u_CXS_TX_TOP/u_CXS_Pkt_Formatter/o_CXS_Pkt_Formatter_pkt_valid_reg
            (rising edge-triggered flip-flop clocked by CXS_CLK)
  Path Group: CXS_CLK
  Path Type: min

  Point                                                   Incr       Path
  --------------------------------------------------------------------------
  clock CXS_CLK (rise edge)                               0.00       0.00
  clock network delay (ideal)                             0.00       0.00
  u_DATA_SYNC/o_DATA_SYNC_enable_pulse_reg/CK (DFFRQX2M)
                                                          0.00       0.00 r
  u_DATA_SYNC/o_DATA_SYNC_enable_pulse_reg/Q (DFFRQX2M)
                                                          0.53       0.53 f
  u_DATA_SYNC/o_DATA_SYNC_enable_pulse (DATA_SYNC_NUM_STAGES2_BUS_WIDTH4)
                                                          0.00       0.53 f
  u_CXS_TOP/i_CXS_TOP_status_valid (CXS_TOP_CXSMAXPAYLOADPERFLIT2_CXSDATAFLITWIDTH32_CNTL_W6_MAX_CREDITS15_CREDIT_W4_FIFO_WIDTH38)
                                                          0.00       0.53 f
  u_CXS_TOP/u_CXS_TX_TOP/i_CXS_TX_TOP_status_valid (CXS_TX_TOP_CXSMAXPAYLOADPERFLIT2_CXSDATAFLITWIDTH32_CNTL_W6_MAX_CREDITS15_CREDIT_W4)
                                                          0.00       0.53 f
  u_CXS_TOP/u_CXS_TX_TOP/u_CXS_Pkt_Formatter/i_CXS_Pkt_Formatter_status_valid (CXS_Pkt_Formatter_CXSMAXPAYLOADPERFLIT2_CXSDATAFLITWIDTH32)
                                                          0.00       0.53 f
  u_CXS_TOP/u_CXS_TX_TOP/u_CXS_Pkt_Formatter/o_CXS_Pkt_Formatter_pkt_valid_reg/D (DFFRQX2M)
                                                          0.00       0.53 f
  data arrival time                                                  0.53

  clock CXS_CLK (rise edge)                               0.00       0.00
  clock network delay (ideal)                             0.00       0.00
  clock uncertainty                                       0.05       0.05
  u_CXS_TOP/u_CXS_TX_TOP/u_CXS_Pkt_Formatter/o_CXS_Pkt_Formatter_pkt_valid_reg/CK (DFFRQX2M)
                                                          0.00       0.05 r
  library hold time                                      -0.02       0.03
  data required time                                                 0.03
  --------------------------------------------------------------------------
  data required time                                                 0.03
  data arrival time                                                 -0.53
  --------------------------------------------------------------------------
  slack (MET)                                                        0.50


  Startpoint: u_CXS_TOP/u_CXS_TX_TOP/u_CXS_flit_transmitter/pending_data_reg_reg[31]
              (rising edge-triggered flip-flop clocked by CXS_CLK)
  Endpoint: u_CXS_TOP/u_CXS_TX_TOP/u_CXS_flit_transmitter/o_CXS_flit_transmitter_CXSDATA_reg[31]
            (rising edge-triggered flip-flop clocked by CXS_CLK)
  Path Group: CXS_CLK
  Path Type: min

  Point                                                   Incr       Path
  --------------------------------------------------------------------------
  clock CXS_CLK (rise edge)                               0.00       0.00
  clock network delay (ideal)                             0.00       0.00
  u_CXS_TOP/u_CXS_TX_TOP/u_CXS_flit_transmitter/pending_data_reg_reg[31]/CK (DFFRX1M)
                                                          0.00       0.00 r
  u_CXS_TOP/u_CXS_TX_TOP/u_CXS_flit_transmitter/pending_data_reg_reg[31]/QN (DFFRX1M)
                                                          0.36       0.36 r
  u_CXS_TOP/u_CXS_TX_TOP/u_CXS_flit_transmitter/U107/Y (OAI221X1M)
                                                          0.16       0.52 f
  u_CXS_TOP/u_CXS_TX_TOP/u_CXS_flit_transmitter/o_CXS_flit_transmitter_CXSDATA_reg[31]/D (DFFRHQX8M)
                                                          0.00       0.52 f
  data arrival time                                                  0.52

  clock CXS_CLK (rise edge)                               0.00       0.00
  clock network delay (ideal)                             0.00       0.00
  clock uncertainty                                       0.05       0.05
  u_CXS_TOP/u_CXS_TX_TOP/u_CXS_flit_transmitter/o_CXS_flit_transmitter_CXSDATA_reg[31]/CK (DFFRHQX8M)
                                                          0.00       0.05 r
  library hold time                                      -0.06      -0.01
  data required time                                                -0.01
  --------------------------------------------------------------------------
  data required time                                                -0.01
  data arrival time                                                 -0.52
  --------------------------------------------------------------------------
  slack (MET)                                                        0.53


  Startpoint: u_CXS_TOP/u_CXS_TX_TOP/u_CXS_flit_transmitter/pending_data_reg_reg[29]
              (rising edge-triggered flip-flop clocked by CXS_CLK)
  Endpoint: u_CXS_TOP/u_CXS_TX_TOP/u_CXS_flit_transmitter/o_CXS_flit_transmitter_CXSDATA_reg[29]
            (rising edge-triggered flip-flop clocked by CXS_CLK)
  Path Group: CXS_CLK
  Path Type: min

  Point                                                   Incr       Path
  --------------------------------------------------------------------------
  clock CXS_CLK (rise edge)                               0.00       0.00
  clock network delay (ideal)                             0.00       0.00
  u_CXS_TOP/u_CXS_TX_TOP/u_CXS_flit_transmitter/pending_data_reg_reg[29]/CK (DFFRX1M)
                                                          0.00       0.00 r
  u_CXS_TOP/u_CXS_TX_TOP/u_CXS_flit_transmitter/pending_data_reg_reg[29]/QN (DFFRX1M)
                                                          0.36       0.36 r
  u_CXS_TOP/u_CXS_TX_TOP/u_CXS_flit_transmitter/U103/Y (OAI221X1M)
                                                          0.16       0.52 f
  u_CXS_TOP/u_CXS_TX_TOP/u_CXS_flit_transmitter/o_CXS_flit_transmitter_CXSDATA_reg[29]/D (DFFRHQX8M)
                                                          0.00       0.52 f
  data arrival time                                                  0.52

  clock CXS_CLK (rise edge)                               0.00       0.00
  clock network delay (ideal)                             0.00       0.00
  clock uncertainty                                       0.05       0.05
  u_CXS_TOP/u_CXS_TX_TOP/u_CXS_flit_transmitter/o_CXS_flit_transmitter_CXSDATA_reg[29]/CK (DFFRHQX8M)
                                                          0.00       0.05 r
  library hold time                                      -0.06      -0.01
  data required time                                                -0.01
  --------------------------------------------------------------------------
  data required time                                                -0.01
  data arrival time                                                 -0.52
  --------------------------------------------------------------------------
  slack (MET)                                                        0.53


  Startpoint: u_CXS_TOP/u_CXS_TX_TOP/u_CXS_flit_transmitter/pending_data_reg_reg[27]
              (rising edge-triggered flip-flop clocked by CXS_CLK)
  Endpoint: u_CXS_TOP/u_CXS_TX_TOP/u_CXS_flit_transmitter/o_CXS_flit_transmitter_CXSDATA_reg[27]
            (rising edge-triggered flip-flop clocked by CXS_CLK)
  Path Group: CXS_CLK
  Path Type: min

  Point                                                   Incr       Path
  --------------------------------------------------------------------------
  clock CXS_CLK (rise edge)                               0.00       0.00
  clock network delay (ideal)                             0.00       0.00
  u_CXS_TOP/u_CXS_TX_TOP/u_CXS_flit_transmitter/pending_data_reg_reg[27]/CK (DFFRX1M)
                                                          0.00       0.00 r
  u_CXS_TOP/u_CXS_TX_TOP/u_CXS_flit_transmitter/pending_data_reg_reg[27]/QN (DFFRX1M)
                                                          0.36       0.36 r
  u_CXS_TOP/u_CXS_TX_TOP/u_CXS_flit_transmitter/U99/Y (OAI221X1M)
                                                          0.16       0.52 f
  u_CXS_TOP/u_CXS_TX_TOP/u_CXS_flit_transmitter/o_CXS_flit_transmitter_CXSDATA_reg[27]/D (DFFRHQX8M)
                                                          0.00       0.52 f
  data arrival time                                                  0.52

  clock CXS_CLK (rise edge)                               0.00       0.00
  clock network delay (ideal)                             0.00       0.00
  clock uncertainty                                       0.05       0.05
  u_CXS_TOP/u_CXS_TX_TOP/u_CXS_flit_transmitter/o_CXS_flit_transmitter_CXSDATA_reg[27]/CK (DFFRHQX8M)
                                                          0.00       0.05 r
  library hold time                                      -0.06      -0.01
  data required time                                                -0.01
  --------------------------------------------------------------------------
  data required time                                                -0.01
  data arrival time                                                 -0.52
  --------------------------------------------------------------------------
  slack (MET)                                                        0.53


  Startpoint: u_CXS_TOP/u_CXS_TX_TOP/u_CXS_flit_transmitter/pending_data_reg_reg[25]
              (rising edge-triggered flip-flop clocked by CXS_CLK)
  Endpoint: u_CXS_TOP/u_CXS_TX_TOP/u_CXS_flit_transmitter/o_CXS_flit_transmitter_CXSDATA_reg[25]
            (rising edge-triggered flip-flop clocked by CXS_CLK)
  Path Group: CXS_CLK
  Path Type: min

  Point                                                   Incr       Path
  --------------------------------------------------------------------------
  clock CXS_CLK (rise edge)                               0.00       0.00
  clock network delay (ideal)                             0.00       0.00
  u_CXS_TOP/u_CXS_TX_TOP/u_CXS_flit_transmitter/pending_data_reg_reg[25]/CK (DFFRX1M)
                                                          0.00       0.00 r
  u_CXS_TOP/u_CXS_TX_TOP/u_CXS_flit_transmitter/pending_data_reg_reg[25]/QN (DFFRX1M)
                                                          0.36       0.36 r
  u_CXS_TOP/u_CXS_TX_TOP/u_CXS_flit_transmitter/U95/Y (OAI221X1M)
                                                          0.16       0.52 f
  u_CXS_TOP/u_CXS_TX_TOP/u_CXS_flit_transmitter/o_CXS_flit_transmitter_CXSDATA_reg[25]/D (DFFRHQX8M)
                                                          0.00       0.52 f
  data arrival time                                                  0.52

  clock CXS_CLK (rise edge)                               0.00       0.00
  clock network delay (ideal)                             0.00       0.00
  clock uncertainty                                       0.05       0.05
  u_CXS_TOP/u_CXS_TX_TOP/u_CXS_flit_transmitter/o_CXS_flit_transmitter_CXSDATA_reg[25]/CK (DFFRHQX8M)
                                                          0.00       0.05 r
  library hold time                                      -0.06      -0.01
  data required time                                                -0.01
  --------------------------------------------------------------------------
  data required time                                                -0.01
  data arrival time                                                 -0.52
  --------------------------------------------------------------------------
  slack (MET)                                                        0.53


  Startpoint: u_CXS_TOP/u_CXS_TX_TOP/u_CXS_flit_transmitter/pending_data_reg_reg[11]
              (rising edge-triggered flip-flop clocked by CXS_CLK)
  Endpoint: u_CXS_TOP/u_CXS_TX_TOP/u_CXS_flit_transmitter/o_CXS_flit_transmitter_CXSDATA_reg[11]
            (rising edge-triggered flip-flop clocked by CXS_CLK)
  Path Group: CXS_CLK
  Path Type: min

  Point                                                   Incr       Path
  --------------------------------------------------------------------------
  clock CXS_CLK (rise edge)                               0.00       0.00
  clock network delay (ideal)                             0.00       0.00
  u_CXS_TOP/u_CXS_TX_TOP/u_CXS_flit_transmitter/pending_data_reg_reg[11]/CK (DFFRX1M)
                                                          0.00       0.00 r
  u_CXS_TOP/u_CXS_TX_TOP/u_CXS_flit_transmitter/pending_data_reg_reg[11]/QN (DFFRX1M)
                                                          0.36       0.36 r
  u_CXS_TOP/u_CXS_TX_TOP/u_CXS_flit_transmitter/U67/Y (OAI221X1M)
                                                          0.16       0.52 f
  u_CXS_TOP/u_CXS_TX_TOP/u_CXS_flit_transmitter/o_CXS_flit_transmitter_CXSDATA_reg[11]/D (DFFRHQX8M)
                                                          0.00       0.52 f
  data arrival time                                                  0.52

  clock CXS_CLK (rise edge)                               0.00       0.00
  clock network delay (ideal)                             0.00       0.00
  clock uncertainty                                       0.05       0.05
  u_CXS_TOP/u_CXS_TX_TOP/u_CXS_flit_transmitter/o_CXS_flit_transmitter_CXSDATA_reg[11]/CK (DFFRHQX8M)
                                                          0.00       0.05 r
  library hold time                                      -0.06      -0.01
  data required time                                                -0.01
  --------------------------------------------------------------------------
  data required time                                                -0.01
  data arrival time                                                 -0.52
  --------------------------------------------------------------------------
  slack (MET)                                                        0.53


  Startpoint: u_CXS_TOP/u_CXS_TX_TOP/u_CXS_flit_transmitter/pending_data_reg_reg[10]
              (rising edge-triggered flip-flop clocked by CXS_CLK)
  Endpoint: u_CXS_TOP/u_CXS_TX_TOP/u_CXS_flit_transmitter/o_CXS_flit_transmitter_CXSDATA_reg[10]
            (rising edge-triggered flip-flop clocked by CXS_CLK)
  Path Group: CXS_CLK
  Path Type: min

  Point                                                   Incr       Path
  --------------------------------------------------------------------------
  clock CXS_CLK (rise edge)                               0.00       0.00
  clock network delay (ideal)                             0.00       0.00
  u_CXS_TOP/u_CXS_TX_TOP/u_CXS_flit_transmitter/pending_data_reg_reg[10]/CK (DFFRX1M)
                                                          0.00       0.00 r
  u_CXS_TOP/u_CXS_TX_TOP/u_CXS_flit_transmitter/pending_data_reg_reg[10]/QN (DFFRX1M)
                                                          0.36       0.36 r
  u_CXS_TOP/u_CXS_TX_TOP/u_CXS_flit_transmitter/U65/Y (OAI221X1M)
                                                          0.16       0.52 f
  u_CXS_TOP/u_CXS_TX_TOP/u_CXS_flit_transmitter/o_CXS_flit_transmitter_CXSDATA_reg[10]/D (DFFRHQX8M)
                                                          0.00       0.52 f
  data arrival time                                                  0.52

  clock CXS_CLK (rise edge)                               0.00       0.00
  clock network delay (ideal)                             0.00       0.00
  clock uncertainty                                       0.05       0.05
  u_CXS_TOP/u_CXS_TX_TOP/u_CXS_flit_transmitter/o_CXS_flit_transmitter_CXSDATA_reg[10]/CK (DFFRHQX8M)
                                                          0.00       0.05 r
  library hold time                                      -0.06      -0.01
  data required time                                                -0.01
  --------------------------------------------------------------------------
  data required time                                                -0.01
  data arrival time                                                 -0.52
  --------------------------------------------------------------------------
  slack (MET)                                                        0.53


  Startpoint: u_CXS_TOP/u_CXS_TX_TOP/u_CXS_flit_transmitter/pending_data_reg_reg[9]
              (rising edge-triggered flip-flop clocked by CXS_CLK)
  Endpoint: u_CXS_TOP/u_CXS_TX_TOP/u_CXS_flit_transmitter/o_CXS_flit_transmitter_CXSDATA_reg[9]
            (rising edge-triggered flip-flop clocked by CXS_CLK)
  Path Group: CXS_CLK
  Path Type: min

  Point                                                   Incr       Path
  --------------------------------------------------------------------------
  clock CXS_CLK (rise edge)                               0.00       0.00
  clock network delay (ideal)                             0.00       0.00
  u_CXS_TOP/u_CXS_TX_TOP/u_CXS_flit_transmitter/pending_data_reg_reg[9]/CK (DFFRX1M)
                                                          0.00       0.00 r
  u_CXS_TOP/u_CXS_TX_TOP/u_CXS_flit_transmitter/pending_data_reg_reg[9]/QN (DFFRX1M)
                                                          0.36       0.36 r
  u_CXS_TOP/u_CXS_TX_TOP/u_CXS_flit_transmitter/U63/Y (OAI221X1M)
                                                          0.16       0.52 f
  u_CXS_TOP/u_CXS_TX_TOP/u_CXS_flit_transmitter/o_CXS_flit_transmitter_CXSDATA_reg[9]/D (DFFRHQX8M)
                                                          0.00       0.52 f
  data arrival time                                                  0.52

  clock CXS_CLK (rise edge)                               0.00       0.00
  clock network delay (ideal)                             0.00       0.00
  clock uncertainty                                       0.05       0.05
  u_CXS_TOP/u_CXS_TX_TOP/u_CXS_flit_transmitter/o_CXS_flit_transmitter_CXSDATA_reg[9]/CK (DFFRHQX8M)
                                                          0.00       0.05 r
  library hold time                                      -0.06      -0.01
  data required time                                                -0.01
  --------------------------------------------------------------------------
  data required time                                                -0.01
  data arrival time                                                 -0.52
  --------------------------------------------------------------------------
  slack (MET)                                                        0.53


  Startpoint: u_CXS_TOP/u_CXS_TX_TOP/u_CXS_flit_transmitter/pending_data_reg_reg[8]
              (rising edge-triggered flip-flop clocked by CXS_CLK)
  Endpoint: u_CXS_TOP/u_CXS_TX_TOP/u_CXS_flit_transmitter/o_CXS_flit_transmitter_CXSDATA_reg[8]
            (rising edge-triggered flip-flop clocked by CXS_CLK)
  Path Group: CXS_CLK
  Path Type: min

  Point                                                   Incr       Path
  --------------------------------------------------------------------------
  clock CXS_CLK (rise edge)                               0.00       0.00
  clock network delay (ideal)                             0.00       0.00
  u_CXS_TOP/u_CXS_TX_TOP/u_CXS_flit_transmitter/pending_data_reg_reg[8]/CK (DFFRX1M)
                                                          0.00       0.00 r
  u_CXS_TOP/u_CXS_TX_TOP/u_CXS_flit_transmitter/pending_data_reg_reg[8]/QN (DFFRX1M)
                                                          0.36       0.36 r
  u_CXS_TOP/u_CXS_TX_TOP/u_CXS_flit_transmitter/U61/Y (OAI221X1M)
                                                          0.16       0.52 f
  u_CXS_TOP/u_CXS_TX_TOP/u_CXS_flit_transmitter/o_CXS_flit_transmitter_CXSDATA_reg[8]/D (DFFRHQX8M)
                                                          0.00       0.52 f
  data arrival time                                                  0.52

  clock CXS_CLK (rise edge)                               0.00       0.00
  clock network delay (ideal)                             0.00       0.00
  clock uncertainty                                       0.05       0.05
  u_CXS_TOP/u_CXS_TX_TOP/u_CXS_flit_transmitter/o_CXS_flit_transmitter_CXSDATA_reg[8]/CK (DFFRHQX8M)
                                                          0.00       0.05 r
  library hold time                                      -0.06      -0.01
  data required time                                                -0.01
  --------------------------------------------------------------------------
  data required time                                                -0.01
  data arrival time                                                 -0.52
  --------------------------------------------------------------------------
  slack (MET)                                                        0.53


  Startpoint: u_CXS_TOP/u_CXS_TX_TOP/u_CXS_flit_transmitter/pending_data_reg_reg[7]
              (rising edge-triggered flip-flop clocked by CXS_CLK)
  Endpoint: u_CXS_TOP/u_CXS_TX_TOP/u_CXS_flit_transmitter/o_CXS_flit_transmitter_CXSDATA_reg[7]
            (rising edge-triggered flip-flop clocked by CXS_CLK)
  Path Group: CXS_CLK
  Path Type: min

  Point                                                   Incr       Path
  --------------------------------------------------------------------------
  clock CXS_CLK (rise edge)                               0.00       0.00
  clock network delay (ideal)                             0.00       0.00
  u_CXS_TOP/u_CXS_TX_TOP/u_CXS_flit_transmitter/pending_data_reg_reg[7]/CK (DFFRX1M)
                                                          0.00       0.00 r
  u_CXS_TOP/u_CXS_TX_TOP/u_CXS_flit_transmitter/pending_data_reg_reg[7]/QN (DFFRX1M)
                                                          0.36       0.36 r
  u_CXS_TOP/u_CXS_TX_TOP/u_CXS_flit_transmitter/U59/Y (OAI221X1M)
                                                          0.16       0.52 f
  u_CXS_TOP/u_CXS_TX_TOP/u_CXS_flit_transmitter/o_CXS_flit_transmitter_CXSDATA_reg[7]/D (DFFRHQX8M)
                                                          0.00       0.52 f
  data arrival time                                                  0.52

  clock CXS_CLK (rise edge)                               0.00       0.00
  clock network delay (ideal)                             0.00       0.00
  clock uncertainty                                       0.05       0.05
  u_CXS_TOP/u_CXS_TX_TOP/u_CXS_flit_transmitter/o_CXS_flit_transmitter_CXSDATA_reg[7]/CK (DFFRHQX8M)
                                                          0.00       0.05 r
  library hold time                                      -0.06      -0.01
  data required time                                                -0.01
  --------------------------------------------------------------------------
  data required time                                                -0.01
  data arrival time                                                 -0.52
  --------------------------------------------------------------------------
  slack (MET)                                                        0.53


  Startpoint: u_CXS_TOP/u_CXS_TX_TOP/u_CXS_flit_transmitter/pending_data_reg_reg[6]
              (rising edge-triggered flip-flop clocked by CXS_CLK)
  Endpoint: u_CXS_TOP/u_CXS_TX_TOP/u_CXS_flit_transmitter/o_CXS_flit_transmitter_CXSDATA_reg[6]
            (rising edge-triggered flip-flop clocked by CXS_CLK)
  Path Group: CXS_CLK
  Path Type: min

  Point                                                   Incr       Path
  --------------------------------------------------------------------------
  clock CXS_CLK (rise edge)                               0.00       0.00
  clock network delay (ideal)                             0.00       0.00
  u_CXS_TOP/u_CXS_TX_TOP/u_CXS_flit_transmitter/pending_data_reg_reg[6]/CK (DFFRX1M)
                                                          0.00       0.00 r
  u_CXS_TOP/u_CXS_TX_TOP/u_CXS_flit_transmitter/pending_data_reg_reg[6]/QN (DFFRX1M)
                                                          0.36       0.36 r
  u_CXS_TOP/u_CXS_TX_TOP/u_CXS_flit_transmitter/U57/Y (OAI221X1M)
                                                          0.16       0.52 f
  u_CXS_TOP/u_CXS_TX_TOP/u_CXS_flit_transmitter/o_CXS_flit_transmitter_CXSDATA_reg[6]/D (DFFRHQX8M)
                                                          0.00       0.52 f
  data arrival time                                                  0.52

  clock CXS_CLK (rise edge)                               0.00       0.00
  clock network delay (ideal)                             0.00       0.00
  clock uncertainty                                       0.05       0.05
  u_CXS_TOP/u_CXS_TX_TOP/u_CXS_flit_transmitter/o_CXS_flit_transmitter_CXSDATA_reg[6]/CK (DFFRHQX8M)
                                                          0.00       0.05 r
  library hold time                                      -0.06      -0.01
  data required time                                                -0.01
  --------------------------------------------------------------------------
  data required time                                                -0.01
  data arrival time                                                 -0.52
  --------------------------------------------------------------------------
  slack (MET)                                                        0.53


  Startpoint: u_CXS_TOP/u_CXS_TX_TOP/u_CXS_flit_transmitter/pending_data_reg_reg[5]
              (rising edge-triggered flip-flop clocked by CXS_CLK)
  Endpoint: u_CXS_TOP/u_CXS_TX_TOP/u_CXS_flit_transmitter/o_CXS_flit_transmitter_CXSDATA_reg[5]
            (rising edge-triggered flip-flop clocked by CXS_CLK)
  Path Group: CXS_CLK
  Path Type: min

  Point                                                   Incr       Path
  --------------------------------------------------------------------------
  clock CXS_CLK (rise edge)                               0.00       0.00
  clock network delay (ideal)                             0.00       0.00
  u_CXS_TOP/u_CXS_TX_TOP/u_CXS_flit_transmitter/pending_data_reg_reg[5]/CK (DFFRX1M)
                                                          0.00       0.00 r
  u_CXS_TOP/u_CXS_TX_TOP/u_CXS_flit_transmitter/pending_data_reg_reg[5]/QN (DFFRX1M)
                                                          0.36       0.36 r
  u_CXS_TOP/u_CXS_TX_TOP/u_CXS_flit_transmitter/U55/Y (OAI221X1M)
                                                          0.16       0.52 f
  u_CXS_TOP/u_CXS_TX_TOP/u_CXS_flit_transmitter/o_CXS_flit_transmitter_CXSDATA_reg[5]/D (DFFRHQX8M)
                                                          0.00       0.52 f
  data arrival time                                                  0.52

  clock CXS_CLK (rise edge)                               0.00       0.00
  clock network delay (ideal)                             0.00       0.00
  clock uncertainty                                       0.05       0.05
  u_CXS_TOP/u_CXS_TX_TOP/u_CXS_flit_transmitter/o_CXS_flit_transmitter_CXSDATA_reg[5]/CK (DFFRHQX8M)
                                                          0.00       0.05 r
  library hold time                                      -0.06      -0.01
  data required time                                                -0.01
  --------------------------------------------------------------------------
  data required time                                                -0.01
  data arrival time                                                 -0.52
  --------------------------------------------------------------------------
  slack (MET)                                                        0.53


  Startpoint: u_CXS_TOP/u_CXS_TX_TOP/u_CXS_flit_transmitter/pending_data_reg_reg[4]
              (rising edge-triggered flip-flop clocked by CXS_CLK)
  Endpoint: u_CXS_TOP/u_CXS_TX_TOP/u_CXS_flit_transmitter/o_CXS_flit_transmitter_CXSDATA_reg[4]
            (rising edge-triggered flip-flop clocked by CXS_CLK)
  Path Group: CXS_CLK
  Path Type: min

  Point                                                   Incr       Path
  --------------------------------------------------------------------------
  clock CXS_CLK (rise edge)                               0.00       0.00
  clock network delay (ideal)                             0.00       0.00
  u_CXS_TOP/u_CXS_TX_TOP/u_CXS_flit_transmitter/pending_data_reg_reg[4]/CK (DFFRX1M)
                                                          0.00       0.00 r
  u_CXS_TOP/u_CXS_TX_TOP/u_CXS_flit_transmitter/pending_data_reg_reg[4]/QN (DFFRX1M)
                                                          0.36       0.36 r
  u_CXS_TOP/u_CXS_TX_TOP/u_CXS_flit_transmitter/U53/Y (OAI221X1M)
                                                          0.16       0.52 f
  u_CXS_TOP/u_CXS_TX_TOP/u_CXS_flit_transmitter/o_CXS_flit_transmitter_CXSDATA_reg[4]/D (DFFRHQX8M)
                                                          0.00       0.52 f
  data arrival time                                                  0.52

  clock CXS_CLK (rise edge)                               0.00       0.00
  clock network delay (ideal)                             0.00       0.00
  clock uncertainty                                       0.05       0.05
  u_CXS_TOP/u_CXS_TX_TOP/u_CXS_flit_transmitter/o_CXS_flit_transmitter_CXSDATA_reg[4]/CK (DFFRHQX8M)
                                                          0.00       0.05 r
  library hold time                                      -0.06      -0.01
  data required time                                                -0.01
  --------------------------------------------------------------------------
  data required time                                                -0.01
  data arrival time                                                 -0.52
  --------------------------------------------------------------------------
  slack (MET)                                                        0.53


  Startpoint: u_CXS_TOP/u_CXS_TX_TOP/u_CXS_flit_transmitter/pending_data_reg_reg[3]
              (rising edge-triggered flip-flop clocked by CXS_CLK)
  Endpoint: u_CXS_TOP/u_CXS_TX_TOP/u_CXS_flit_transmitter/o_CXS_flit_transmitter_CXSDATA_reg[3]
            (rising edge-triggered flip-flop clocked by CXS_CLK)
  Path Group: CXS_CLK
  Path Type: min

  Point                                                   Incr       Path
  --------------------------------------------------------------------------
  clock CXS_CLK (rise edge)                               0.00       0.00
  clock network delay (ideal)                             0.00       0.00
  u_CXS_TOP/u_CXS_TX_TOP/u_CXS_flit_transmitter/pending_data_reg_reg[3]/CK (DFFRX1M)
                                                          0.00       0.00 r
  u_CXS_TOP/u_CXS_TX_TOP/u_CXS_flit_transmitter/pending_data_reg_reg[3]/QN (DFFRX1M)
                                                          0.36       0.36 r
  u_CXS_TOP/u_CXS_TX_TOP/u_CXS_flit_transmitter/U51/Y (OAI221X1M)
                                                          0.16       0.52 f
  u_CXS_TOP/u_CXS_TX_TOP/u_CXS_flit_transmitter/o_CXS_flit_transmitter_CXSDATA_reg[3]/D (DFFRHQX8M)
                                                          0.00       0.52 f
  data arrival time                                                  0.52

  clock CXS_CLK (rise edge)                               0.00       0.00
  clock network delay (ideal)                             0.00       0.00
  clock uncertainty                                       0.05       0.05
  u_CXS_TOP/u_CXS_TX_TOP/u_CXS_flit_transmitter/o_CXS_flit_transmitter_CXSDATA_reg[3]/CK (DFFRHQX8M)
                                                          0.00       0.05 r
  library hold time                                      -0.06      -0.01
  data required time                                                -0.01
  --------------------------------------------------------------------------
  data required time                                                -0.01
  data arrival time                                                 -0.52
  --------------------------------------------------------------------------
  slack (MET)                                                        0.53


  Startpoint: u_CXS_TOP/u_CXS_TX_TOP/u_CXS_flit_transmitter/pending_data_reg_reg[2]
              (rising edge-triggered flip-flop clocked by CXS_CLK)
  Endpoint: u_CXS_TOP/u_CXS_TX_TOP/u_CXS_flit_transmitter/o_CXS_flit_transmitter_CXSDATA_reg[2]
            (rising edge-triggered flip-flop clocked by CXS_CLK)
  Path Group: CXS_CLK
  Path Type: min

  Point                                                   Incr       Path
  --------------------------------------------------------------------------
  clock CXS_CLK (rise edge)                               0.00       0.00
  clock network delay (ideal)                             0.00       0.00
  u_CXS_TOP/u_CXS_TX_TOP/u_CXS_flit_transmitter/pending_data_reg_reg[2]/CK (DFFRX1M)
                                                          0.00       0.00 r
  u_CXS_TOP/u_CXS_TX_TOP/u_CXS_flit_transmitter/pending_data_reg_reg[2]/QN (DFFRX1M)
                                                          0.36       0.36 r
  u_CXS_TOP/u_CXS_TX_TOP/u_CXS_flit_transmitter/U49/Y (OAI221X1M)
                                                          0.16       0.52 f
  u_CXS_TOP/u_CXS_TX_TOP/u_CXS_flit_transmitter/o_CXS_flit_transmitter_CXSDATA_reg[2]/D (DFFRHQX8M)
                                                          0.00       0.52 f
  data arrival time                                                  0.52

  clock CXS_CLK (rise edge)                               0.00       0.00
  clock network delay (ideal)                             0.00       0.00
  clock uncertainty                                       0.05       0.05
  u_CXS_TOP/u_CXS_TX_TOP/u_CXS_flit_transmitter/o_CXS_flit_transmitter_CXSDATA_reg[2]/CK (DFFRHQX8M)
                                                          0.00       0.05 r
  library hold time                                      -0.06      -0.01
  data required time                                                -0.01
  --------------------------------------------------------------------------
  data required time                                                -0.01
  data arrival time                                                 -0.52
  --------------------------------------------------------------------------
  slack (MET)                                                        0.53


  Startpoint: u_CXS_TOP/u_CXS_TX_TOP/u_CXS_flit_transmitter/pending_data_reg_reg[1]
              (rising edge-triggered flip-flop clocked by CXS_CLK)
  Endpoint: u_CXS_TOP/u_CXS_TX_TOP/u_CXS_flit_transmitter/o_CXS_flit_transmitter_CXSDATA_reg[1]
            (rising edge-triggered flip-flop clocked by CXS_CLK)
  Path Group: CXS_CLK
  Path Type: min

  Point                                                   Incr       Path
  --------------------------------------------------------------------------
  clock CXS_CLK (rise edge)                               0.00       0.00
  clock network delay (ideal)                             0.00       0.00
  u_CXS_TOP/u_CXS_TX_TOP/u_CXS_flit_transmitter/pending_data_reg_reg[1]/CK (DFFRX1M)
                                                          0.00       0.00 r
  u_CXS_TOP/u_CXS_TX_TOP/u_CXS_flit_transmitter/pending_data_reg_reg[1]/QN (DFFRX1M)
                                                          0.36       0.36 r
  u_CXS_TOP/u_CXS_TX_TOP/u_CXS_flit_transmitter/U47/Y (OAI221X1M)
                                                          0.16       0.52 f
  u_CXS_TOP/u_CXS_TX_TOP/u_CXS_flit_transmitter/o_CXS_flit_transmitter_CXSDATA_reg[1]/D (DFFRHQX8M)
                                                          0.00       0.52 f
  data arrival time                                                  0.52

  clock CXS_CLK (rise edge)                               0.00       0.00
  clock network delay (ideal)                             0.00       0.00
  clock uncertainty                                       0.05       0.05
  u_CXS_TOP/u_CXS_TX_TOP/u_CXS_flit_transmitter/o_CXS_flit_transmitter_CXSDATA_reg[1]/CK (DFFRHQX8M)
                                                          0.00       0.05 r
  library hold time                                      -0.06      -0.01
  data required time                                                -0.01
  --------------------------------------------------------------------------
  data required time                                                -0.01
  data arrival time                                                 -0.52
  --------------------------------------------------------------------------
  slack (MET)                                                        0.53


  Startpoint: u_CXS_TOP/u_CXS_TX_TOP/u_CXS_flit_transmitter/pending_data_reg_reg[0]
              (rising edge-triggered flip-flop clocked by CXS_CLK)
  Endpoint: u_CXS_TOP/u_CXS_TX_TOP/u_CXS_flit_transmitter/o_CXS_flit_transmitter_CXSDATA_reg[0]
            (rising edge-triggered flip-flop clocked by CXS_CLK)
  Path Group: CXS_CLK
  Path Type: min

  Point                                                   Incr       Path
  --------------------------------------------------------------------------
  clock CXS_CLK (rise edge)                               0.00       0.00
  clock network delay (ideal)                             0.00       0.00
  u_CXS_TOP/u_CXS_TX_TOP/u_CXS_flit_transmitter/pending_data_reg_reg[0]/CK (DFFRX1M)
                                                          0.00       0.00 r
  u_CXS_TOP/u_CXS_TX_TOP/u_CXS_flit_transmitter/pending_data_reg_reg[0]/QN (DFFRX1M)
                                                          0.36       0.36 r
  u_CXS_TOP/u_CXS_TX_TOP/u_CXS_flit_transmitter/U45/Y (OAI221X1M)
                                                          0.16       0.52 f
  u_CXS_TOP/u_CXS_TX_TOP/u_CXS_flit_transmitter/o_CXS_flit_transmitter_CXSDATA_reg[0]/D (DFFRHQX8M)
                                                          0.00       0.52 f
  data arrival time                                                  0.52

  clock CXS_CLK (rise edge)                               0.00       0.00
  clock network delay (ideal)                             0.00       0.00
  clock uncertainty                                       0.05       0.05
  u_CXS_TOP/u_CXS_TX_TOP/u_CXS_flit_transmitter/o_CXS_flit_transmitter_CXSDATA_reg[0]/CK (DFFRHQX8M)
                                                          0.00       0.05 r
  library hold time                                      -0.06      -0.01
  data required time                                                -0.01
  --------------------------------------------------------------------------
  data required time                                                -0.01
  data arrival time                                                 -0.52
  --------------------------------------------------------------------------
  slack (MET)                                                        0.53


  Startpoint: u_CXS_TOP/u_CXS_TX_TOP/u_CXS_flit_transmitter/pending_data_reg_reg[30]
              (rising edge-triggered flip-flop clocked by CXS_CLK)
  Endpoint: u_CXS_TOP/u_CXS_TX_TOP/u_CXS_flit_transmitter/o_CXS_flit_transmitter_CXSDATA_reg[30]
            (rising edge-triggered flip-flop clocked by CXS_CLK)
  Path Group: CXS_CLK
  Path Type: min

  Point                                                   Incr       Path
  --------------------------------------------------------------------------
  clock CXS_CLK (rise edge)                               0.00       0.00
  clock network delay (ideal)                             0.00       0.00
  u_CXS_TOP/u_CXS_TX_TOP/u_CXS_flit_transmitter/pending_data_reg_reg[30]/CK (DFFRX1M)
                                                          0.00       0.00 r
  u_CXS_TOP/u_CXS_TX_TOP/u_CXS_flit_transmitter/pending_data_reg_reg[30]/QN (DFFRX1M)
                                                          0.36       0.36 r
  u_CXS_TOP/u_CXS_TX_TOP/u_CXS_flit_transmitter/U105/Y (OAI221X1M)
                                                          0.16       0.52 f
  u_CXS_TOP/u_CXS_TX_TOP/u_CXS_flit_transmitter/o_CXS_flit_transmitter_CXSDATA_reg[30]/D (DFFRHQX8M)
                                                          0.00       0.52 f
  data arrival time                                                  0.52

  clock CXS_CLK (rise edge)                               0.00       0.00
  clock network delay (ideal)                             0.00       0.00
  clock uncertainty                                       0.05       0.05
  u_CXS_TOP/u_CXS_TX_TOP/u_CXS_flit_transmitter/o_CXS_flit_transmitter_CXSDATA_reg[30]/CK (DFFRHQX8M)
                                                          0.00       0.05 r
  library hold time                                      -0.06      -0.01
  data required time                                                -0.01
  --------------------------------------------------------------------------
  data required time                                                -0.01
  data arrival time                                                 -0.52
  --------------------------------------------------------------------------
  slack (MET)                                                        0.53


  Startpoint: u_CXS_TOP/u_CXS_TX_TOP/u_CXS_flit_transmitter/pending_data_reg_reg[28]
              (rising edge-triggered flip-flop clocked by CXS_CLK)
  Endpoint: u_CXS_TOP/u_CXS_TX_TOP/u_CXS_flit_transmitter/o_CXS_flit_transmitter_CXSDATA_reg[28]
            (rising edge-triggered flip-flop clocked by CXS_CLK)
  Path Group: CXS_CLK
  Path Type: min

  Point                                                   Incr       Path
  --------------------------------------------------------------------------
  clock CXS_CLK (rise edge)                               0.00       0.00
  clock network delay (ideal)                             0.00       0.00
  u_CXS_TOP/u_CXS_TX_TOP/u_CXS_flit_transmitter/pending_data_reg_reg[28]/CK (DFFRX1M)
                                                          0.00       0.00 r
  u_CXS_TOP/u_CXS_TX_TOP/u_CXS_flit_transmitter/pending_data_reg_reg[28]/QN (DFFRX1M)
                                                          0.36       0.36 r
  u_CXS_TOP/u_CXS_TX_TOP/u_CXS_flit_transmitter/U101/Y (OAI221X1M)
                                                          0.16       0.52 f
  u_CXS_TOP/u_CXS_TX_TOP/u_CXS_flit_transmitter/o_CXS_flit_transmitter_CXSDATA_reg[28]/D (DFFRHQX8M)
                                                          0.00       0.52 f
  data arrival time                                                  0.52

  clock CXS_CLK (rise edge)                               0.00       0.00
  clock network delay (ideal)                             0.00       0.00
  clock uncertainty                                       0.05       0.05
  u_CXS_TOP/u_CXS_TX_TOP/u_CXS_flit_transmitter/o_CXS_flit_transmitter_CXSDATA_reg[28]/CK (DFFRHQX8M)
                                                          0.00       0.05 r
  library hold time                                      -0.06      -0.01
  data required time                                                -0.01
  --------------------------------------------------------------------------
  data required time                                                -0.01
  data arrival time                                                 -0.52
  --------------------------------------------------------------------------
  slack (MET)                                                        0.53


  Startpoint: u_CXS_TOP/u_CXS_TX_TOP/u_CXS_flit_transmitter/pending_data_reg_reg[26]
              (rising edge-triggered flip-flop clocked by CXS_CLK)
  Endpoint: u_CXS_TOP/u_CXS_TX_TOP/u_CXS_flit_transmitter/o_CXS_flit_transmitter_CXSDATA_reg[26]
            (rising edge-triggered flip-flop clocked by CXS_CLK)
  Path Group: CXS_CLK
  Path Type: min

  Point                                                   Incr       Path
  --------------------------------------------------------------------------
  clock CXS_CLK (rise edge)                               0.00       0.00
  clock network delay (ideal)                             0.00       0.00
  u_CXS_TOP/u_CXS_TX_TOP/u_CXS_flit_transmitter/pending_data_reg_reg[26]/CK (DFFRX1M)
                                                          0.00       0.00 r
  u_CXS_TOP/u_CXS_TX_TOP/u_CXS_flit_transmitter/pending_data_reg_reg[26]/QN (DFFRX1M)
                                                          0.36       0.36 r
  u_CXS_TOP/u_CXS_TX_TOP/u_CXS_flit_transmitter/U97/Y (OAI221X1M)
                                                          0.16       0.52 f
  u_CXS_TOP/u_CXS_TX_TOP/u_CXS_flit_transmitter/o_CXS_flit_transmitter_CXSDATA_reg[26]/D (DFFRHQX8M)
                                                          0.00       0.52 f
  data arrival time                                                  0.52

  clock CXS_CLK (rise edge)                               0.00       0.00
  clock network delay (ideal)                             0.00       0.00
  clock uncertainty                                       0.05       0.05
  u_CXS_TOP/u_CXS_TX_TOP/u_CXS_flit_transmitter/o_CXS_flit_transmitter_CXSDATA_reg[26]/CK (DFFRHQX8M)
                                                          0.00       0.05 r
  library hold time                                      -0.06      -0.01
  data required time                                                -0.01
  --------------------------------------------------------------------------
  data required time                                                -0.01
  data arrival time                                                 -0.52
  --------------------------------------------------------------------------
  slack (MET)                                                        0.53


  Startpoint: u_CXS_TOP/u_CXS_TX_TOP/u_CXS_flit_transmitter/pending_data_reg_reg[24]
              (rising edge-triggered flip-flop clocked by CXS_CLK)
  Endpoint: u_CXS_TOP/u_CXS_TX_TOP/u_CXS_flit_transmitter/o_CXS_flit_transmitter_CXSDATA_reg[24]
            (rising edge-triggered flip-flop clocked by CXS_CLK)
  Path Group: CXS_CLK
  Path Type: min

  Point                                                   Incr       Path
  --------------------------------------------------------------------------
  clock CXS_CLK (rise edge)                               0.00       0.00
  clock network delay (ideal)                             0.00       0.00
  u_CXS_TOP/u_CXS_TX_TOP/u_CXS_flit_transmitter/pending_data_reg_reg[24]/CK (DFFRX1M)
                                                          0.00       0.00 r
  u_CXS_TOP/u_CXS_TX_TOP/u_CXS_flit_transmitter/pending_data_reg_reg[24]/QN (DFFRX1M)
                                                          0.36       0.36 r
  u_CXS_TOP/u_CXS_TX_TOP/u_CXS_flit_transmitter/U93/Y (OAI221X1M)
                                                          0.16       0.52 f
  u_CXS_TOP/u_CXS_TX_TOP/u_CXS_flit_transmitter/o_CXS_flit_transmitter_CXSDATA_reg[24]/D (DFFRHQX8M)
                                                          0.00       0.52 f
  data arrival time                                                  0.52

  clock CXS_CLK (rise edge)                               0.00       0.00
  clock network delay (ideal)                             0.00       0.00
  clock uncertainty                                       0.05       0.05
  u_CXS_TOP/u_CXS_TX_TOP/u_CXS_flit_transmitter/o_CXS_flit_transmitter_CXSDATA_reg[24]/CK (DFFRHQX8M)
                                                          0.00       0.05 r
  library hold time                                      -0.06      -0.01
  data required time                                                -0.01
  --------------------------------------------------------------------------
  data required time                                                -0.01
  data arrival time                                                 -0.52
  --------------------------------------------------------------------------
  slack (MET)                                                        0.53


  Startpoint: u_CXS_TOP/u_CXS_TX_TOP/u_CXS_flit_transmitter/pending_data_reg_reg[23]
              (rising edge-triggered flip-flop clocked by CXS_CLK)
  Endpoint: u_CXS_TOP/u_CXS_TX_TOP/u_CXS_flit_transmitter/o_CXS_flit_transmitter_CXSDATA_reg[23]
            (rising edge-triggered flip-flop clocked by CXS_CLK)
  Path Group: CXS_CLK
  Path Type: min

  Point                                                   Incr       Path
  --------------------------------------------------------------------------
  clock CXS_CLK (rise edge)                               0.00       0.00
  clock network delay (ideal)                             0.00       0.00
  u_CXS_TOP/u_CXS_TX_TOP/u_CXS_flit_transmitter/pending_data_reg_reg[23]/CK (DFFRX1M)
                                                          0.00       0.00 r
  u_CXS_TOP/u_CXS_TX_TOP/u_CXS_flit_transmitter/pending_data_reg_reg[23]/QN (DFFRX1M)
                                                          0.36       0.36 r
  u_CXS_TOP/u_CXS_TX_TOP/u_CXS_flit_transmitter/U91/Y (OAI221X1M)
                                                          0.16       0.52 f
  u_CXS_TOP/u_CXS_TX_TOP/u_CXS_flit_transmitter/o_CXS_flit_transmitter_CXSDATA_reg[23]/D (DFFRHQX8M)
                                                          0.00       0.52 f
  data arrival time                                                  0.52

  clock CXS_CLK (rise edge)                               0.00       0.00
  clock network delay (ideal)                             0.00       0.00
  clock uncertainty                                       0.05       0.05
  u_CXS_TOP/u_CXS_TX_TOP/u_CXS_flit_transmitter/o_CXS_flit_transmitter_CXSDATA_reg[23]/CK (DFFRHQX8M)
                                                          0.00       0.05 r
  library hold time                                      -0.06      -0.01
  data required time                                                -0.01
  --------------------------------------------------------------------------
  data required time                                                -0.01
  data arrival time                                                 -0.52
  --------------------------------------------------------------------------
  slack (MET)                                                        0.53


  Startpoint: u_CXS_TOP/u_CXS_TX_TOP/u_CXS_flit_transmitter/pending_data_reg_reg[22]
              (rising edge-triggered flip-flop clocked by CXS_CLK)
  Endpoint: u_CXS_TOP/u_CXS_TX_TOP/u_CXS_flit_transmitter/o_CXS_flit_transmitter_CXSDATA_reg[22]
            (rising edge-triggered flip-flop clocked by CXS_CLK)
  Path Group: CXS_CLK
  Path Type: min

  Point                                                   Incr       Path
  --------------------------------------------------------------------------
  clock CXS_CLK (rise edge)                               0.00       0.00
  clock network delay (ideal)                             0.00       0.00
  u_CXS_TOP/u_CXS_TX_TOP/u_CXS_flit_transmitter/pending_data_reg_reg[22]/CK (DFFRX1M)
                                                          0.00       0.00 r
  u_CXS_TOP/u_CXS_TX_TOP/u_CXS_flit_transmitter/pending_data_reg_reg[22]/QN (DFFRX1M)
                                                          0.36       0.36 r
  u_CXS_TOP/u_CXS_TX_TOP/u_CXS_flit_transmitter/U89/Y (OAI221X1M)
                                                          0.16       0.52 f
  u_CXS_TOP/u_CXS_TX_TOP/u_CXS_flit_transmitter/o_CXS_flit_transmitter_CXSDATA_reg[22]/D (DFFRHQX8M)
                                                          0.00       0.52 f
  data arrival time                                                  0.52

  clock CXS_CLK (rise edge)                               0.00       0.00
  clock network delay (ideal)                             0.00       0.00
  clock uncertainty                                       0.05       0.05
  u_CXS_TOP/u_CXS_TX_TOP/u_CXS_flit_transmitter/o_CXS_flit_transmitter_CXSDATA_reg[22]/CK (DFFRHQX8M)
                                                          0.00       0.05 r
  library hold time                                      -0.06      -0.01
  data required time                                                -0.01
  --------------------------------------------------------------------------
  data required time                                                -0.01
  data arrival time                                                 -0.52
  --------------------------------------------------------------------------
  slack (MET)                                                        0.53


  Startpoint: u_CXS_TOP/u_CXS_TX_TOP/u_CXS_flit_transmitter/pending_data_reg_reg[21]
              (rising edge-triggered flip-flop clocked by CXS_CLK)
  Endpoint: u_CXS_TOP/u_CXS_TX_TOP/u_CXS_flit_transmitter/o_CXS_flit_transmitter_CXSDATA_reg[21]
            (rising edge-triggered flip-flop clocked by CXS_CLK)
  Path Group: CXS_CLK
  Path Type: min

  Point                                                   Incr       Path
  --------------------------------------------------------------------------
  clock CXS_CLK (rise edge)                               0.00       0.00
  clock network delay (ideal)                             0.00       0.00
  u_CXS_TOP/u_CXS_TX_TOP/u_CXS_flit_transmitter/pending_data_reg_reg[21]/CK (DFFRX1M)
                                                          0.00       0.00 r
  u_CXS_TOP/u_CXS_TX_TOP/u_CXS_flit_transmitter/pending_data_reg_reg[21]/QN (DFFRX1M)
                                                          0.36       0.36 r
  u_CXS_TOP/u_CXS_TX_TOP/u_CXS_flit_transmitter/U87/Y (OAI221X1M)
                                                          0.16       0.52 f
  u_CXS_TOP/u_CXS_TX_TOP/u_CXS_flit_transmitter/o_CXS_flit_transmitter_CXSDATA_reg[21]/D (DFFRHQX8M)
                                                          0.00       0.52 f
  data arrival time                                                  0.52

  clock CXS_CLK (rise edge)                               0.00       0.00
  clock network delay (ideal)                             0.00       0.00
  clock uncertainty                                       0.05       0.05
  u_CXS_TOP/u_CXS_TX_TOP/u_CXS_flit_transmitter/o_CXS_flit_transmitter_CXSDATA_reg[21]/CK (DFFRHQX8M)
                                                          0.00       0.05 r
  library hold time                                      -0.06      -0.01
  data required time                                                -0.01
  --------------------------------------------------------------------------
  data required time                                                -0.01
  data arrival time                                                 -0.52
  --------------------------------------------------------------------------
  slack (MET)                                                        0.53


  Startpoint: u_CXS_TOP/u_CXS_TX_TOP/u_CXS_flit_transmitter/pending_data_reg_reg[20]
              (rising edge-triggered flip-flop clocked by CXS_CLK)
  Endpoint: u_CXS_TOP/u_CXS_TX_TOP/u_CXS_flit_transmitter/o_CXS_flit_transmitter_CXSDATA_reg[20]
            (rising edge-triggered flip-flop clocked by CXS_CLK)
  Path Group: CXS_CLK
  Path Type: min

  Point                                                   Incr       Path
  --------------------------------------------------------------------------
  clock CXS_CLK (rise edge)                               0.00       0.00
  clock network delay (ideal)                             0.00       0.00
  u_CXS_TOP/u_CXS_TX_TOP/u_CXS_flit_transmitter/pending_data_reg_reg[20]/CK (DFFRX1M)
                                                          0.00       0.00 r
  u_CXS_TOP/u_CXS_TX_TOP/u_CXS_flit_transmitter/pending_data_reg_reg[20]/QN (DFFRX1M)
                                                          0.36       0.36 r
  u_CXS_TOP/u_CXS_TX_TOP/u_CXS_flit_transmitter/U85/Y (OAI221X1M)
                                                          0.16       0.52 f
  u_CXS_TOP/u_CXS_TX_TOP/u_CXS_flit_transmitter/o_CXS_flit_transmitter_CXSDATA_reg[20]/D (DFFRHQX8M)
                                                          0.00       0.52 f
  data arrival time                                                  0.52

  clock CXS_CLK (rise edge)                               0.00       0.00
  clock network delay (ideal)                             0.00       0.00
  clock uncertainty                                       0.05       0.05
  u_CXS_TOP/u_CXS_TX_TOP/u_CXS_flit_transmitter/o_CXS_flit_transmitter_CXSDATA_reg[20]/CK (DFFRHQX8M)
                                                          0.00       0.05 r
  library hold time                                      -0.06      -0.01
  data required time                                                -0.01
  --------------------------------------------------------------------------
  data required time                                                -0.01
  data arrival time                                                 -0.52
  --------------------------------------------------------------------------
  slack (MET)                                                        0.53


  Startpoint: u_CXS_TOP/u_CXS_TX_TOP/u_CXS_flit_transmitter/pending_data_reg_reg[19]
              (rising edge-triggered flip-flop clocked by CXS_CLK)
  Endpoint: u_CXS_TOP/u_CXS_TX_TOP/u_CXS_flit_transmitter/o_CXS_flit_transmitter_CXSDATA_reg[19]
            (rising edge-triggered flip-flop clocked by CXS_CLK)
  Path Group: CXS_CLK
  Path Type: min

  Point                                                   Incr       Path
  --------------------------------------------------------------------------
  clock CXS_CLK (rise edge)                               0.00       0.00
  clock network delay (ideal)                             0.00       0.00
  u_CXS_TOP/u_CXS_TX_TOP/u_CXS_flit_transmitter/pending_data_reg_reg[19]/CK (DFFRX1M)
                                                          0.00       0.00 r
  u_CXS_TOP/u_CXS_TX_TOP/u_CXS_flit_transmitter/pending_data_reg_reg[19]/QN (DFFRX1M)
                                                          0.36       0.36 r
  u_CXS_TOP/u_CXS_TX_TOP/u_CXS_flit_transmitter/U83/Y (OAI221X1M)
                                                          0.16       0.52 f
  u_CXS_TOP/u_CXS_TX_TOP/u_CXS_flit_transmitter/o_CXS_flit_transmitter_CXSDATA_reg[19]/D (DFFRHQX8M)
                                                          0.00       0.52 f
  data arrival time                                                  0.52

  clock CXS_CLK (rise edge)                               0.00       0.00
  clock network delay (ideal)                             0.00       0.00
  clock uncertainty                                       0.05       0.05
  u_CXS_TOP/u_CXS_TX_TOP/u_CXS_flit_transmitter/o_CXS_flit_transmitter_CXSDATA_reg[19]/CK (DFFRHQX8M)
                                                          0.00       0.05 r
  library hold time                                      -0.06      -0.01
  data required time                                                -0.01
  --------------------------------------------------------------------------
  data required time                                                -0.01
  data arrival time                                                 -0.52
  --------------------------------------------------------------------------
  slack (MET)                                                        0.53


  Startpoint: u_CXS_TOP/u_CXS_TX_TOP/u_CXS_flit_transmitter/pending_data_reg_reg[18]
              (rising edge-triggered flip-flop clocked by CXS_CLK)
  Endpoint: u_CXS_TOP/u_CXS_TX_TOP/u_CXS_flit_transmitter/o_CXS_flit_transmitter_CXSDATA_reg[18]
            (rising edge-triggered flip-flop clocked by CXS_CLK)
  Path Group: CXS_CLK
  Path Type: min

  Point                                                   Incr       Path
  --------------------------------------------------------------------------
  clock CXS_CLK (rise edge)                               0.00       0.00
  clock network delay (ideal)                             0.00       0.00
  u_CXS_TOP/u_CXS_TX_TOP/u_CXS_flit_transmitter/pending_data_reg_reg[18]/CK (DFFRX1M)
                                                          0.00       0.00 r
  u_CXS_TOP/u_CXS_TX_TOP/u_CXS_flit_transmitter/pending_data_reg_reg[18]/QN (DFFRX1M)
                                                          0.36       0.36 r
  u_CXS_TOP/u_CXS_TX_TOP/u_CXS_flit_transmitter/U81/Y (OAI221X1M)
                                                          0.16       0.52 f
  u_CXS_TOP/u_CXS_TX_TOP/u_CXS_flit_transmitter/o_CXS_flit_transmitter_CXSDATA_reg[18]/D (DFFRHQX8M)
                                                          0.00       0.52 f
  data arrival time                                                  0.52

  clock CXS_CLK (rise edge)                               0.00       0.00
  clock network delay (ideal)                             0.00       0.00
  clock uncertainty                                       0.05       0.05
  u_CXS_TOP/u_CXS_TX_TOP/u_CXS_flit_transmitter/o_CXS_flit_transmitter_CXSDATA_reg[18]/CK (DFFRHQX8M)
                                                          0.00       0.05 r
  library hold time                                      -0.06      -0.01
  data required time                                                -0.01
  --------------------------------------------------------------------------
  data required time                                                -0.01
  data arrival time                                                 -0.52
  --------------------------------------------------------------------------
  slack (MET)                                                        0.53


  Startpoint: u_CXS_TOP/u_CXS_TX_TOP/u_CXS_flit_transmitter/pending_data_reg_reg[17]
              (rising edge-triggered flip-flop clocked by CXS_CLK)
  Endpoint: u_CXS_TOP/u_CXS_TX_TOP/u_CXS_flit_transmitter/o_CXS_flit_transmitter_CXSDATA_reg[17]
            (rising edge-triggered flip-flop clocked by CXS_CLK)
  Path Group: CXS_CLK
  Path Type: min

  Point                                                   Incr       Path
  --------------------------------------------------------------------------
  clock CXS_CLK (rise edge)                               0.00       0.00
  clock network delay (ideal)                             0.00       0.00
  u_CXS_TOP/u_CXS_TX_TOP/u_CXS_flit_transmitter/pending_data_reg_reg[17]/CK (DFFRX1M)
                                                          0.00       0.00 r
  u_CXS_TOP/u_CXS_TX_TOP/u_CXS_flit_transmitter/pending_data_reg_reg[17]/QN (DFFRX1M)
                                                          0.36       0.36 r
  u_CXS_TOP/u_CXS_TX_TOP/u_CXS_flit_transmitter/U79/Y (OAI221X1M)
                                                          0.16       0.52 f
  u_CXS_TOP/u_CXS_TX_TOP/u_CXS_flit_transmitter/o_CXS_flit_transmitter_CXSDATA_reg[17]/D (DFFRHQX8M)
                                                          0.00       0.52 f
  data arrival time                                                  0.52

  clock CXS_CLK (rise edge)                               0.00       0.00
  clock network delay (ideal)                             0.00       0.00
  clock uncertainty                                       0.05       0.05
  u_CXS_TOP/u_CXS_TX_TOP/u_CXS_flit_transmitter/o_CXS_flit_transmitter_CXSDATA_reg[17]/CK (DFFRHQX8M)
                                                          0.00       0.05 r
  library hold time                                      -0.06      -0.01
  data required time                                                -0.01
  --------------------------------------------------------------------------
  data required time                                                -0.01
  data arrival time                                                 -0.52
  --------------------------------------------------------------------------
  slack (MET)                                                        0.53


  Startpoint: u_CXS_TOP/u_CXS_TX_TOP/u_CXS_flit_transmitter/pending_data_reg_reg[16]
              (rising edge-triggered flip-flop clocked by CXS_CLK)
  Endpoint: u_CXS_TOP/u_CXS_TX_TOP/u_CXS_flit_transmitter/o_CXS_flit_transmitter_CXSDATA_reg[16]
            (rising edge-triggered flip-flop clocked by CXS_CLK)
  Path Group: CXS_CLK
  Path Type: min

  Point                                                   Incr       Path
  --------------------------------------------------------------------------
  clock CXS_CLK (rise edge)                               0.00       0.00
  clock network delay (ideal)                             0.00       0.00
  u_CXS_TOP/u_CXS_TX_TOP/u_CXS_flit_transmitter/pending_data_reg_reg[16]/CK (DFFRX1M)
                                                          0.00       0.00 r
  u_CXS_TOP/u_CXS_TX_TOP/u_CXS_flit_transmitter/pending_data_reg_reg[16]/QN (DFFRX1M)
                                                          0.36       0.36 r
  u_CXS_TOP/u_CXS_TX_TOP/u_CXS_flit_transmitter/U77/Y (OAI221X1M)
                                                          0.16       0.52 f
  u_CXS_TOP/u_CXS_TX_TOP/u_CXS_flit_transmitter/o_CXS_flit_transmitter_CXSDATA_reg[16]/D (DFFRHQX8M)
                                                          0.00       0.52 f
  data arrival time                                                  0.52

  clock CXS_CLK (rise edge)                               0.00       0.00
  clock network delay (ideal)                             0.00       0.00
  clock uncertainty                                       0.05       0.05
  u_CXS_TOP/u_CXS_TX_TOP/u_CXS_flit_transmitter/o_CXS_flit_transmitter_CXSDATA_reg[16]/CK (DFFRHQX8M)
                                                          0.00       0.05 r
  library hold time                                      -0.06      -0.01
  data required time                                                -0.01
  --------------------------------------------------------------------------
  data required time                                                -0.01
  data arrival time                                                 -0.52
  --------------------------------------------------------------------------
  slack (MET)                                                        0.53


  Startpoint: u_CXS_TOP/u_CXS_TX_TOP/u_CXS_flit_transmitter/pending_data_reg_reg[15]
              (rising edge-triggered flip-flop clocked by CXS_CLK)
  Endpoint: u_CXS_TOP/u_CXS_TX_TOP/u_CXS_flit_transmitter/o_CXS_flit_transmitter_CXSDATA_reg[15]
            (rising edge-triggered flip-flop clocked by CXS_CLK)
  Path Group: CXS_CLK
  Path Type: min

  Point                                                   Incr       Path
  --------------------------------------------------------------------------
  clock CXS_CLK (rise edge)                               0.00       0.00
  clock network delay (ideal)                             0.00       0.00
  u_CXS_TOP/u_CXS_TX_TOP/u_CXS_flit_transmitter/pending_data_reg_reg[15]/CK (DFFRX1M)
                                                          0.00       0.00 r
  u_CXS_TOP/u_CXS_TX_TOP/u_CXS_flit_transmitter/pending_data_reg_reg[15]/QN (DFFRX1M)
                                                          0.36       0.36 r
  u_CXS_TOP/u_CXS_TX_TOP/u_CXS_flit_transmitter/U75/Y (OAI221X1M)
                                                          0.16       0.52 f
  u_CXS_TOP/u_CXS_TX_TOP/u_CXS_flit_transmitter/o_CXS_flit_transmitter_CXSDATA_reg[15]/D (DFFRHQX8M)
                                                          0.00       0.52 f
  data arrival time                                                  0.52

  clock CXS_CLK (rise edge)                               0.00       0.00
  clock network delay (ideal)                             0.00       0.00
  clock uncertainty                                       0.05       0.05
  u_CXS_TOP/u_CXS_TX_TOP/u_CXS_flit_transmitter/o_CXS_flit_transmitter_CXSDATA_reg[15]/CK (DFFRHQX8M)
                                                          0.00       0.05 r
  library hold time                                      -0.06      -0.01
  data required time                                                -0.01
  --------------------------------------------------------------------------
  data required time                                                -0.01
  data arrival time                                                 -0.52
  --------------------------------------------------------------------------
  slack (MET)                                                        0.53


  Startpoint: u_CXS_TOP/u_CXS_TX_TOP/u_CXS_flit_transmitter/pending_data_reg_reg[14]
              (rising edge-triggered flip-flop clocked by CXS_CLK)
  Endpoint: u_CXS_TOP/u_CXS_TX_TOP/u_CXS_flit_transmitter/o_CXS_flit_transmitter_CXSDATA_reg[14]
            (rising edge-triggered flip-flop clocked by CXS_CLK)
  Path Group: CXS_CLK
  Path Type: min

  Point                                                   Incr       Path
  --------------------------------------------------------------------------
  clock CXS_CLK (rise edge)                               0.00       0.00
  clock network delay (ideal)                             0.00       0.00
  u_CXS_TOP/u_CXS_TX_TOP/u_CXS_flit_transmitter/pending_data_reg_reg[14]/CK (DFFRX1M)
                                                          0.00       0.00 r
  u_CXS_TOP/u_CXS_TX_TOP/u_CXS_flit_transmitter/pending_data_reg_reg[14]/QN (DFFRX1M)
                                                          0.36       0.36 r
  u_CXS_TOP/u_CXS_TX_TOP/u_CXS_flit_transmitter/U73/Y (OAI221X1M)
                                                          0.16       0.52 f
  u_CXS_TOP/u_CXS_TX_TOP/u_CXS_flit_transmitter/o_CXS_flit_transmitter_CXSDATA_reg[14]/D (DFFRHQX8M)
                                                          0.00       0.52 f
  data arrival time                                                  0.52

  clock CXS_CLK (rise edge)                               0.00       0.00
  clock network delay (ideal)                             0.00       0.00
  clock uncertainty                                       0.05       0.05
  u_CXS_TOP/u_CXS_TX_TOP/u_CXS_flit_transmitter/o_CXS_flit_transmitter_CXSDATA_reg[14]/CK (DFFRHQX8M)
                                                          0.00       0.05 r
  library hold time                                      -0.06      -0.01
  data required time                                                -0.01
  --------------------------------------------------------------------------
  data required time                                                -0.01
  data arrival time                                                 -0.52
  --------------------------------------------------------------------------
  slack (MET)                                                        0.53


  Startpoint: u_CXS_TOP/u_CXS_TX_TOP/u_CXS_flit_transmitter/pending_data_reg_reg[13]
              (rising edge-triggered flip-flop clocked by CXS_CLK)
  Endpoint: u_CXS_TOP/u_CXS_TX_TOP/u_CXS_flit_transmitter/o_CXS_flit_transmitter_CXSDATA_reg[13]
            (rising edge-triggered flip-flop clocked by CXS_CLK)
  Path Group: CXS_CLK
  Path Type: min

  Point                                                   Incr       Path
  --------------------------------------------------------------------------
  clock CXS_CLK (rise edge)                               0.00       0.00
  clock network delay (ideal)                             0.00       0.00
  u_CXS_TOP/u_CXS_TX_TOP/u_CXS_flit_transmitter/pending_data_reg_reg[13]/CK (DFFRX1M)
                                                          0.00       0.00 r
  u_CXS_TOP/u_CXS_TX_TOP/u_CXS_flit_transmitter/pending_data_reg_reg[13]/QN (DFFRX1M)
                                                          0.36       0.36 r
  u_CXS_TOP/u_CXS_TX_TOP/u_CXS_flit_transmitter/U71/Y (OAI221X1M)
                                                          0.16       0.52 f
  u_CXS_TOP/u_CXS_TX_TOP/u_CXS_flit_transmitter/o_CXS_flit_transmitter_CXSDATA_reg[13]/D (DFFRHQX8M)
                                                          0.00       0.52 f
  data arrival time                                                  0.52

  clock CXS_CLK (rise edge)                               0.00       0.00
  clock network delay (ideal)                             0.00       0.00
  clock uncertainty                                       0.05       0.05
  u_CXS_TOP/u_CXS_TX_TOP/u_CXS_flit_transmitter/o_CXS_flit_transmitter_CXSDATA_reg[13]/CK (DFFRHQX8M)
                                                          0.00       0.05 r
  library hold time                                      -0.06      -0.01
  data required time                                                -0.01
  --------------------------------------------------------------------------
  data required time                                                -0.01
  data arrival time                                                 -0.52
  --------------------------------------------------------------------------
  slack (MET)                                                        0.53


  Startpoint: u_CXS_TOP/u_CXS_TX_TOP/u_CXS_flit_transmitter/pending_data_reg_reg[12]
              (rising edge-triggered flip-flop clocked by CXS_CLK)
  Endpoint: u_CXS_TOP/u_CXS_TX_TOP/u_CXS_flit_transmitter/o_CXS_flit_transmitter_CXSDATA_reg[12]
            (rising edge-triggered flip-flop clocked by CXS_CLK)
  Path Group: CXS_CLK
  Path Type: min

  Point                                                   Incr       Path
  --------------------------------------------------------------------------
  clock CXS_CLK (rise edge)                               0.00       0.00
  clock network delay (ideal)                             0.00       0.00
  u_CXS_TOP/u_CXS_TX_TOP/u_CXS_flit_transmitter/pending_data_reg_reg[12]/CK (DFFRX1M)
                                                          0.00       0.00 r
  u_CXS_TOP/u_CXS_TX_TOP/u_CXS_flit_transmitter/pending_data_reg_reg[12]/QN (DFFRX1M)
                                                          0.36       0.36 r
  u_CXS_TOP/u_CXS_TX_TOP/u_CXS_flit_transmitter/U69/Y (OAI221X1M)
                                                          0.16       0.52 f
  u_CXS_TOP/u_CXS_TX_TOP/u_CXS_flit_transmitter/o_CXS_flit_transmitter_CXSDATA_reg[12]/D (DFFRHQX8M)
                                                          0.00       0.52 f
  data arrival time                                                  0.52

  clock CXS_CLK (rise edge)                               0.00       0.00
  clock network delay (ideal)                             0.00       0.00
  clock uncertainty                                       0.05       0.05
  u_CXS_TOP/u_CXS_TX_TOP/u_CXS_flit_transmitter/o_CXS_flit_transmitter_CXSDATA_reg[12]/CK (DFFRHQX8M)
                                                          0.00       0.05 r
  library hold time                                      -0.06      -0.01
  data required time                                                -0.01
  --------------------------------------------------------------------------
  data required time                                                -0.01
  data arrival time                                                 -0.52
  --------------------------------------------------------------------------
  slack (MET)                                                        0.53


  Startpoint: u_DATA_SYNC/generated_pulse_logic_reg
              (rising edge-triggered flip-flop clocked by CXS_CLK)
  Endpoint: u_DATA_SYNC/o_DATA_SYNC_enable_pulse_reg
            (rising edge-triggered flip-flop clocked by CXS_CLK)
  Path Group: CXS_CLK
  Path Type: min

  Point                                                   Incr       Path
  --------------------------------------------------------------------------
  clock CXS_CLK (rise edge)                               0.00       0.00
  clock network delay (ideal)                             0.00       0.00
  u_DATA_SYNC/generated_pulse_logic_reg/CK (DFFRQX2M)     0.00       0.00 r
  u_DATA_SYNC/generated_pulse_logic_reg/Q (DFFRQX2M)      0.38       0.38 r
  u_DATA_SYNC/U4/Y (NAND2BX2M)                            0.14       0.52 r
  u_DATA_SYNC/U3/Y (INVX2M)                               0.06       0.58 f
  u_DATA_SYNC/o_DATA_SYNC_enable_pulse_reg/D (DFFRQX2M)
                                                          0.00       0.58 f
  data arrival time                                                  0.58

  clock CXS_CLK (rise edge)                               0.00       0.00
  clock network delay (ideal)                             0.00       0.00
  clock uncertainty                                       0.05       0.05
  u_DATA_SYNC/o_DATA_SYNC_enable_pulse_reg/CK (DFFRQX2M)
                                                          0.00       0.05 r
  library hold time                                      -0.01       0.04
  data required time                                                 0.04
  --------------------------------------------------------------------------
  data required time                                                 0.04
  data arrival time                                                 -0.58
  --------------------------------------------------------------------------
  slack (MET)                                                        0.54


  Startpoint: u_CXS_TOP/u_CXS_RX_TOP/u_CXS_Credit_Generator/outstanding_credit_reg_reg[0]
              (rising edge-triggered flip-flop clocked by CXS_CLK)
  Endpoint: u_CXS_TOP/u_CXS_RX_TOP/u_CXS_Credit_Generator/outstanding_credit_reg_reg[0]
            (rising edge-triggered flip-flop clocked by CXS_CLK)
  Path Group: CXS_CLK
  Path Type: min

  Point                                                   Incr       Path
  --------------------------------------------------------------------------
  clock CXS_CLK (rise edge)                               0.00       0.00
  clock network delay (ideal)                             0.00       0.00
  u_CXS_TOP/u_CXS_RX_TOP/u_CXS_Credit_Generator/outstanding_credit_reg_reg[0]/CK (DFFRQX2M)
                                                          0.00       0.00 r
  u_CXS_TOP/u_CXS_RX_TOP/u_CXS_Credit_Generator/outstanding_credit_reg_reg[0]/Q (DFFRQX2M)
                                                          0.47       0.47 r
  u_CXS_TOP/u_CXS_RX_TOP/u_CXS_Credit_Generator/U33/Y (OAI22X1M)
                                                          0.12       0.59 f
  u_CXS_TOP/u_CXS_RX_TOP/u_CXS_Credit_Generator/outstanding_credit_reg_reg[0]/D (DFFRQX2M)
                                                          0.00       0.59 f
  data arrival time                                                  0.59

  clock CXS_CLK (rise edge)                               0.00       0.00
  clock network delay (ideal)                             0.00       0.00
  clock uncertainty                                       0.05       0.05
  u_CXS_TOP/u_CXS_RX_TOP/u_CXS_Credit_Generator/outstanding_credit_reg_reg[0]/CK (DFFRQX2M)
                                                          0.00       0.05 r
  library hold time                                      -0.01       0.04
  data required time                                                 0.04
  --------------------------------------------------------------------------
  data required time                                                 0.04
  data arrival time                                                 -0.59
  --------------------------------------------------------------------------
  slack (MET)                                                        0.55


  Startpoint: i_cxsdata[31]
              (input port clocked by CXS_CLK)
  Endpoint: u_CXS_TOP/u_CXS_RX_TOP/u_CXS_flit_receiver/o_CXS_flit_receiver_rx_data_reg[31]
            (rising edge-triggered flip-flop clocked by CXS_CLK)
  Path Group: CXS_IN
  Path Type: min

  Point                                                   Incr       Path
  --------------------------------------------------------------------------
  clock CXS_CLK (rise edge)                               0.00       0.00
  clock network delay (ideal)                             0.00       0.00
  input external delay                                    8.11       8.11 f
  i_cxsdata[31] (in)                                      0.01       8.12 f
  u_CXS_TOP/i_CXS_TOP_CXSDATA[31] (CXS_TOP_CXSMAXPAYLOADPERFLIT2_CXSDATAFLITWIDTH32_CNTL_W6_MAX_CREDITS15_CREDIT_W4_FIFO_WIDTH38)
                                                          0.00       8.12 f
  u_CXS_TOP/u_CXS_RX_TOP/i_CXS_RX_TOP_CXSDATA[31] (CXS_RX_TOP_CXSMAXPAYLOADPERFLIT2_CXSDATAFLITWIDTH32_CNTL_W6_MAX_CREDITS15_CREDIT_W4_FIFO_WIDTH38)
                                                          0.00       8.12 f
  u_CXS_TOP/u_CXS_RX_TOP/u_CXS_flit_receiver/i_CXS_flit_receiver_CXSDATA[31] (CXS_flit_receiver_CXSMAXPAYLOADPERFLIT2_CXSDATAFLITWIDTH32_CNTL_W6)
                                                          0.00       8.12 f
  u_CXS_TOP/u_CXS_RX_TOP/u_CXS_flit_receiver/U39/Y (AND2X2M)
                                                          0.13       8.25 f
  u_CXS_TOP/u_CXS_RX_TOP/u_CXS_flit_receiver/o_CXS_flit_receiver_rx_data_reg[31]/D (DFFRQX2M)
                                                          0.00       8.25 f
  data arrival time                                                  8.25

  clock CXS_CLK (rise edge)                               0.00       0.00
  clock network delay (ideal)                             0.00       0.00
  clock uncertainty                                       0.05       0.05
  u_CXS_TOP/u_CXS_RX_TOP/u_CXS_flit_receiver/o_CXS_flit_receiver_rx_data_reg[31]/CK (DFFRQX2M)
                                                          0.00       0.05 r
  library hold time                                      -0.01       0.04
  data required time                                                 0.04
  --------------------------------------------------------------------------
  data required time                                                 0.04
  data arrival time                                                 -8.25
  --------------------------------------------------------------------------
  slack (MET)                                                        8.20


  Startpoint: i_cxsdata[30]
              (input port clocked by CXS_CLK)
  Endpoint: u_CXS_TOP/u_CXS_RX_TOP/u_CXS_flit_receiver/o_CXS_flit_receiver_rx_data_reg[30]
            (rising edge-triggered flip-flop clocked by CXS_CLK)
  Path Group: CXS_IN
  Path Type: min

  Point                                                   Incr       Path
  --------------------------------------------------------------------------
  clock CXS_CLK (rise edge)                               0.00       0.00
  clock network delay (ideal)                             0.00       0.00
  input external delay                                    8.11       8.11 f
  i_cxsdata[30] (in)                                      0.01       8.12 f
  u_CXS_TOP/i_CXS_TOP_CXSDATA[30] (CXS_TOP_CXSMAXPAYLOADPERFLIT2_CXSDATAFLITWIDTH32_CNTL_W6_MAX_CREDITS15_CREDIT_W4_FIFO_WIDTH38)
                                                          0.00       8.12 f
  u_CXS_TOP/u_CXS_RX_TOP/i_CXS_RX_TOP_CXSDATA[30] (CXS_RX_TOP_CXSMAXPAYLOADPERFLIT2_CXSDATAFLITWIDTH32_CNTL_W6_MAX_CREDITS15_CREDIT_W4_FIFO_WIDTH38)
                                                          0.00       8.12 f
  u_CXS_TOP/u_CXS_RX_TOP/u_CXS_flit_receiver/i_CXS_flit_receiver_CXSDATA[30] (CXS_flit_receiver_CXSMAXPAYLOADPERFLIT2_CXSDATAFLITWIDTH32_CNTL_W6)
                                                          0.00       8.12 f
  u_CXS_TOP/u_CXS_RX_TOP/u_CXS_flit_receiver/U38/Y (AND2X2M)
                                                          0.13       8.25 f
  u_CXS_TOP/u_CXS_RX_TOP/u_CXS_flit_receiver/o_CXS_flit_receiver_rx_data_reg[30]/D (DFFRQX2M)
                                                          0.00       8.25 f
  data arrival time                                                  8.25

  clock CXS_CLK (rise edge)                               0.00       0.00
  clock network delay (ideal)                             0.00       0.00
  clock uncertainty                                       0.05       0.05
  u_CXS_TOP/u_CXS_RX_TOP/u_CXS_flit_receiver/o_CXS_flit_receiver_rx_data_reg[30]/CK (DFFRQX2M)
                                                          0.00       0.05 r
  library hold time                                      -0.01       0.04
  data required time                                                 0.04
  --------------------------------------------------------------------------
  data required time                                                 0.04
  data arrival time                                                 -8.25
  --------------------------------------------------------------------------
  slack (MET)                                                        8.20


  Startpoint: i_cxsdata[29]
              (input port clocked by CXS_CLK)
  Endpoint: u_CXS_TOP/u_CXS_RX_TOP/u_CXS_flit_receiver/o_CXS_flit_receiver_rx_data_reg[29]
            (rising edge-triggered flip-flop clocked by CXS_CLK)
  Path Group: CXS_IN
  Path Type: min

  Point                                                   Incr       Path
  --------------------------------------------------------------------------
  clock CXS_CLK (rise edge)                               0.00       0.00
  clock network delay (ideal)                             0.00       0.00
  input external delay                                    8.11       8.11 f
  i_cxsdata[29] (in)                                      0.01       8.12 f
  u_CXS_TOP/i_CXS_TOP_CXSDATA[29] (CXS_TOP_CXSMAXPAYLOADPERFLIT2_CXSDATAFLITWIDTH32_CNTL_W6_MAX_CREDITS15_CREDIT_W4_FIFO_WIDTH38)
                                                          0.00       8.12 f
  u_CXS_TOP/u_CXS_RX_TOP/i_CXS_RX_TOP_CXSDATA[29] (CXS_RX_TOP_CXSMAXPAYLOADPERFLIT2_CXSDATAFLITWIDTH32_CNTL_W6_MAX_CREDITS15_CREDIT_W4_FIFO_WIDTH38)
                                                          0.00       8.12 f
  u_CXS_TOP/u_CXS_RX_TOP/u_CXS_flit_receiver/i_CXS_flit_receiver_CXSDATA[29] (CXS_flit_receiver_CXSMAXPAYLOADPERFLIT2_CXSDATAFLITWIDTH32_CNTL_W6)
                                                          0.00       8.12 f
  u_CXS_TOP/u_CXS_RX_TOP/u_CXS_flit_receiver/U37/Y (AND2X2M)
                                                          0.13       8.25 f
  u_CXS_TOP/u_CXS_RX_TOP/u_CXS_flit_receiver/o_CXS_flit_receiver_rx_data_reg[29]/D (DFFRQX2M)
                                                          0.00       8.25 f
  data arrival time                                                  8.25

  clock CXS_CLK (rise edge)                               0.00       0.00
  clock network delay (ideal)                             0.00       0.00
  clock uncertainty                                       0.05       0.05
  u_CXS_TOP/u_CXS_RX_TOP/u_CXS_flit_receiver/o_CXS_flit_receiver_rx_data_reg[29]/CK (DFFRQX2M)
                                                          0.00       0.05 r
  library hold time                                      -0.01       0.04
  data required time                                                 0.04
  --------------------------------------------------------------------------
  data required time                                                 0.04
  data arrival time                                                 -8.25
  --------------------------------------------------------------------------
  slack (MET)                                                        8.20


  Startpoint: i_cxsdata[28]
              (input port clocked by CXS_CLK)
  Endpoint: u_CXS_TOP/u_CXS_RX_TOP/u_CXS_flit_receiver/o_CXS_flit_receiver_rx_data_reg[28]
            (rising edge-triggered flip-flop clocked by CXS_CLK)
  Path Group: CXS_IN
  Path Type: min

  Point                                                   Incr       Path
  --------------------------------------------------------------------------
  clock CXS_CLK (rise edge)                               0.00       0.00
  clock network delay (ideal)                             0.00       0.00
  input external delay                                    8.11       8.11 f
  i_cxsdata[28] (in)                                      0.01       8.12 f
  u_CXS_TOP/i_CXS_TOP_CXSDATA[28] (CXS_TOP_CXSMAXPAYLOADPERFLIT2_CXSDATAFLITWIDTH32_CNTL_W6_MAX_CREDITS15_CREDIT_W4_FIFO_WIDTH38)
                                                          0.00       8.12 f
  u_CXS_TOP/u_CXS_RX_TOP/i_CXS_RX_TOP_CXSDATA[28] (CXS_RX_TOP_CXSMAXPAYLOADPERFLIT2_CXSDATAFLITWIDTH32_CNTL_W6_MAX_CREDITS15_CREDIT_W4_FIFO_WIDTH38)
                                                          0.00       8.12 f
  u_CXS_TOP/u_CXS_RX_TOP/u_CXS_flit_receiver/i_CXS_flit_receiver_CXSDATA[28] (CXS_flit_receiver_CXSMAXPAYLOADPERFLIT2_CXSDATAFLITWIDTH32_CNTL_W6)
                                                          0.00       8.12 f
  u_CXS_TOP/u_CXS_RX_TOP/u_CXS_flit_receiver/U36/Y (AND2X2M)
                                                          0.13       8.25 f
  u_CXS_TOP/u_CXS_RX_TOP/u_CXS_flit_receiver/o_CXS_flit_receiver_rx_data_reg[28]/D (DFFRQX2M)
                                                          0.00       8.25 f
  data arrival time                                                  8.25

  clock CXS_CLK (rise edge)                               0.00       0.00
  clock network delay (ideal)                             0.00       0.00
  clock uncertainty                                       0.05       0.05
  u_CXS_TOP/u_CXS_RX_TOP/u_CXS_flit_receiver/o_CXS_flit_receiver_rx_data_reg[28]/CK (DFFRQX2M)
                                                          0.00       0.05 r
  library hold time                                      -0.01       0.04
  data required time                                                 0.04
  --------------------------------------------------------------------------
  data required time                                                 0.04
  data arrival time                                                 -8.25
  --------------------------------------------------------------------------
  slack (MET)                                                        8.20


  Startpoint: i_cxsdata[27]
              (input port clocked by CXS_CLK)
  Endpoint: u_CXS_TOP/u_CXS_RX_TOP/u_CXS_flit_receiver/o_CXS_flit_receiver_rx_data_reg[27]
            (rising edge-triggered flip-flop clocked by CXS_CLK)
  Path Group: CXS_IN
  Path Type: min

  Point                                                   Incr       Path
  --------------------------------------------------------------------------
  clock CXS_CLK (rise edge)                               0.00       0.00
  clock network delay (ideal)                             0.00       0.00
  input external delay                                    8.11       8.11 f
  i_cxsdata[27] (in)                                      0.01       8.12 f
  u_CXS_TOP/i_CXS_TOP_CXSDATA[27] (CXS_TOP_CXSMAXPAYLOADPERFLIT2_CXSDATAFLITWIDTH32_CNTL_W6_MAX_CREDITS15_CREDIT_W4_FIFO_WIDTH38)
                                                          0.00       8.12 f
  u_CXS_TOP/u_CXS_RX_TOP/i_CXS_RX_TOP_CXSDATA[27] (CXS_RX_TOP_CXSMAXPAYLOADPERFLIT2_CXSDATAFLITWIDTH32_CNTL_W6_MAX_CREDITS15_CREDIT_W4_FIFO_WIDTH38)
                                                          0.00       8.12 f
  u_CXS_TOP/u_CXS_RX_TOP/u_CXS_flit_receiver/i_CXS_flit_receiver_CXSDATA[27] (CXS_flit_receiver_CXSMAXPAYLOADPERFLIT2_CXSDATAFLITWIDTH32_CNTL_W6)
                                                          0.00       8.12 f
  u_CXS_TOP/u_CXS_RX_TOP/u_CXS_flit_receiver/U35/Y (AND2X2M)
                                                          0.13       8.25 f
  u_CXS_TOP/u_CXS_RX_TOP/u_CXS_flit_receiver/o_CXS_flit_receiver_rx_data_reg[27]/D (DFFRQX2M)
                                                          0.00       8.25 f
  data arrival time                                                  8.25

  clock CXS_CLK (rise edge)                               0.00       0.00
  clock network delay (ideal)                             0.00       0.00
  clock uncertainty                                       0.05       0.05
  u_CXS_TOP/u_CXS_RX_TOP/u_CXS_flit_receiver/o_CXS_flit_receiver_rx_data_reg[27]/CK (DFFRQX2M)
                                                          0.00       0.05 r
  library hold time                                      -0.01       0.04
  data required time                                                 0.04
  --------------------------------------------------------------------------
  data required time                                                 0.04
  data arrival time                                                 -8.25
  --------------------------------------------------------------------------
  slack (MET)                                                        8.20


  Startpoint: i_cxsdata[26]
              (input port clocked by CXS_CLK)
  Endpoint: u_CXS_TOP/u_CXS_RX_TOP/u_CXS_flit_receiver/o_CXS_flit_receiver_rx_data_reg[26]
            (rising edge-triggered flip-flop clocked by CXS_CLK)
  Path Group: CXS_IN
  Path Type: min

  Point                                                   Incr       Path
  --------------------------------------------------------------------------
  clock CXS_CLK (rise edge)                               0.00       0.00
  clock network delay (ideal)                             0.00       0.00
  input external delay                                    8.11       8.11 f
  i_cxsdata[26] (in)                                      0.01       8.12 f
  u_CXS_TOP/i_CXS_TOP_CXSDATA[26] (CXS_TOP_CXSMAXPAYLOADPERFLIT2_CXSDATAFLITWIDTH32_CNTL_W6_MAX_CREDITS15_CREDIT_W4_FIFO_WIDTH38)
                                                          0.00       8.12 f
  u_CXS_TOP/u_CXS_RX_TOP/i_CXS_RX_TOP_CXSDATA[26] (CXS_RX_TOP_CXSMAXPAYLOADPERFLIT2_CXSDATAFLITWIDTH32_CNTL_W6_MAX_CREDITS15_CREDIT_W4_FIFO_WIDTH38)
                                                          0.00       8.12 f
  u_CXS_TOP/u_CXS_RX_TOP/u_CXS_flit_receiver/i_CXS_flit_receiver_CXSDATA[26] (CXS_flit_receiver_CXSMAXPAYLOADPERFLIT2_CXSDATAFLITWIDTH32_CNTL_W6)
                                                          0.00       8.12 f
  u_CXS_TOP/u_CXS_RX_TOP/u_CXS_flit_receiver/U34/Y (AND2X2M)
                                                          0.13       8.25 f
  u_CXS_TOP/u_CXS_RX_TOP/u_CXS_flit_receiver/o_CXS_flit_receiver_rx_data_reg[26]/D (DFFRQX2M)
                                                          0.00       8.25 f
  data arrival time                                                  8.25

  clock CXS_CLK (rise edge)                               0.00       0.00
  clock network delay (ideal)                             0.00       0.00
  clock uncertainty                                       0.05       0.05
  u_CXS_TOP/u_CXS_RX_TOP/u_CXS_flit_receiver/o_CXS_flit_receiver_rx_data_reg[26]/CK (DFFRQX2M)
                                                          0.00       0.05 r
  library hold time                                      -0.01       0.04
  data required time                                                 0.04
  --------------------------------------------------------------------------
  data required time                                                 0.04
  data arrival time                                                 -8.25
  --------------------------------------------------------------------------
  slack (MET)                                                        8.20


  Startpoint: i_cxsdata[25]
              (input port clocked by CXS_CLK)
  Endpoint: u_CXS_TOP/u_CXS_RX_TOP/u_CXS_flit_receiver/o_CXS_flit_receiver_rx_data_reg[25]
            (rising edge-triggered flip-flop clocked by CXS_CLK)
  Path Group: CXS_IN
  Path Type: min

  Point                                                   Incr       Path
  --------------------------------------------------------------------------
  clock CXS_CLK (rise edge)                               0.00       0.00
  clock network delay (ideal)                             0.00       0.00
  input external delay                                    8.11       8.11 f
  i_cxsdata[25] (in)                                      0.01       8.12 f
  u_CXS_TOP/i_CXS_TOP_CXSDATA[25] (CXS_TOP_CXSMAXPAYLOADPERFLIT2_CXSDATAFLITWIDTH32_CNTL_W6_MAX_CREDITS15_CREDIT_W4_FIFO_WIDTH38)
                                                          0.00       8.12 f
  u_CXS_TOP/u_CXS_RX_TOP/i_CXS_RX_TOP_CXSDATA[25] (CXS_RX_TOP_CXSMAXPAYLOADPERFLIT2_CXSDATAFLITWIDTH32_CNTL_W6_MAX_CREDITS15_CREDIT_W4_FIFO_WIDTH38)
                                                          0.00       8.12 f
  u_CXS_TOP/u_CXS_RX_TOP/u_CXS_flit_receiver/i_CXS_flit_receiver_CXSDATA[25] (CXS_flit_receiver_CXSMAXPAYLOADPERFLIT2_CXSDATAFLITWIDTH32_CNTL_W6)
                                                          0.00       8.12 f
  u_CXS_TOP/u_CXS_RX_TOP/u_CXS_flit_receiver/U33/Y (AND2X2M)
                                                          0.13       8.25 f
  u_CXS_TOP/u_CXS_RX_TOP/u_CXS_flit_receiver/o_CXS_flit_receiver_rx_data_reg[25]/D (DFFRQX2M)
                                                          0.00       8.25 f
  data arrival time                                                  8.25

  clock CXS_CLK (rise edge)                               0.00       0.00
  clock network delay (ideal)                             0.00       0.00
  clock uncertainty                                       0.05       0.05
  u_CXS_TOP/u_CXS_RX_TOP/u_CXS_flit_receiver/o_CXS_flit_receiver_rx_data_reg[25]/CK (DFFRQX2M)
                                                          0.00       0.05 r
  library hold time                                      -0.01       0.04
  data required time                                                 0.04
  --------------------------------------------------------------------------
  data required time                                                 0.04
  data arrival time                                                 -8.25
  --------------------------------------------------------------------------
  slack (MET)                                                        8.20


  Startpoint: i_cxsdata[24]
              (input port clocked by CXS_CLK)
  Endpoint: u_CXS_TOP/u_CXS_RX_TOP/u_CXS_flit_receiver/o_CXS_flit_receiver_rx_data_reg[24]
            (rising edge-triggered flip-flop clocked by CXS_CLK)
  Path Group: CXS_IN
  Path Type: min

  Point                                                   Incr       Path
  --------------------------------------------------------------------------
  clock CXS_CLK (rise edge)                               0.00       0.00
  clock network delay (ideal)                             0.00       0.00
  input external delay                                    8.11       8.11 f
  i_cxsdata[24] (in)                                      0.01       8.12 f
  u_CXS_TOP/i_CXS_TOP_CXSDATA[24] (CXS_TOP_CXSMAXPAYLOADPERFLIT2_CXSDATAFLITWIDTH32_CNTL_W6_MAX_CREDITS15_CREDIT_W4_FIFO_WIDTH38)
                                                          0.00       8.12 f
  u_CXS_TOP/u_CXS_RX_TOP/i_CXS_RX_TOP_CXSDATA[24] (CXS_RX_TOP_CXSMAXPAYLOADPERFLIT2_CXSDATAFLITWIDTH32_CNTL_W6_MAX_CREDITS15_CREDIT_W4_FIFO_WIDTH38)
                                                          0.00       8.12 f
  u_CXS_TOP/u_CXS_RX_TOP/u_CXS_flit_receiver/i_CXS_flit_receiver_CXSDATA[24] (CXS_flit_receiver_CXSMAXPAYLOADPERFLIT2_CXSDATAFLITWIDTH32_CNTL_W6)
                                                          0.00       8.12 f
  u_CXS_TOP/u_CXS_RX_TOP/u_CXS_flit_receiver/U32/Y (AND2X2M)
                                                          0.13       8.25 f
  u_CXS_TOP/u_CXS_RX_TOP/u_CXS_flit_receiver/o_CXS_flit_receiver_rx_data_reg[24]/D (DFFRQX2M)
                                                          0.00       8.25 f
  data arrival time                                                  8.25

  clock CXS_CLK (rise edge)                               0.00       0.00
  clock network delay (ideal)                             0.00       0.00
  clock uncertainty                                       0.05       0.05
  u_CXS_TOP/u_CXS_RX_TOP/u_CXS_flit_receiver/o_CXS_flit_receiver_rx_data_reg[24]/CK (DFFRQX2M)
                                                          0.00       0.05 r
  library hold time                                      -0.01       0.04
  data required time                                                 0.04
  --------------------------------------------------------------------------
  data required time                                                 0.04
  data arrival time                                                 -8.25
  --------------------------------------------------------------------------
  slack (MET)                                                        8.20


  Startpoint: i_cxsdata[23]
              (input port clocked by CXS_CLK)
  Endpoint: u_CXS_TOP/u_CXS_RX_TOP/u_CXS_flit_receiver/o_CXS_flit_receiver_rx_data_reg[23]
            (rising edge-triggered flip-flop clocked by CXS_CLK)
  Path Group: CXS_IN
  Path Type: min

  Point                                                   Incr       Path
  --------------------------------------------------------------------------
  clock CXS_CLK (rise edge)                               0.00       0.00
  clock network delay (ideal)                             0.00       0.00
  input external delay                                    8.11       8.11 f
  i_cxsdata[23] (in)                                      0.01       8.12 f
  u_CXS_TOP/i_CXS_TOP_CXSDATA[23] (CXS_TOP_CXSMAXPAYLOADPERFLIT2_CXSDATAFLITWIDTH32_CNTL_W6_MAX_CREDITS15_CREDIT_W4_FIFO_WIDTH38)
                                                          0.00       8.12 f
  u_CXS_TOP/u_CXS_RX_TOP/i_CXS_RX_TOP_CXSDATA[23] (CXS_RX_TOP_CXSMAXPAYLOADPERFLIT2_CXSDATAFLITWIDTH32_CNTL_W6_MAX_CREDITS15_CREDIT_W4_FIFO_WIDTH38)
                                                          0.00       8.12 f
  u_CXS_TOP/u_CXS_RX_TOP/u_CXS_flit_receiver/i_CXS_flit_receiver_CXSDATA[23] (CXS_flit_receiver_CXSMAXPAYLOADPERFLIT2_CXSDATAFLITWIDTH32_CNTL_W6)
                                                          0.00       8.12 f
  u_CXS_TOP/u_CXS_RX_TOP/u_CXS_flit_receiver/U31/Y (AND2X2M)
                                                          0.13       8.25 f
  u_CXS_TOP/u_CXS_RX_TOP/u_CXS_flit_receiver/o_CXS_flit_receiver_rx_data_reg[23]/D (DFFRQX2M)
                                                          0.00       8.25 f
  data arrival time                                                  8.25

  clock CXS_CLK (rise edge)                               0.00       0.00
  clock network delay (ideal)                             0.00       0.00
  clock uncertainty                                       0.05       0.05
  u_CXS_TOP/u_CXS_RX_TOP/u_CXS_flit_receiver/o_CXS_flit_receiver_rx_data_reg[23]/CK (DFFRQX2M)
                                                          0.00       0.05 r
  library hold time                                      -0.01       0.04
  data required time                                                 0.04
  --------------------------------------------------------------------------
  data required time                                                 0.04
  data arrival time                                                 -8.25
  --------------------------------------------------------------------------
  slack (MET)                                                        8.20


  Startpoint: i_cxsdata[22]
              (input port clocked by CXS_CLK)
  Endpoint: u_CXS_TOP/u_CXS_RX_TOP/u_CXS_flit_receiver/o_CXS_flit_receiver_rx_data_reg[22]
            (rising edge-triggered flip-flop clocked by CXS_CLK)
  Path Group: CXS_IN
  Path Type: min

  Point                                                   Incr       Path
  --------------------------------------------------------------------------
  clock CXS_CLK (rise edge)                               0.00       0.00
  clock network delay (ideal)                             0.00       0.00
  input external delay                                    8.11       8.11 f
  i_cxsdata[22] (in)                                      0.01       8.12 f
  u_CXS_TOP/i_CXS_TOP_CXSDATA[22] (CXS_TOP_CXSMAXPAYLOADPERFLIT2_CXSDATAFLITWIDTH32_CNTL_W6_MAX_CREDITS15_CREDIT_W4_FIFO_WIDTH38)
                                                          0.00       8.12 f
  u_CXS_TOP/u_CXS_RX_TOP/i_CXS_RX_TOP_CXSDATA[22] (CXS_RX_TOP_CXSMAXPAYLOADPERFLIT2_CXSDATAFLITWIDTH32_CNTL_W6_MAX_CREDITS15_CREDIT_W4_FIFO_WIDTH38)
                                                          0.00       8.12 f
  u_CXS_TOP/u_CXS_RX_TOP/u_CXS_flit_receiver/i_CXS_flit_receiver_CXSDATA[22] (CXS_flit_receiver_CXSMAXPAYLOADPERFLIT2_CXSDATAFLITWIDTH32_CNTL_W6)
                                                          0.00       8.12 f
  u_CXS_TOP/u_CXS_RX_TOP/u_CXS_flit_receiver/U30/Y (AND2X2M)
                                                          0.13       8.25 f
  u_CXS_TOP/u_CXS_RX_TOP/u_CXS_flit_receiver/o_CXS_flit_receiver_rx_data_reg[22]/D (DFFRQX2M)
                                                          0.00       8.25 f
  data arrival time                                                  8.25

  clock CXS_CLK (rise edge)                               0.00       0.00
  clock network delay (ideal)                             0.00       0.00
  clock uncertainty                                       0.05       0.05
  u_CXS_TOP/u_CXS_RX_TOP/u_CXS_flit_receiver/o_CXS_flit_receiver_rx_data_reg[22]/CK (DFFRQX2M)
                                                          0.00       0.05 r
  library hold time                                      -0.01       0.04
  data required time                                                 0.04
  --------------------------------------------------------------------------
  data required time                                                 0.04
  data arrival time                                                 -8.25
  --------------------------------------------------------------------------
  slack (MET)                                                        8.20


  Startpoint: i_cxsdata[21]
              (input port clocked by CXS_CLK)
  Endpoint: u_CXS_TOP/u_CXS_RX_TOP/u_CXS_flit_receiver/o_CXS_flit_receiver_rx_data_reg[21]
            (rising edge-triggered flip-flop clocked by CXS_CLK)
  Path Group: CXS_IN
  Path Type: min

  Point                                                   Incr       Path
  --------------------------------------------------------------------------
  clock CXS_CLK (rise edge)                               0.00       0.00
  clock network delay (ideal)                             0.00       0.00
  input external delay                                    8.11       8.11 f
  i_cxsdata[21] (in)                                      0.01       8.12 f
  u_CXS_TOP/i_CXS_TOP_CXSDATA[21] (CXS_TOP_CXSMAXPAYLOADPERFLIT2_CXSDATAFLITWIDTH32_CNTL_W6_MAX_CREDITS15_CREDIT_W4_FIFO_WIDTH38)
                                                          0.00       8.12 f
  u_CXS_TOP/u_CXS_RX_TOP/i_CXS_RX_TOP_CXSDATA[21] (CXS_RX_TOP_CXSMAXPAYLOADPERFLIT2_CXSDATAFLITWIDTH32_CNTL_W6_MAX_CREDITS15_CREDIT_W4_FIFO_WIDTH38)
                                                          0.00       8.12 f
  u_CXS_TOP/u_CXS_RX_TOP/u_CXS_flit_receiver/i_CXS_flit_receiver_CXSDATA[21] (CXS_flit_receiver_CXSMAXPAYLOADPERFLIT2_CXSDATAFLITWIDTH32_CNTL_W6)
                                                          0.00       8.12 f
  u_CXS_TOP/u_CXS_RX_TOP/u_CXS_flit_receiver/U29/Y (AND2X2M)
                                                          0.13       8.25 f
  u_CXS_TOP/u_CXS_RX_TOP/u_CXS_flit_receiver/o_CXS_flit_receiver_rx_data_reg[21]/D (DFFRQX2M)
                                                          0.00       8.25 f
  data arrival time                                                  8.25

  clock CXS_CLK (rise edge)                               0.00       0.00
  clock network delay (ideal)                             0.00       0.00
  clock uncertainty                                       0.05       0.05
  u_CXS_TOP/u_CXS_RX_TOP/u_CXS_flit_receiver/o_CXS_flit_receiver_rx_data_reg[21]/CK (DFFRQX2M)
                                                          0.00       0.05 r
  library hold time                                      -0.01       0.04
  data required time                                                 0.04
  --------------------------------------------------------------------------
  data required time                                                 0.04
  data arrival time                                                 -8.25
  --------------------------------------------------------------------------
  slack (MET)                                                        8.20


  Startpoint: i_cxsdata[20]
              (input port clocked by CXS_CLK)
  Endpoint: u_CXS_TOP/u_CXS_RX_TOP/u_CXS_flit_receiver/o_CXS_flit_receiver_rx_data_reg[20]
            (rising edge-triggered flip-flop clocked by CXS_CLK)
  Path Group: CXS_IN
  Path Type: min

  Point                                                   Incr       Path
  --------------------------------------------------------------------------
  clock CXS_CLK (rise edge)                               0.00       0.00
  clock network delay (ideal)                             0.00       0.00
  input external delay                                    8.11       8.11 f
  i_cxsdata[20] (in)                                      0.01       8.12 f
  u_CXS_TOP/i_CXS_TOP_CXSDATA[20] (CXS_TOP_CXSMAXPAYLOADPERFLIT2_CXSDATAFLITWIDTH32_CNTL_W6_MAX_CREDITS15_CREDIT_W4_FIFO_WIDTH38)
                                                          0.00       8.12 f
  u_CXS_TOP/u_CXS_RX_TOP/i_CXS_RX_TOP_CXSDATA[20] (CXS_RX_TOP_CXSMAXPAYLOADPERFLIT2_CXSDATAFLITWIDTH32_CNTL_W6_MAX_CREDITS15_CREDIT_W4_FIFO_WIDTH38)
                                                          0.00       8.12 f
  u_CXS_TOP/u_CXS_RX_TOP/u_CXS_flit_receiver/i_CXS_flit_receiver_CXSDATA[20] (CXS_flit_receiver_CXSMAXPAYLOADPERFLIT2_CXSDATAFLITWIDTH32_CNTL_W6)
                                                          0.00       8.12 f
  u_CXS_TOP/u_CXS_RX_TOP/u_CXS_flit_receiver/U28/Y (AND2X2M)
                                                          0.13       8.25 f
  u_CXS_TOP/u_CXS_RX_TOP/u_CXS_flit_receiver/o_CXS_flit_receiver_rx_data_reg[20]/D (DFFRQX2M)
                                                          0.00       8.25 f
  data arrival time                                                  8.25

  clock CXS_CLK (rise edge)                               0.00       0.00
  clock network delay (ideal)                             0.00       0.00
  clock uncertainty                                       0.05       0.05
  u_CXS_TOP/u_CXS_RX_TOP/u_CXS_flit_receiver/o_CXS_flit_receiver_rx_data_reg[20]/CK (DFFRQX2M)
                                                          0.00       0.05 r
  library hold time                                      -0.01       0.04
  data required time                                                 0.04
  --------------------------------------------------------------------------
  data required time                                                 0.04
  data arrival time                                                 -8.25
  --------------------------------------------------------------------------
  slack (MET)                                                        8.20


  Startpoint: i_cxsdata[19]
              (input port clocked by CXS_CLK)
  Endpoint: u_CXS_TOP/u_CXS_RX_TOP/u_CXS_flit_receiver/o_CXS_flit_receiver_rx_data_reg[19]
            (rising edge-triggered flip-flop clocked by CXS_CLK)
  Path Group: CXS_IN
  Path Type: min

  Point                                                   Incr       Path
  --------------------------------------------------------------------------
  clock CXS_CLK (rise edge)                               0.00       0.00
  clock network delay (ideal)                             0.00       0.00
  input external delay                                    8.11       8.11 f
  i_cxsdata[19] (in)                                      0.01       8.12 f
  u_CXS_TOP/i_CXS_TOP_CXSDATA[19] (CXS_TOP_CXSMAXPAYLOADPERFLIT2_CXSDATAFLITWIDTH32_CNTL_W6_MAX_CREDITS15_CREDIT_W4_FIFO_WIDTH38)
                                                          0.00       8.12 f
  u_CXS_TOP/u_CXS_RX_TOP/i_CXS_RX_TOP_CXSDATA[19] (CXS_RX_TOP_CXSMAXPAYLOADPERFLIT2_CXSDATAFLITWIDTH32_CNTL_W6_MAX_CREDITS15_CREDIT_W4_FIFO_WIDTH38)
                                                          0.00       8.12 f
  u_CXS_TOP/u_CXS_RX_TOP/u_CXS_flit_receiver/i_CXS_flit_receiver_CXSDATA[19] (CXS_flit_receiver_CXSMAXPAYLOADPERFLIT2_CXSDATAFLITWIDTH32_CNTL_W6)
                                                          0.00       8.12 f
  u_CXS_TOP/u_CXS_RX_TOP/u_CXS_flit_receiver/U27/Y (AND2X2M)
                                                          0.13       8.25 f
  u_CXS_TOP/u_CXS_RX_TOP/u_CXS_flit_receiver/o_CXS_flit_receiver_rx_data_reg[19]/D (DFFRQX2M)
                                                          0.00       8.25 f
  data arrival time                                                  8.25

  clock CXS_CLK (rise edge)                               0.00       0.00
  clock network delay (ideal)                             0.00       0.00
  clock uncertainty                                       0.05       0.05
  u_CXS_TOP/u_CXS_RX_TOP/u_CXS_flit_receiver/o_CXS_flit_receiver_rx_data_reg[19]/CK (DFFRQX2M)
                                                          0.00       0.05 r
  library hold time                                      -0.01       0.04
  data required time                                                 0.04
  --------------------------------------------------------------------------
  data required time                                                 0.04
  data arrival time                                                 -8.25
  --------------------------------------------------------------------------
  slack (MET)                                                        8.20


  Startpoint: i_cxsdata[18]
              (input port clocked by CXS_CLK)
  Endpoint: u_CXS_TOP/u_CXS_RX_TOP/u_CXS_flit_receiver/o_CXS_flit_receiver_rx_data_reg[18]
            (rising edge-triggered flip-flop clocked by CXS_CLK)
  Path Group: CXS_IN
  Path Type: min

  Point                                                   Incr       Path
  --------------------------------------------------------------------------
  clock CXS_CLK (rise edge)                               0.00       0.00
  clock network delay (ideal)                             0.00       0.00
  input external delay                                    8.11       8.11 f
  i_cxsdata[18] (in)                                      0.01       8.12 f
  u_CXS_TOP/i_CXS_TOP_CXSDATA[18] (CXS_TOP_CXSMAXPAYLOADPERFLIT2_CXSDATAFLITWIDTH32_CNTL_W6_MAX_CREDITS15_CREDIT_W4_FIFO_WIDTH38)
                                                          0.00       8.12 f
  u_CXS_TOP/u_CXS_RX_TOP/i_CXS_RX_TOP_CXSDATA[18] (CXS_RX_TOP_CXSMAXPAYLOADPERFLIT2_CXSDATAFLITWIDTH32_CNTL_W6_MAX_CREDITS15_CREDIT_W4_FIFO_WIDTH38)
                                                          0.00       8.12 f
  u_CXS_TOP/u_CXS_RX_TOP/u_CXS_flit_receiver/i_CXS_flit_receiver_CXSDATA[18] (CXS_flit_receiver_CXSMAXPAYLOADPERFLIT2_CXSDATAFLITWIDTH32_CNTL_W6)
                                                          0.00       8.12 f
  u_CXS_TOP/u_CXS_RX_TOP/u_CXS_flit_receiver/U26/Y (AND2X2M)
                                                          0.13       8.25 f
  u_CXS_TOP/u_CXS_RX_TOP/u_CXS_flit_receiver/o_CXS_flit_receiver_rx_data_reg[18]/D (DFFRQX2M)
                                                          0.00       8.25 f
  data arrival time                                                  8.25

  clock CXS_CLK (rise edge)                               0.00       0.00
  clock network delay (ideal)                             0.00       0.00
  clock uncertainty                                       0.05       0.05
  u_CXS_TOP/u_CXS_RX_TOP/u_CXS_flit_receiver/o_CXS_flit_receiver_rx_data_reg[18]/CK (DFFRQX2M)
                                                          0.00       0.05 r
  library hold time                                      -0.01       0.04
  data required time                                                 0.04
  --------------------------------------------------------------------------
  data required time                                                 0.04
  data arrival time                                                 -8.25
  --------------------------------------------------------------------------
  slack (MET)                                                        8.20


  Startpoint: i_cxsdata[17]
              (input port clocked by CXS_CLK)
  Endpoint: u_CXS_TOP/u_CXS_RX_TOP/u_CXS_flit_receiver/o_CXS_flit_receiver_rx_data_reg[17]
            (rising edge-triggered flip-flop clocked by CXS_CLK)
  Path Group: CXS_IN
  Path Type: min

  Point                                                   Incr       Path
  --------------------------------------------------------------------------
  clock CXS_CLK (rise edge)                               0.00       0.00
  clock network delay (ideal)                             0.00       0.00
  input external delay                                    8.11       8.11 f
  i_cxsdata[17] (in)                                      0.01       8.12 f
  u_CXS_TOP/i_CXS_TOP_CXSDATA[17] (CXS_TOP_CXSMAXPAYLOADPERFLIT2_CXSDATAFLITWIDTH32_CNTL_W6_MAX_CREDITS15_CREDIT_W4_FIFO_WIDTH38)
                                                          0.00       8.12 f
  u_CXS_TOP/u_CXS_RX_TOP/i_CXS_RX_TOP_CXSDATA[17] (CXS_RX_TOP_CXSMAXPAYLOADPERFLIT2_CXSDATAFLITWIDTH32_CNTL_W6_MAX_CREDITS15_CREDIT_W4_FIFO_WIDTH38)
                                                          0.00       8.12 f
  u_CXS_TOP/u_CXS_RX_TOP/u_CXS_flit_receiver/i_CXS_flit_receiver_CXSDATA[17] (CXS_flit_receiver_CXSMAXPAYLOADPERFLIT2_CXSDATAFLITWIDTH32_CNTL_W6)
                                                          0.00       8.12 f
  u_CXS_TOP/u_CXS_RX_TOP/u_CXS_flit_receiver/U25/Y (AND2X2M)
                                                          0.13       8.25 f
  u_CXS_TOP/u_CXS_RX_TOP/u_CXS_flit_receiver/o_CXS_flit_receiver_rx_data_reg[17]/D (DFFRQX2M)
                                                          0.00       8.25 f
  data arrival time                                                  8.25

  clock CXS_CLK (rise edge)                               0.00       0.00
  clock network delay (ideal)                             0.00       0.00
  clock uncertainty                                       0.05       0.05
  u_CXS_TOP/u_CXS_RX_TOP/u_CXS_flit_receiver/o_CXS_flit_receiver_rx_data_reg[17]/CK (DFFRQX2M)
                                                          0.00       0.05 r
  library hold time                                      -0.01       0.04
  data required time                                                 0.04
  --------------------------------------------------------------------------
  data required time                                                 0.04
  data arrival time                                                 -8.25
  --------------------------------------------------------------------------
  slack (MET)                                                        8.20


  Startpoint: i_cxsdata[16]
              (input port clocked by CXS_CLK)
  Endpoint: u_CXS_TOP/u_CXS_RX_TOP/u_CXS_flit_receiver/o_CXS_flit_receiver_rx_data_reg[16]
            (rising edge-triggered flip-flop clocked by CXS_CLK)
  Path Group: CXS_IN
  Path Type: min

  Point                                                   Incr       Path
  --------------------------------------------------------------------------
  clock CXS_CLK (rise edge)                               0.00       0.00
  clock network delay (ideal)                             0.00       0.00
  input external delay                                    8.11       8.11 f
  i_cxsdata[16] (in)                                      0.01       8.12 f
  u_CXS_TOP/i_CXS_TOP_CXSDATA[16] (CXS_TOP_CXSMAXPAYLOADPERFLIT2_CXSDATAFLITWIDTH32_CNTL_W6_MAX_CREDITS15_CREDIT_W4_FIFO_WIDTH38)
                                                          0.00       8.12 f
  u_CXS_TOP/u_CXS_RX_TOP/i_CXS_RX_TOP_CXSDATA[16] (CXS_RX_TOP_CXSMAXPAYLOADPERFLIT2_CXSDATAFLITWIDTH32_CNTL_W6_MAX_CREDITS15_CREDIT_W4_FIFO_WIDTH38)
                                                          0.00       8.12 f
  u_CXS_TOP/u_CXS_RX_TOP/u_CXS_flit_receiver/i_CXS_flit_receiver_CXSDATA[16] (CXS_flit_receiver_CXSMAXPAYLOADPERFLIT2_CXSDATAFLITWIDTH32_CNTL_W6)
                                                          0.00       8.12 f
  u_CXS_TOP/u_CXS_RX_TOP/u_CXS_flit_receiver/U19/Y (AND2X2M)
                                                          0.13       8.25 f
  u_CXS_TOP/u_CXS_RX_TOP/u_CXS_flit_receiver/o_CXS_flit_receiver_rx_data_reg[16]/D (DFFRQX2M)
                                                          0.00       8.25 f
  data arrival time                                                  8.25

  clock CXS_CLK (rise edge)                               0.00       0.00
  clock network delay (ideal)                             0.00       0.00
  clock uncertainty                                       0.05       0.05
  u_CXS_TOP/u_CXS_RX_TOP/u_CXS_flit_receiver/o_CXS_flit_receiver_rx_data_reg[16]/CK (DFFRQX2M)
                                                          0.00       0.05 r
  library hold time                                      -0.01       0.04
  data required time                                                 0.04
  --------------------------------------------------------------------------
  data required time                                                 0.04
  data arrival time                                                 -8.25
  --------------------------------------------------------------------------
  slack (MET)                                                        8.20


  Startpoint: i_cxsdata[15]
              (input port clocked by CXS_CLK)
  Endpoint: u_CXS_TOP/u_CXS_RX_TOP/u_CXS_flit_receiver/o_CXS_flit_receiver_rx_data_reg[15]
            (rising edge-triggered flip-flop clocked by CXS_CLK)
  Path Group: CXS_IN
  Path Type: min

  Point                                                   Incr       Path
  --------------------------------------------------------------------------
  clock CXS_CLK (rise edge)                               0.00       0.00
  clock network delay (ideal)                             0.00       0.00
  input external delay                                    8.11       8.11 f
  i_cxsdata[15] (in)                                      0.01       8.12 f
  u_CXS_TOP/i_CXS_TOP_CXSDATA[15] (CXS_TOP_CXSMAXPAYLOADPERFLIT2_CXSDATAFLITWIDTH32_CNTL_W6_MAX_CREDITS15_CREDIT_W4_FIFO_WIDTH38)
                                                          0.00       8.12 f
  u_CXS_TOP/u_CXS_RX_TOP/i_CXS_RX_TOP_CXSDATA[15] (CXS_RX_TOP_CXSMAXPAYLOADPERFLIT2_CXSDATAFLITWIDTH32_CNTL_W6_MAX_CREDITS15_CREDIT_W4_FIFO_WIDTH38)
                                                          0.00       8.12 f
  u_CXS_TOP/u_CXS_RX_TOP/u_CXS_flit_receiver/i_CXS_flit_receiver_CXSDATA[15] (CXS_flit_receiver_CXSMAXPAYLOADPERFLIT2_CXSDATAFLITWIDTH32_CNTL_W6)
                                                          0.00       8.12 f
  u_CXS_TOP/u_CXS_RX_TOP/u_CXS_flit_receiver/U18/Y (AND2X2M)
                                                          0.13       8.25 f
  u_CXS_TOP/u_CXS_RX_TOP/u_CXS_flit_receiver/o_CXS_flit_receiver_rx_data_reg[15]/D (DFFRQX2M)
                                                          0.00       8.25 f
  data arrival time                                                  8.25

  clock CXS_CLK (rise edge)                               0.00       0.00
  clock network delay (ideal)                             0.00       0.00
  clock uncertainty                                       0.05       0.05
  u_CXS_TOP/u_CXS_RX_TOP/u_CXS_flit_receiver/o_CXS_flit_receiver_rx_data_reg[15]/CK (DFFRQX2M)
                                                          0.00       0.05 r
  library hold time                                      -0.01       0.04
  data required time                                                 0.04
  --------------------------------------------------------------------------
  data required time                                                 0.04
  data arrival time                                                 -8.25
  --------------------------------------------------------------------------
  slack (MET)                                                        8.20


  Startpoint: i_cxsdata[14]
              (input port clocked by CXS_CLK)
  Endpoint: u_CXS_TOP/u_CXS_RX_TOP/u_CXS_flit_receiver/o_CXS_flit_receiver_rx_data_reg[14]
            (rising edge-triggered flip-flop clocked by CXS_CLK)
  Path Group: CXS_IN
  Path Type: min

  Point                                                   Incr       Path
  --------------------------------------------------------------------------
  clock CXS_CLK (rise edge)                               0.00       0.00
  clock network delay (ideal)                             0.00       0.00
  input external delay                                    8.11       8.11 f
  i_cxsdata[14] (in)                                      0.01       8.12 f
  u_CXS_TOP/i_CXS_TOP_CXSDATA[14] (CXS_TOP_CXSMAXPAYLOADPERFLIT2_CXSDATAFLITWIDTH32_CNTL_W6_MAX_CREDITS15_CREDIT_W4_FIFO_WIDTH38)
                                                          0.00       8.12 f
  u_CXS_TOP/u_CXS_RX_TOP/i_CXS_RX_TOP_CXSDATA[14] (CXS_RX_TOP_CXSMAXPAYLOADPERFLIT2_CXSDATAFLITWIDTH32_CNTL_W6_MAX_CREDITS15_CREDIT_W4_FIFO_WIDTH38)
                                                          0.00       8.12 f
  u_CXS_TOP/u_CXS_RX_TOP/u_CXS_flit_receiver/i_CXS_flit_receiver_CXSDATA[14] (CXS_flit_receiver_CXSMAXPAYLOADPERFLIT2_CXSDATAFLITWIDTH32_CNTL_W6)
                                                          0.00       8.12 f
  u_CXS_TOP/u_CXS_RX_TOP/u_CXS_flit_receiver/U17/Y (AND2X2M)
                                                          0.13       8.25 f
  u_CXS_TOP/u_CXS_RX_TOP/u_CXS_flit_receiver/o_CXS_flit_receiver_rx_data_reg[14]/D (DFFRQX2M)
                                                          0.00       8.25 f
  data arrival time                                                  8.25

  clock CXS_CLK (rise edge)                               0.00       0.00
  clock network delay (ideal)                             0.00       0.00
  clock uncertainty                                       0.05       0.05
  u_CXS_TOP/u_CXS_RX_TOP/u_CXS_flit_receiver/o_CXS_flit_receiver_rx_data_reg[14]/CK (DFFRQX2M)
                                                          0.00       0.05 r
  library hold time                                      -0.01       0.04
  data required time                                                 0.04
  --------------------------------------------------------------------------
  data required time                                                 0.04
  data arrival time                                                 -8.25
  --------------------------------------------------------------------------
  slack (MET)                                                        8.20


  Startpoint: i_cxsdata[13]
              (input port clocked by CXS_CLK)
  Endpoint: u_CXS_TOP/u_CXS_RX_TOP/u_CXS_flit_receiver/o_CXS_flit_receiver_rx_data_reg[13]
            (rising edge-triggered flip-flop clocked by CXS_CLK)
  Path Group: CXS_IN
  Path Type: min

  Point                                                   Incr       Path
  --------------------------------------------------------------------------
  clock CXS_CLK (rise edge)                               0.00       0.00
  clock network delay (ideal)                             0.00       0.00
  input external delay                                    8.11       8.11 f
  i_cxsdata[13] (in)                                      0.01       8.12 f
  u_CXS_TOP/i_CXS_TOP_CXSDATA[13] (CXS_TOP_CXSMAXPAYLOADPERFLIT2_CXSDATAFLITWIDTH32_CNTL_W6_MAX_CREDITS15_CREDIT_W4_FIFO_WIDTH38)
                                                          0.00       8.12 f
  u_CXS_TOP/u_CXS_RX_TOP/i_CXS_RX_TOP_CXSDATA[13] (CXS_RX_TOP_CXSMAXPAYLOADPERFLIT2_CXSDATAFLITWIDTH32_CNTL_W6_MAX_CREDITS15_CREDIT_W4_FIFO_WIDTH38)
                                                          0.00       8.12 f
  u_CXS_TOP/u_CXS_RX_TOP/u_CXS_flit_receiver/i_CXS_flit_receiver_CXSDATA[13] (CXS_flit_receiver_CXSMAXPAYLOADPERFLIT2_CXSDATAFLITWIDTH32_CNTL_W6)
                                                          0.00       8.12 f
  u_CXS_TOP/u_CXS_RX_TOP/u_CXS_flit_receiver/U16/Y (AND2X2M)
                                                          0.13       8.25 f
  u_CXS_TOP/u_CXS_RX_TOP/u_CXS_flit_receiver/o_CXS_flit_receiver_rx_data_reg[13]/D (DFFRQX2M)
                                                          0.00       8.25 f
  data arrival time                                                  8.25

  clock CXS_CLK (rise edge)                               0.00       0.00
  clock network delay (ideal)                             0.00       0.00
  clock uncertainty                                       0.05       0.05
  u_CXS_TOP/u_CXS_RX_TOP/u_CXS_flit_receiver/o_CXS_flit_receiver_rx_data_reg[13]/CK (DFFRQX2M)
                                                          0.00       0.05 r
  library hold time                                      -0.01       0.04
  data required time                                                 0.04
  --------------------------------------------------------------------------
  data required time                                                 0.04
  data arrival time                                                 -8.25
  --------------------------------------------------------------------------
  slack (MET)                                                        8.20


  Startpoint: i_cxsdata[12]
              (input port clocked by CXS_CLK)
  Endpoint: u_CXS_TOP/u_CXS_RX_TOP/u_CXS_flit_receiver/o_CXS_flit_receiver_rx_data_reg[12]
            (rising edge-triggered flip-flop clocked by CXS_CLK)
  Path Group: CXS_IN
  Path Type: min

  Point                                                   Incr       Path
  --------------------------------------------------------------------------
  clock CXS_CLK (rise edge)                               0.00       0.00
  clock network delay (ideal)                             0.00       0.00
  input external delay                                    8.11       8.11 f
  i_cxsdata[12] (in)                                      0.01       8.12 f
  u_CXS_TOP/i_CXS_TOP_CXSDATA[12] (CXS_TOP_CXSMAXPAYLOADPERFLIT2_CXSDATAFLITWIDTH32_CNTL_W6_MAX_CREDITS15_CREDIT_W4_FIFO_WIDTH38)
                                                          0.00       8.12 f
  u_CXS_TOP/u_CXS_RX_TOP/i_CXS_RX_TOP_CXSDATA[12] (CXS_RX_TOP_CXSMAXPAYLOADPERFLIT2_CXSDATAFLITWIDTH32_CNTL_W6_MAX_CREDITS15_CREDIT_W4_FIFO_WIDTH38)
                                                          0.00       8.12 f
  u_CXS_TOP/u_CXS_RX_TOP/u_CXS_flit_receiver/i_CXS_flit_receiver_CXSDATA[12] (CXS_flit_receiver_CXSMAXPAYLOADPERFLIT2_CXSDATAFLITWIDTH32_CNTL_W6)
                                                          0.00       8.12 f
  u_CXS_TOP/u_CXS_RX_TOP/u_CXS_flit_receiver/U15/Y (AND2X2M)
                                                          0.13       8.25 f
  u_CXS_TOP/u_CXS_RX_TOP/u_CXS_flit_receiver/o_CXS_flit_receiver_rx_data_reg[12]/D (DFFRQX2M)
                                                          0.00       8.25 f
  data arrival time                                                  8.25

  clock CXS_CLK (rise edge)                               0.00       0.00
  clock network delay (ideal)                             0.00       0.00
  clock uncertainty                                       0.05       0.05
  u_CXS_TOP/u_CXS_RX_TOP/u_CXS_flit_receiver/o_CXS_flit_receiver_rx_data_reg[12]/CK (DFFRQX2M)
                                                          0.00       0.05 r
  library hold time                                      -0.01       0.04
  data required time                                                 0.04
  --------------------------------------------------------------------------
  data required time                                                 0.04
  data arrival time                                                 -8.25
  --------------------------------------------------------------------------
  slack (MET)                                                        8.20


  Startpoint: i_cxsdata[11]
              (input port clocked by CXS_CLK)
  Endpoint: u_CXS_TOP/u_CXS_RX_TOP/u_CXS_flit_receiver/o_CXS_flit_receiver_rx_data_reg[11]
            (rising edge-triggered flip-flop clocked by CXS_CLK)
  Path Group: CXS_IN
  Path Type: min

  Point                                                   Incr       Path
  --------------------------------------------------------------------------
  clock CXS_CLK (rise edge)                               0.00       0.00
  clock network delay (ideal)                             0.00       0.00
  input external delay                                    8.11       8.11 f
  i_cxsdata[11] (in)                                      0.01       8.12 f
  u_CXS_TOP/i_CXS_TOP_CXSDATA[11] (CXS_TOP_CXSMAXPAYLOADPERFLIT2_CXSDATAFLITWIDTH32_CNTL_W6_MAX_CREDITS15_CREDIT_W4_FIFO_WIDTH38)
                                                          0.00       8.12 f
  u_CXS_TOP/u_CXS_RX_TOP/i_CXS_RX_TOP_CXSDATA[11] (CXS_RX_TOP_CXSMAXPAYLOADPERFLIT2_CXSDATAFLITWIDTH32_CNTL_W6_MAX_CREDITS15_CREDIT_W4_FIFO_WIDTH38)
                                                          0.00       8.12 f
  u_CXS_TOP/u_CXS_RX_TOP/u_CXS_flit_receiver/i_CXS_flit_receiver_CXSDATA[11] (CXS_flit_receiver_CXSMAXPAYLOADPERFLIT2_CXSDATAFLITWIDTH32_CNTL_W6)
                                                          0.00       8.12 f
  u_CXS_TOP/u_CXS_RX_TOP/u_CXS_flit_receiver/U14/Y (AND2X2M)
                                                          0.13       8.25 f
  u_CXS_TOP/u_CXS_RX_TOP/u_CXS_flit_receiver/o_CXS_flit_receiver_rx_data_reg[11]/D (DFFRQX2M)
                                                          0.00       8.25 f
  data arrival time                                                  8.25

  clock CXS_CLK (rise edge)                               0.00       0.00
  clock network delay (ideal)                             0.00       0.00
  clock uncertainty                                       0.05       0.05
  u_CXS_TOP/u_CXS_RX_TOP/u_CXS_flit_receiver/o_CXS_flit_receiver_rx_data_reg[11]/CK (DFFRQX2M)
                                                          0.00       0.05 r
  library hold time                                      -0.01       0.04
  data required time                                                 0.04
  --------------------------------------------------------------------------
  data required time                                                 0.04
  data arrival time                                                 -8.25
  --------------------------------------------------------------------------
  slack (MET)                                                        8.20


  Startpoint: i_cxsdata[10]
              (input port clocked by CXS_CLK)
  Endpoint: u_CXS_TOP/u_CXS_RX_TOP/u_CXS_flit_receiver/o_CXS_flit_receiver_rx_data_reg[10]
            (rising edge-triggered flip-flop clocked by CXS_CLK)
  Path Group: CXS_IN
  Path Type: min

  Point                                                   Incr       Path
  --------------------------------------------------------------------------
  clock CXS_CLK (rise edge)                               0.00       0.00
  clock network delay (ideal)                             0.00       0.00
  input external delay                                    8.11       8.11 f
  i_cxsdata[10] (in)                                      0.01       8.12 f
  u_CXS_TOP/i_CXS_TOP_CXSDATA[10] (CXS_TOP_CXSMAXPAYLOADPERFLIT2_CXSDATAFLITWIDTH32_CNTL_W6_MAX_CREDITS15_CREDIT_W4_FIFO_WIDTH38)
                                                          0.00       8.12 f
  u_CXS_TOP/u_CXS_RX_TOP/i_CXS_RX_TOP_CXSDATA[10] (CXS_RX_TOP_CXSMAXPAYLOADPERFLIT2_CXSDATAFLITWIDTH32_CNTL_W6_MAX_CREDITS15_CREDIT_W4_FIFO_WIDTH38)
                                                          0.00       8.12 f
  u_CXS_TOP/u_CXS_RX_TOP/u_CXS_flit_receiver/i_CXS_flit_receiver_CXSDATA[10] (CXS_flit_receiver_CXSMAXPAYLOADPERFLIT2_CXSDATAFLITWIDTH32_CNTL_W6)
                                                          0.00       8.12 f
  u_CXS_TOP/u_CXS_RX_TOP/u_CXS_flit_receiver/U13/Y (AND2X2M)
                                                          0.13       8.25 f
  u_CXS_TOP/u_CXS_RX_TOP/u_CXS_flit_receiver/o_CXS_flit_receiver_rx_data_reg[10]/D (DFFRQX2M)
                                                          0.00       8.25 f
  data arrival time                                                  8.25

  clock CXS_CLK (rise edge)                               0.00       0.00
  clock network delay (ideal)                             0.00       0.00
  clock uncertainty                                       0.05       0.05
  u_CXS_TOP/u_CXS_RX_TOP/u_CXS_flit_receiver/o_CXS_flit_receiver_rx_data_reg[10]/CK (DFFRQX2M)
                                                          0.00       0.05 r
  library hold time                                      -0.01       0.04
  data required time                                                 0.04
  --------------------------------------------------------------------------
  data required time                                                 0.04
  data arrival time                                                 -8.25
  --------------------------------------------------------------------------
  slack (MET)                                                        8.20


  Startpoint: i_cxsdata[9]
              (input port clocked by CXS_CLK)
  Endpoint: u_CXS_TOP/u_CXS_RX_TOP/u_CXS_flit_receiver/o_CXS_flit_receiver_rx_data_reg[9]
            (rising edge-triggered flip-flop clocked by CXS_CLK)
  Path Group: CXS_IN
  Path Type: min

  Point                                                   Incr       Path
  --------------------------------------------------------------------------
  clock CXS_CLK (rise edge)                               0.00       0.00
  clock network delay (ideal)                             0.00       0.00
  input external delay                                    8.11       8.11 f
  i_cxsdata[9] (in)                                       0.01       8.12 f
  u_CXS_TOP/i_CXS_TOP_CXSDATA[9] (CXS_TOP_CXSMAXPAYLOADPERFLIT2_CXSDATAFLITWIDTH32_CNTL_W6_MAX_CREDITS15_CREDIT_W4_FIFO_WIDTH38)
                                                          0.00       8.12 f
  u_CXS_TOP/u_CXS_RX_TOP/i_CXS_RX_TOP_CXSDATA[9] (CXS_RX_TOP_CXSMAXPAYLOADPERFLIT2_CXSDATAFLITWIDTH32_CNTL_W6_MAX_CREDITS15_CREDIT_W4_FIFO_WIDTH38)
                                                          0.00       8.12 f
  u_CXS_TOP/u_CXS_RX_TOP/u_CXS_flit_receiver/i_CXS_flit_receiver_CXSDATA[9] (CXS_flit_receiver_CXSMAXPAYLOADPERFLIT2_CXSDATAFLITWIDTH32_CNTL_W6)
                                                          0.00       8.12 f
  u_CXS_TOP/u_CXS_RX_TOP/u_CXS_flit_receiver/U12/Y (AND2X2M)
                                                          0.13       8.25 f
  u_CXS_TOP/u_CXS_RX_TOP/u_CXS_flit_receiver/o_CXS_flit_receiver_rx_data_reg[9]/D (DFFRQX2M)
                                                          0.00       8.25 f
  data arrival time                                                  8.25

  clock CXS_CLK (rise edge)                               0.00       0.00
  clock network delay (ideal)                             0.00       0.00
  clock uncertainty                                       0.05       0.05
  u_CXS_TOP/u_CXS_RX_TOP/u_CXS_flit_receiver/o_CXS_flit_receiver_rx_data_reg[9]/CK (DFFRQX2M)
                                                          0.00       0.05 r
  library hold time                                      -0.01       0.04
  data required time                                                 0.04
  --------------------------------------------------------------------------
  data required time                                                 0.04
  data arrival time                                                 -8.25
  --------------------------------------------------------------------------
  slack (MET)                                                        8.20


  Startpoint: i_cxsdata[8]
              (input port clocked by CXS_CLK)
  Endpoint: u_CXS_TOP/u_CXS_RX_TOP/u_CXS_flit_receiver/o_CXS_flit_receiver_rx_data_reg[8]
            (rising edge-triggered flip-flop clocked by CXS_CLK)
  Path Group: CXS_IN
  Path Type: min

  Point                                                   Incr       Path
  --------------------------------------------------------------------------
  clock CXS_CLK (rise edge)                               0.00       0.00
  clock network delay (ideal)                             0.00       0.00
  input external delay                                    8.11       8.11 f
  i_cxsdata[8] (in)                                       0.01       8.12 f
  u_CXS_TOP/i_CXS_TOP_CXSDATA[8] (CXS_TOP_CXSMAXPAYLOADPERFLIT2_CXSDATAFLITWIDTH32_CNTL_W6_MAX_CREDITS15_CREDIT_W4_FIFO_WIDTH38)
                                                          0.00       8.12 f
  u_CXS_TOP/u_CXS_RX_TOP/i_CXS_RX_TOP_CXSDATA[8] (CXS_RX_TOP_CXSMAXPAYLOADPERFLIT2_CXSDATAFLITWIDTH32_CNTL_W6_MAX_CREDITS15_CREDIT_W4_FIFO_WIDTH38)
                                                          0.00       8.12 f
  u_CXS_TOP/u_CXS_RX_TOP/u_CXS_flit_receiver/i_CXS_flit_receiver_CXSDATA[8] (CXS_flit_receiver_CXSMAXPAYLOADPERFLIT2_CXSDATAFLITWIDTH32_CNTL_W6)
                                                          0.00       8.12 f
  u_CXS_TOP/u_CXS_RX_TOP/u_CXS_flit_receiver/U11/Y (AND2X2M)
                                                          0.13       8.25 f
  u_CXS_TOP/u_CXS_RX_TOP/u_CXS_flit_receiver/o_CXS_flit_receiver_rx_data_reg[8]/D (DFFRQX2M)
                                                          0.00       8.25 f
  data arrival time                                                  8.25

  clock CXS_CLK (rise edge)                               0.00       0.00
  clock network delay (ideal)                             0.00       0.00
  clock uncertainty                                       0.05       0.05
  u_CXS_TOP/u_CXS_RX_TOP/u_CXS_flit_receiver/o_CXS_flit_receiver_rx_data_reg[8]/CK (DFFRQX2M)
                                                          0.00       0.05 r
  library hold time                                      -0.01       0.04
  data required time                                                 0.04
  --------------------------------------------------------------------------
  data required time                                                 0.04
  data arrival time                                                 -8.25
  --------------------------------------------------------------------------
  slack (MET)                                                        8.20


  Startpoint: i_cxsdata[7]
              (input port clocked by CXS_CLK)
  Endpoint: u_CXS_TOP/u_CXS_RX_TOP/u_CXS_flit_receiver/o_CXS_flit_receiver_rx_data_reg[7]
            (rising edge-triggered flip-flop clocked by CXS_CLK)
  Path Group: CXS_IN
  Path Type: min

  Point                                                   Incr       Path
  --------------------------------------------------------------------------
  clock CXS_CLK (rise edge)                               0.00       0.00
  clock network delay (ideal)                             0.00       0.00
  input external delay                                    8.11       8.11 f
  i_cxsdata[7] (in)                                       0.01       8.12 f
  u_CXS_TOP/i_CXS_TOP_CXSDATA[7] (CXS_TOP_CXSMAXPAYLOADPERFLIT2_CXSDATAFLITWIDTH32_CNTL_W6_MAX_CREDITS15_CREDIT_W4_FIFO_WIDTH38)
                                                          0.00       8.12 f
  u_CXS_TOP/u_CXS_RX_TOP/i_CXS_RX_TOP_CXSDATA[7] (CXS_RX_TOP_CXSMAXPAYLOADPERFLIT2_CXSDATAFLITWIDTH32_CNTL_W6_MAX_CREDITS15_CREDIT_W4_FIFO_WIDTH38)
                                                          0.00       8.12 f
  u_CXS_TOP/u_CXS_RX_TOP/u_CXS_flit_receiver/i_CXS_flit_receiver_CXSDATA[7] (CXS_flit_receiver_CXSMAXPAYLOADPERFLIT2_CXSDATAFLITWIDTH32_CNTL_W6)
                                                          0.00       8.12 f
  u_CXS_TOP/u_CXS_RX_TOP/u_CXS_flit_receiver/U10/Y (AND2X2M)
                                                          0.13       8.25 f
  u_CXS_TOP/u_CXS_RX_TOP/u_CXS_flit_receiver/o_CXS_flit_receiver_rx_data_reg[7]/D (DFFRQX2M)
                                                          0.00       8.25 f
  data arrival time                                                  8.25

  clock CXS_CLK (rise edge)                               0.00       0.00
  clock network delay (ideal)                             0.00       0.00
  clock uncertainty                                       0.05       0.05
  u_CXS_TOP/u_CXS_RX_TOP/u_CXS_flit_receiver/o_CXS_flit_receiver_rx_data_reg[7]/CK (DFFRQX2M)
                                                          0.00       0.05 r
  library hold time                                      -0.01       0.04
  data required time                                                 0.04
  --------------------------------------------------------------------------
  data required time                                                 0.04
  data arrival time                                                 -8.25
  --------------------------------------------------------------------------
  slack (MET)                                                        8.20


  Startpoint: i_cxsdata[6]
              (input port clocked by CXS_CLK)
  Endpoint: u_CXS_TOP/u_CXS_RX_TOP/u_CXS_flit_receiver/o_CXS_flit_receiver_rx_data_reg[6]
            (rising edge-triggered flip-flop clocked by CXS_CLK)
  Path Group: CXS_IN
  Path Type: min

  Point                                                   Incr       Path
  --------------------------------------------------------------------------
  clock CXS_CLK (rise edge)                               0.00       0.00
  clock network delay (ideal)                             0.00       0.00
  input external delay                                    8.11       8.11 f
  i_cxsdata[6] (in)                                       0.01       8.12 f
  u_CXS_TOP/i_CXS_TOP_CXSDATA[6] (CXS_TOP_CXSMAXPAYLOADPERFLIT2_CXSDATAFLITWIDTH32_CNTL_W6_MAX_CREDITS15_CREDIT_W4_FIFO_WIDTH38)
                                                          0.00       8.12 f
  u_CXS_TOP/u_CXS_RX_TOP/i_CXS_RX_TOP_CXSDATA[6] (CXS_RX_TOP_CXSMAXPAYLOADPERFLIT2_CXSDATAFLITWIDTH32_CNTL_W6_MAX_CREDITS15_CREDIT_W4_FIFO_WIDTH38)
                                                          0.00       8.12 f
  u_CXS_TOP/u_CXS_RX_TOP/u_CXS_flit_receiver/i_CXS_flit_receiver_CXSDATA[6] (CXS_flit_receiver_CXSMAXPAYLOADPERFLIT2_CXSDATAFLITWIDTH32_CNTL_W6)
                                                          0.00       8.12 f
  u_CXS_TOP/u_CXS_RX_TOP/u_CXS_flit_receiver/U9/Y (AND2X2M)
                                                          0.13       8.25 f
  u_CXS_TOP/u_CXS_RX_TOP/u_CXS_flit_receiver/o_CXS_flit_receiver_rx_data_reg[6]/D (DFFRQX2M)
                                                          0.00       8.25 f
  data arrival time                                                  8.25

  clock CXS_CLK (rise edge)                               0.00       0.00
  clock network delay (ideal)                             0.00       0.00
  clock uncertainty                                       0.05       0.05
  u_CXS_TOP/u_CXS_RX_TOP/u_CXS_flit_receiver/o_CXS_flit_receiver_rx_data_reg[6]/CK (DFFRQX2M)
                                                          0.00       0.05 r
  library hold time                                      -0.01       0.04
  data required time                                                 0.04
  --------------------------------------------------------------------------
  data required time                                                 0.04
  data arrival time                                                 -8.25
  --------------------------------------------------------------------------
  slack (MET)                                                        8.20


  Startpoint: i_cxsdata[5]
              (input port clocked by CXS_CLK)
  Endpoint: u_CXS_TOP/u_CXS_RX_TOP/u_CXS_flit_receiver/o_CXS_flit_receiver_rx_data_reg[5]
            (rising edge-triggered flip-flop clocked by CXS_CLK)
  Path Group: CXS_IN
  Path Type: min

  Point                                                   Incr       Path
  --------------------------------------------------------------------------
  clock CXS_CLK (rise edge)                               0.00       0.00
  clock network delay (ideal)                             0.00       0.00
  input external delay                                    8.11       8.11 f
  i_cxsdata[5] (in)                                       0.01       8.12 f
  u_CXS_TOP/i_CXS_TOP_CXSDATA[5] (CXS_TOP_CXSMAXPAYLOADPERFLIT2_CXSDATAFLITWIDTH32_CNTL_W6_MAX_CREDITS15_CREDIT_W4_FIFO_WIDTH38)
                                                          0.00       8.12 f
  u_CXS_TOP/u_CXS_RX_TOP/i_CXS_RX_TOP_CXSDATA[5] (CXS_RX_TOP_CXSMAXPAYLOADPERFLIT2_CXSDATAFLITWIDTH32_CNTL_W6_MAX_CREDITS15_CREDIT_W4_FIFO_WIDTH38)
                                                          0.00       8.12 f
  u_CXS_TOP/u_CXS_RX_TOP/u_CXS_flit_receiver/i_CXS_flit_receiver_CXSDATA[5] (CXS_flit_receiver_CXSMAXPAYLOADPERFLIT2_CXSDATAFLITWIDTH32_CNTL_W6)
                                                          0.00       8.12 f
  u_CXS_TOP/u_CXS_RX_TOP/u_CXS_flit_receiver/U8/Y (AND2X2M)
                                                          0.13       8.25 f
  u_CXS_TOP/u_CXS_RX_TOP/u_CXS_flit_receiver/o_CXS_flit_receiver_rx_data_reg[5]/D (DFFRQX2M)
                                                          0.00       8.25 f
  data arrival time                                                  8.25

  clock CXS_CLK (rise edge)                               0.00       0.00
  clock network delay (ideal)                             0.00       0.00
  clock uncertainty                                       0.05       0.05
  u_CXS_TOP/u_CXS_RX_TOP/u_CXS_flit_receiver/o_CXS_flit_receiver_rx_data_reg[5]/CK (DFFRQX2M)
                                                          0.00       0.05 r
  library hold time                                      -0.01       0.04
  data required time                                                 0.04
  --------------------------------------------------------------------------
  data required time                                                 0.04
  data arrival time                                                 -8.25
  --------------------------------------------------------------------------
  slack (MET)                                                        8.20


  Startpoint: i_cxsdata[4]
              (input port clocked by CXS_CLK)
  Endpoint: u_CXS_TOP/u_CXS_RX_TOP/u_CXS_flit_receiver/o_CXS_flit_receiver_rx_data_reg[4]
            (rising edge-triggered flip-flop clocked by CXS_CLK)
  Path Group: CXS_IN
  Path Type: min

  Point                                                   Incr       Path
  --------------------------------------------------------------------------
  clock CXS_CLK (rise edge)                               0.00       0.00
  clock network delay (ideal)                             0.00       0.00
  input external delay                                    8.11       8.11 f
  i_cxsdata[4] (in)                                       0.01       8.12 f
  u_CXS_TOP/i_CXS_TOP_CXSDATA[4] (CXS_TOP_CXSMAXPAYLOADPERFLIT2_CXSDATAFLITWIDTH32_CNTL_W6_MAX_CREDITS15_CREDIT_W4_FIFO_WIDTH38)
                                                          0.00       8.12 f
  u_CXS_TOP/u_CXS_RX_TOP/i_CXS_RX_TOP_CXSDATA[4] (CXS_RX_TOP_CXSMAXPAYLOADPERFLIT2_CXSDATAFLITWIDTH32_CNTL_W6_MAX_CREDITS15_CREDIT_W4_FIFO_WIDTH38)
                                                          0.00       8.12 f
  u_CXS_TOP/u_CXS_RX_TOP/u_CXS_flit_receiver/i_CXS_flit_receiver_CXSDATA[4] (CXS_flit_receiver_CXSMAXPAYLOADPERFLIT2_CXSDATAFLITWIDTH32_CNTL_W6)
                                                          0.00       8.12 f
  u_CXS_TOP/u_CXS_RX_TOP/u_CXS_flit_receiver/U24/Y (AND2X2M)
                                                          0.13       8.25 f
  u_CXS_TOP/u_CXS_RX_TOP/u_CXS_flit_receiver/o_CXS_flit_receiver_rx_data_reg[4]/D (DFFRQX2M)
                                                          0.00       8.25 f
  data arrival time                                                  8.25

  clock CXS_CLK (rise edge)                               0.00       0.00
  clock network delay (ideal)                             0.00       0.00
  clock uncertainty                                       0.05       0.05
  u_CXS_TOP/u_CXS_RX_TOP/u_CXS_flit_receiver/o_CXS_flit_receiver_rx_data_reg[4]/CK (DFFRQX2M)
                                                          0.00       0.05 r
  library hold time                                      -0.01       0.04
  data required time                                                 0.04
  --------------------------------------------------------------------------
  data required time                                                 0.04
  data arrival time                                                 -8.25
  --------------------------------------------------------------------------
  slack (MET)                                                        8.20


  Startpoint: i_cxsdata[3]
              (input port clocked by CXS_CLK)
  Endpoint: u_CXS_TOP/u_CXS_RX_TOP/u_CXS_flit_receiver/o_CXS_flit_receiver_rx_data_reg[3]
            (rising edge-triggered flip-flop clocked by CXS_CLK)
  Path Group: CXS_IN
  Path Type: min

  Point                                                   Incr       Path
  --------------------------------------------------------------------------
  clock CXS_CLK (rise edge)                               0.00       0.00
  clock network delay (ideal)                             0.00       0.00
  input external delay                                    8.11       8.11 f
  i_cxsdata[3] (in)                                       0.01       8.12 f
  u_CXS_TOP/i_CXS_TOP_CXSDATA[3] (CXS_TOP_CXSMAXPAYLOADPERFLIT2_CXSDATAFLITWIDTH32_CNTL_W6_MAX_CREDITS15_CREDIT_W4_FIFO_WIDTH38)
                                                          0.00       8.12 f
  u_CXS_TOP/u_CXS_RX_TOP/i_CXS_RX_TOP_CXSDATA[3] (CXS_RX_TOP_CXSMAXPAYLOADPERFLIT2_CXSDATAFLITWIDTH32_CNTL_W6_MAX_CREDITS15_CREDIT_W4_FIFO_WIDTH38)
                                                          0.00       8.12 f
  u_CXS_TOP/u_CXS_RX_TOP/u_CXS_flit_receiver/i_CXS_flit_receiver_CXSDATA[3] (CXS_flit_receiver_CXSMAXPAYLOADPERFLIT2_CXSDATAFLITWIDTH32_CNTL_W6)
                                                          0.00       8.12 f
  u_CXS_TOP/u_CXS_RX_TOP/u_CXS_flit_receiver/U23/Y (AND2X2M)
                                                          0.13       8.25 f
  u_CXS_TOP/u_CXS_RX_TOP/u_CXS_flit_receiver/o_CXS_flit_receiver_rx_data_reg[3]/D (DFFRQX2M)
                                                          0.00       8.25 f
  data arrival time                                                  8.25

  clock CXS_CLK (rise edge)                               0.00       0.00
  clock network delay (ideal)                             0.00       0.00
  clock uncertainty                                       0.05       0.05
  u_CXS_TOP/u_CXS_RX_TOP/u_CXS_flit_receiver/o_CXS_flit_receiver_rx_data_reg[3]/CK (DFFRQX2M)
                                                          0.00       0.05 r
  library hold time                                      -0.01       0.04
  data required time                                                 0.04
  --------------------------------------------------------------------------
  data required time                                                 0.04
  data arrival time                                                 -8.25
  --------------------------------------------------------------------------
  slack (MET)                                                        8.20


  Startpoint: i_cxsdata[2]
              (input port clocked by CXS_CLK)
  Endpoint: u_CXS_TOP/u_CXS_RX_TOP/u_CXS_flit_receiver/o_CXS_flit_receiver_rx_data_reg[2]
            (rising edge-triggered flip-flop clocked by CXS_CLK)
  Path Group: CXS_IN
  Path Type: min

  Point                                                   Incr       Path
  --------------------------------------------------------------------------
  clock CXS_CLK (rise edge)                               0.00       0.00
  clock network delay (ideal)                             0.00       0.00
  input external delay                                    8.11       8.11 f
  i_cxsdata[2] (in)                                       0.01       8.12 f
  u_CXS_TOP/i_CXS_TOP_CXSDATA[2] (CXS_TOP_CXSMAXPAYLOADPERFLIT2_CXSDATAFLITWIDTH32_CNTL_W6_MAX_CREDITS15_CREDIT_W4_FIFO_WIDTH38)
                                                          0.00       8.12 f
  u_CXS_TOP/u_CXS_RX_TOP/i_CXS_RX_TOP_CXSDATA[2] (CXS_RX_TOP_CXSMAXPAYLOADPERFLIT2_CXSDATAFLITWIDTH32_CNTL_W6_MAX_CREDITS15_CREDIT_W4_FIFO_WIDTH38)
                                                          0.00       8.12 f
  u_CXS_TOP/u_CXS_RX_TOP/u_CXS_flit_receiver/i_CXS_flit_receiver_CXSDATA[2] (CXS_flit_receiver_CXSMAXPAYLOADPERFLIT2_CXSDATAFLITWIDTH32_CNTL_W6)
                                                          0.00       8.12 f
  u_CXS_TOP/u_CXS_RX_TOP/u_CXS_flit_receiver/U22/Y (AND2X2M)
                                                          0.13       8.25 f
  u_CXS_TOP/u_CXS_RX_TOP/u_CXS_flit_receiver/o_CXS_flit_receiver_rx_data_reg[2]/D (DFFRQX2M)
                                                          0.00       8.25 f
  data arrival time                                                  8.25

  clock CXS_CLK (rise edge)                               0.00       0.00
  clock network delay (ideal)                             0.00       0.00
  clock uncertainty                                       0.05       0.05
  u_CXS_TOP/u_CXS_RX_TOP/u_CXS_flit_receiver/o_CXS_flit_receiver_rx_data_reg[2]/CK (DFFRQX2M)
                                                          0.00       0.05 r
  library hold time                                      -0.01       0.04
  data required time                                                 0.04
  --------------------------------------------------------------------------
  data required time                                                 0.04
  data arrival time                                                 -8.25
  --------------------------------------------------------------------------
  slack (MET)                                                        8.20


  Startpoint: i_cxsdata[1]
              (input port clocked by CXS_CLK)
  Endpoint: u_CXS_TOP/u_CXS_RX_TOP/u_CXS_flit_receiver/o_CXS_flit_receiver_rx_data_reg[1]
            (rising edge-triggered flip-flop clocked by CXS_CLK)
  Path Group: CXS_IN
  Path Type: min

  Point                                                   Incr       Path
  --------------------------------------------------------------------------
  clock CXS_CLK (rise edge)                               0.00       0.00
  clock network delay (ideal)                             0.00       0.00
  input external delay                                    8.11       8.11 f
  i_cxsdata[1] (in)                                       0.01       8.12 f
  u_CXS_TOP/i_CXS_TOP_CXSDATA[1] (CXS_TOP_CXSMAXPAYLOADPERFLIT2_CXSDATAFLITWIDTH32_CNTL_W6_MAX_CREDITS15_CREDIT_W4_FIFO_WIDTH38)
                                                          0.00       8.12 f
  u_CXS_TOP/u_CXS_RX_TOP/i_CXS_RX_TOP_CXSDATA[1] (CXS_RX_TOP_CXSMAXPAYLOADPERFLIT2_CXSDATAFLITWIDTH32_CNTL_W6_MAX_CREDITS15_CREDIT_W4_FIFO_WIDTH38)
                                                          0.00       8.12 f
  u_CXS_TOP/u_CXS_RX_TOP/u_CXS_flit_receiver/i_CXS_flit_receiver_CXSDATA[1] (CXS_flit_receiver_CXSMAXPAYLOADPERFLIT2_CXSDATAFLITWIDTH32_CNTL_W6)
                                                          0.00       8.12 f
  u_CXS_TOP/u_CXS_RX_TOP/u_CXS_flit_receiver/U21/Y (AND2X2M)
                                                          0.13       8.25 f
  u_CXS_TOP/u_CXS_RX_TOP/u_CXS_flit_receiver/o_CXS_flit_receiver_rx_data_reg[1]/D (DFFRQX2M)
                                                          0.00       8.25 f
  data arrival time                                                  8.25

  clock CXS_CLK (rise edge)                               0.00       0.00
  clock network delay (ideal)                             0.00       0.00
  clock uncertainty                                       0.05       0.05
  u_CXS_TOP/u_CXS_RX_TOP/u_CXS_flit_receiver/o_CXS_flit_receiver_rx_data_reg[1]/CK (DFFRQX2M)
                                                          0.00       0.05 r
  library hold time                                      -0.01       0.04
  data required time                                                 0.04
  --------------------------------------------------------------------------
  data required time                                                 0.04
  data arrival time                                                 -8.25
  --------------------------------------------------------------------------
  slack (MET)                                                        8.20


  Startpoint: i_cxsdata[0]
              (input port clocked by CXS_CLK)
  Endpoint: u_CXS_TOP/u_CXS_RX_TOP/u_CXS_flit_receiver/o_CXS_flit_receiver_rx_data_reg[0]
            (rising edge-triggered flip-flop clocked by CXS_CLK)
  Path Group: CXS_IN
  Path Type: min

  Point                                                   Incr       Path
  --------------------------------------------------------------------------
  clock CXS_CLK (rise edge)                               0.00       0.00
  clock network delay (ideal)                             0.00       0.00
  input external delay                                    8.11       8.11 f
  i_cxsdata[0] (in)                                       0.01       8.12 f
  u_CXS_TOP/i_CXS_TOP_CXSDATA[0] (CXS_TOP_CXSMAXPAYLOADPERFLIT2_CXSDATAFLITWIDTH32_CNTL_W6_MAX_CREDITS15_CREDIT_W4_FIFO_WIDTH38)
                                                          0.00       8.12 f
  u_CXS_TOP/u_CXS_RX_TOP/i_CXS_RX_TOP_CXSDATA[0] (CXS_RX_TOP_CXSMAXPAYLOADPERFLIT2_CXSDATAFLITWIDTH32_CNTL_W6_MAX_CREDITS15_CREDIT_W4_FIFO_WIDTH38)
                                                          0.00       8.12 f
  u_CXS_TOP/u_CXS_RX_TOP/u_CXS_flit_receiver/i_CXS_flit_receiver_CXSDATA[0] (CXS_flit_receiver_CXSMAXPAYLOADPERFLIT2_CXSDATAFLITWIDTH32_CNTL_W6)
                                                          0.00       8.12 f
  u_CXS_TOP/u_CXS_RX_TOP/u_CXS_flit_receiver/U20/Y (AND2X2M)
                                                          0.13       8.25 f
  u_CXS_TOP/u_CXS_RX_TOP/u_CXS_flit_receiver/o_CXS_flit_receiver_rx_data_reg[0]/D (DFFRQX2M)
                                                          0.00       8.25 f
  data arrival time                                                  8.25

  clock CXS_CLK (rise edge)                               0.00       0.00
  clock network delay (ideal)                             0.00       0.00
  clock uncertainty                                       0.05       0.05
  u_CXS_TOP/u_CXS_RX_TOP/u_CXS_flit_receiver/o_CXS_flit_receiver_rx_data_reg[0]/CK (DFFRQX2M)
                                                          0.00       0.05 r
  library hold time                                      -0.01       0.04
  data required time                                                 0.04
  --------------------------------------------------------------------------
  data required time                                                 0.04
  data arrival time                                                 -8.25
  --------------------------------------------------------------------------
  slack (MET)                                                        8.20


  Startpoint: u_CXS_TOP/u_CXS_TX_TOP/u_CXS_flit_transmitter/o_CXS_flit_transmitter_CXSDATA_reg[31]
              (rising edge-triggered flip-flop clocked by CXS_CLK)
  Endpoint: o_CXSDATA[31]
            (output port clocked by CXS_CLK)
  Path Group: CXS_OUT
  Path Type: min

  Point                                                   Incr       Path
  --------------------------------------------------------------------------
  clock CXS_CLK (rise edge)                               0.00       0.00
  clock network delay (ideal)                             0.00       0.00
  u_CXS_TOP/u_CXS_TX_TOP/u_CXS_flit_transmitter/o_CXS_flit_transmitter_CXSDATA_reg[31]/CK (DFFRHQX8M)
                                                          0.00       0.00 r
  u_CXS_TOP/u_CXS_TX_TOP/u_CXS_flit_transmitter/o_CXS_flit_transmitter_CXSDATA_reg[31]/Q (DFFRHQX8M)
                                                          0.70       0.70 f
  u_CXS_TOP/u_CXS_TX_TOP/u_CXS_flit_transmitter/o_CXS_flit_transmitter_CXSDATA[31] (CXS_flit_transmitter_CXSMAXPAYLOADPERFLIT2_CXSDATAFLITWIDTH32)
                                                          0.00       0.70 f
  u_CXS_TOP/u_CXS_TX_TOP/o_CXS_TX_TOP_CXSDATA[31] (CXS_TX_TOP_CXSMAXPAYLOADPERFLIT2_CXSDATAFLITWIDTH32_CNTL_W6_MAX_CREDITS15_CREDIT_W4)
                                                          0.00       0.70 f
  u_CXS_TOP/o_CXS_TOP_CXSDATA[31] (CXS_TOP_CXSMAXPAYLOADPERFLIT2_CXSDATAFLITWIDTH32_CNTL_W6_MAX_CREDITS15_CREDIT_W4_FIFO_WIDTH38)
                                                          0.00       0.70 f
  o_CXSDATA[31] (out)                                     0.00       0.70 f
  data arrival time                                                  0.70

  clock CXS_CLK (rise edge)                               0.00       0.00
  clock network delay (ideal)                             0.00       0.00
  clock uncertainty                                       0.05       0.05
  output external delay                                  -8.11      -8.06
  data required time                                                -8.06
  --------------------------------------------------------------------------
  data required time                                                -8.06
  data arrival time                                                 -0.70
  --------------------------------------------------------------------------
  slack (MET)                                                        8.76


  Startpoint: u_CXS_TOP/u_CXS_TX_TOP/u_CXS_flit_transmitter/o_CXS_flit_transmitter_CXSDATA_reg[30]
              (rising edge-triggered flip-flop clocked by CXS_CLK)
  Endpoint: o_CXSDATA[30]
            (output port clocked by CXS_CLK)
  Path Group: CXS_OUT
  Path Type: min

  Point                                                   Incr       Path
  --------------------------------------------------------------------------
  clock CXS_CLK (rise edge)                               0.00       0.00
  clock network delay (ideal)                             0.00       0.00
  u_CXS_TOP/u_CXS_TX_TOP/u_CXS_flit_transmitter/o_CXS_flit_transmitter_CXSDATA_reg[30]/CK (DFFRHQX8M)
                                                          0.00       0.00 r
  u_CXS_TOP/u_CXS_TX_TOP/u_CXS_flit_transmitter/o_CXS_flit_transmitter_CXSDATA_reg[30]/Q (DFFRHQX8M)
                                                          0.70       0.70 f
  u_CXS_TOP/u_CXS_TX_TOP/u_CXS_flit_transmitter/o_CXS_flit_transmitter_CXSDATA[30] (CXS_flit_transmitter_CXSMAXPAYLOADPERFLIT2_CXSDATAFLITWIDTH32)
                                                          0.00       0.70 f
  u_CXS_TOP/u_CXS_TX_TOP/o_CXS_TX_TOP_CXSDATA[30] (CXS_TX_TOP_CXSMAXPAYLOADPERFLIT2_CXSDATAFLITWIDTH32_CNTL_W6_MAX_CREDITS15_CREDIT_W4)
                                                          0.00       0.70 f
  u_CXS_TOP/o_CXS_TOP_CXSDATA[30] (CXS_TOP_CXSMAXPAYLOADPERFLIT2_CXSDATAFLITWIDTH32_CNTL_W6_MAX_CREDITS15_CREDIT_W4_FIFO_WIDTH38)
                                                          0.00       0.70 f
  o_CXSDATA[30] (out)                                     0.00       0.70 f
  data arrival time                                                  0.70

  clock CXS_CLK (rise edge)                               0.00       0.00
  clock network delay (ideal)                             0.00       0.00
  clock uncertainty                                       0.05       0.05
  output external delay                                  -8.11      -8.06
  data required time                                                -8.06
  --------------------------------------------------------------------------
  data required time                                                -8.06
  data arrival time                                                 -0.70
  --------------------------------------------------------------------------
  slack (MET)                                                        8.76


  Startpoint: u_CXS_TOP/u_CXS_TX_TOP/u_CXS_flit_transmitter/o_CXS_flit_transmitter_CXSDATA_reg[29]
              (rising edge-triggered flip-flop clocked by CXS_CLK)
  Endpoint: o_CXSDATA[29]
            (output port clocked by CXS_CLK)
  Path Group: CXS_OUT
  Path Type: min

  Point                                                   Incr       Path
  --------------------------------------------------------------------------
  clock CXS_CLK (rise edge)                               0.00       0.00
  clock network delay (ideal)                             0.00       0.00
  u_CXS_TOP/u_CXS_TX_TOP/u_CXS_flit_transmitter/o_CXS_flit_transmitter_CXSDATA_reg[29]/CK (DFFRHQX8M)
                                                          0.00       0.00 r
  u_CXS_TOP/u_CXS_TX_TOP/u_CXS_flit_transmitter/o_CXS_flit_transmitter_CXSDATA_reg[29]/Q (DFFRHQX8M)
                                                          0.70       0.70 f
  u_CXS_TOP/u_CXS_TX_TOP/u_CXS_flit_transmitter/o_CXS_flit_transmitter_CXSDATA[29] (CXS_flit_transmitter_CXSMAXPAYLOADPERFLIT2_CXSDATAFLITWIDTH32)
                                                          0.00       0.70 f
  u_CXS_TOP/u_CXS_TX_TOP/o_CXS_TX_TOP_CXSDATA[29] (CXS_TX_TOP_CXSMAXPAYLOADPERFLIT2_CXSDATAFLITWIDTH32_CNTL_W6_MAX_CREDITS15_CREDIT_W4)
                                                          0.00       0.70 f
  u_CXS_TOP/o_CXS_TOP_CXSDATA[29] (CXS_TOP_CXSMAXPAYLOADPERFLIT2_CXSDATAFLITWIDTH32_CNTL_W6_MAX_CREDITS15_CREDIT_W4_FIFO_WIDTH38)
                                                          0.00       0.70 f
  o_CXSDATA[29] (out)                                     0.00       0.70 f
  data arrival time                                                  0.70

  clock CXS_CLK (rise edge)                               0.00       0.00
  clock network delay (ideal)                             0.00       0.00
  clock uncertainty                                       0.05       0.05
  output external delay                                  -8.11      -8.06
  data required time                                                -8.06
  --------------------------------------------------------------------------
  data required time                                                -8.06
  data arrival time                                                 -0.70
  --------------------------------------------------------------------------
  slack (MET)                                                        8.76


  Startpoint: u_CXS_TOP/u_CXS_TX_TOP/u_CXS_flit_transmitter/o_CXS_flit_transmitter_CXSDATA_reg[28]
              (rising edge-triggered flip-flop clocked by CXS_CLK)
  Endpoint: o_CXSDATA[28]
            (output port clocked by CXS_CLK)
  Path Group: CXS_OUT
  Path Type: min

  Point                                                   Incr       Path
  --------------------------------------------------------------------------
  clock CXS_CLK (rise edge)                               0.00       0.00
  clock network delay (ideal)                             0.00       0.00
  u_CXS_TOP/u_CXS_TX_TOP/u_CXS_flit_transmitter/o_CXS_flit_transmitter_CXSDATA_reg[28]/CK (DFFRHQX8M)
                                                          0.00       0.00 r
  u_CXS_TOP/u_CXS_TX_TOP/u_CXS_flit_transmitter/o_CXS_flit_transmitter_CXSDATA_reg[28]/Q (DFFRHQX8M)
                                                          0.70       0.70 f
  u_CXS_TOP/u_CXS_TX_TOP/u_CXS_flit_transmitter/o_CXS_flit_transmitter_CXSDATA[28] (CXS_flit_transmitter_CXSMAXPAYLOADPERFLIT2_CXSDATAFLITWIDTH32)
                                                          0.00       0.70 f
  u_CXS_TOP/u_CXS_TX_TOP/o_CXS_TX_TOP_CXSDATA[28] (CXS_TX_TOP_CXSMAXPAYLOADPERFLIT2_CXSDATAFLITWIDTH32_CNTL_W6_MAX_CREDITS15_CREDIT_W4)
                                                          0.00       0.70 f
  u_CXS_TOP/o_CXS_TOP_CXSDATA[28] (CXS_TOP_CXSMAXPAYLOADPERFLIT2_CXSDATAFLITWIDTH32_CNTL_W6_MAX_CREDITS15_CREDIT_W4_FIFO_WIDTH38)
                                                          0.00       0.70 f
  o_CXSDATA[28] (out)                                     0.00       0.70 f
  data arrival time                                                  0.70

  clock CXS_CLK (rise edge)                               0.00       0.00
  clock network delay (ideal)                             0.00       0.00
  clock uncertainty                                       0.05       0.05
  output external delay                                  -8.11      -8.06
  data required time                                                -8.06
  --------------------------------------------------------------------------
  data required time                                                -8.06
  data arrival time                                                 -0.70
  --------------------------------------------------------------------------
  slack (MET)                                                        8.76


  Startpoint: u_CXS_TOP/u_CXS_TX_TOP/u_CXS_flit_transmitter/o_CXS_flit_transmitter_CXSDATA_reg[27]
              (rising edge-triggered flip-flop clocked by CXS_CLK)
  Endpoint: o_CXSDATA[27]
            (output port clocked by CXS_CLK)
  Path Group: CXS_OUT
  Path Type: min

  Point                                                   Incr       Path
  --------------------------------------------------------------------------
  clock CXS_CLK (rise edge)                               0.00       0.00
  clock network delay (ideal)                             0.00       0.00
  u_CXS_TOP/u_CXS_TX_TOP/u_CXS_flit_transmitter/o_CXS_flit_transmitter_CXSDATA_reg[27]/CK (DFFRHQX8M)
                                                          0.00       0.00 r
  u_CXS_TOP/u_CXS_TX_TOP/u_CXS_flit_transmitter/o_CXS_flit_transmitter_CXSDATA_reg[27]/Q (DFFRHQX8M)
                                                          0.70       0.70 f
  u_CXS_TOP/u_CXS_TX_TOP/u_CXS_flit_transmitter/o_CXS_flit_transmitter_CXSDATA[27] (CXS_flit_transmitter_CXSMAXPAYLOADPERFLIT2_CXSDATAFLITWIDTH32)
                                                          0.00       0.70 f
  u_CXS_TOP/u_CXS_TX_TOP/o_CXS_TX_TOP_CXSDATA[27] (CXS_TX_TOP_CXSMAXPAYLOADPERFLIT2_CXSDATAFLITWIDTH32_CNTL_W6_MAX_CREDITS15_CREDIT_W4)
                                                          0.00       0.70 f
  u_CXS_TOP/o_CXS_TOP_CXSDATA[27] (CXS_TOP_CXSMAXPAYLOADPERFLIT2_CXSDATAFLITWIDTH32_CNTL_W6_MAX_CREDITS15_CREDIT_W4_FIFO_WIDTH38)
                                                          0.00       0.70 f
  o_CXSDATA[27] (out)                                     0.00       0.70 f
  data arrival time                                                  0.70

  clock CXS_CLK (rise edge)                               0.00       0.00
  clock network delay (ideal)                             0.00       0.00
  clock uncertainty                                       0.05       0.05
  output external delay                                  -8.11      -8.06
  data required time                                                -8.06
  --------------------------------------------------------------------------
  data required time                                                -8.06
  data arrival time                                                 -0.70
  --------------------------------------------------------------------------
  slack (MET)                                                        8.76


  Startpoint: u_CXS_TOP/u_CXS_TX_TOP/u_CXS_flit_transmitter/o_CXS_flit_transmitter_CXSDATA_reg[26]
              (rising edge-triggered flip-flop clocked by CXS_CLK)
  Endpoint: o_CXSDATA[26]
            (output port clocked by CXS_CLK)
  Path Group: CXS_OUT
  Path Type: min

  Point                                                   Incr       Path
  --------------------------------------------------------------------------
  clock CXS_CLK (rise edge)                               0.00       0.00
  clock network delay (ideal)                             0.00       0.00
  u_CXS_TOP/u_CXS_TX_TOP/u_CXS_flit_transmitter/o_CXS_flit_transmitter_CXSDATA_reg[26]/CK (DFFRHQX8M)
                                                          0.00       0.00 r
  u_CXS_TOP/u_CXS_TX_TOP/u_CXS_flit_transmitter/o_CXS_flit_transmitter_CXSDATA_reg[26]/Q (DFFRHQX8M)
                                                          0.70       0.70 f
  u_CXS_TOP/u_CXS_TX_TOP/u_CXS_flit_transmitter/o_CXS_flit_transmitter_CXSDATA[26] (CXS_flit_transmitter_CXSMAXPAYLOADPERFLIT2_CXSDATAFLITWIDTH32)
                                                          0.00       0.70 f
  u_CXS_TOP/u_CXS_TX_TOP/o_CXS_TX_TOP_CXSDATA[26] (CXS_TX_TOP_CXSMAXPAYLOADPERFLIT2_CXSDATAFLITWIDTH32_CNTL_W6_MAX_CREDITS15_CREDIT_W4)
                                                          0.00       0.70 f
  u_CXS_TOP/o_CXS_TOP_CXSDATA[26] (CXS_TOP_CXSMAXPAYLOADPERFLIT2_CXSDATAFLITWIDTH32_CNTL_W6_MAX_CREDITS15_CREDIT_W4_FIFO_WIDTH38)
                                                          0.00       0.70 f
  o_CXSDATA[26] (out)                                     0.00       0.70 f
  data arrival time                                                  0.70

  clock CXS_CLK (rise edge)                               0.00       0.00
  clock network delay (ideal)                             0.00       0.00
  clock uncertainty                                       0.05       0.05
  output external delay                                  -8.11      -8.06
  data required time                                                -8.06
  --------------------------------------------------------------------------
  data required time                                                -8.06
  data arrival time                                                 -0.70
  --------------------------------------------------------------------------
  slack (MET)                                                        8.76


  Startpoint: u_CXS_TOP/u_CXS_TX_TOP/u_CXS_flit_transmitter/o_CXS_flit_transmitter_CXSDATA_reg[25]
              (rising edge-triggered flip-flop clocked by CXS_CLK)
  Endpoint: o_CXSDATA[25]
            (output port clocked by CXS_CLK)
  Path Group: CXS_OUT
  Path Type: min

  Point                                                   Incr       Path
  --------------------------------------------------------------------------
  clock CXS_CLK (rise edge)                               0.00       0.00
  clock network delay (ideal)                             0.00       0.00
  u_CXS_TOP/u_CXS_TX_TOP/u_CXS_flit_transmitter/o_CXS_flit_transmitter_CXSDATA_reg[25]/CK (DFFRHQX8M)
                                                          0.00       0.00 r
  u_CXS_TOP/u_CXS_TX_TOP/u_CXS_flit_transmitter/o_CXS_flit_transmitter_CXSDATA_reg[25]/Q (DFFRHQX8M)
                                                          0.70       0.70 f
  u_CXS_TOP/u_CXS_TX_TOP/u_CXS_flit_transmitter/o_CXS_flit_transmitter_CXSDATA[25] (CXS_flit_transmitter_CXSMAXPAYLOADPERFLIT2_CXSDATAFLITWIDTH32)
                                                          0.00       0.70 f
  u_CXS_TOP/u_CXS_TX_TOP/o_CXS_TX_TOP_CXSDATA[25] (CXS_TX_TOP_CXSMAXPAYLOADPERFLIT2_CXSDATAFLITWIDTH32_CNTL_W6_MAX_CREDITS15_CREDIT_W4)
                                                          0.00       0.70 f
  u_CXS_TOP/o_CXS_TOP_CXSDATA[25] (CXS_TOP_CXSMAXPAYLOADPERFLIT2_CXSDATAFLITWIDTH32_CNTL_W6_MAX_CREDITS15_CREDIT_W4_FIFO_WIDTH38)
                                                          0.00       0.70 f
  o_CXSDATA[25] (out)                                     0.00       0.70 f
  data arrival time                                                  0.70

  clock CXS_CLK (rise edge)                               0.00       0.00
  clock network delay (ideal)                             0.00       0.00
  clock uncertainty                                       0.05       0.05
  output external delay                                  -8.11      -8.06
  data required time                                                -8.06
  --------------------------------------------------------------------------
  data required time                                                -8.06
  data arrival time                                                 -0.70
  --------------------------------------------------------------------------
  slack (MET)                                                        8.76


  Startpoint: u_CXS_TOP/u_CXS_TX_TOP/u_CXS_flit_transmitter/o_CXS_flit_transmitter_CXSDATA_reg[24]
              (rising edge-triggered flip-flop clocked by CXS_CLK)
  Endpoint: o_CXSDATA[24]
            (output port clocked by CXS_CLK)
  Path Group: CXS_OUT
  Path Type: min

  Point                                                   Incr       Path
  --------------------------------------------------------------------------
  clock CXS_CLK (rise edge)                               0.00       0.00
  clock network delay (ideal)                             0.00       0.00
  u_CXS_TOP/u_CXS_TX_TOP/u_CXS_flit_transmitter/o_CXS_flit_transmitter_CXSDATA_reg[24]/CK (DFFRHQX8M)
                                                          0.00       0.00 r
  u_CXS_TOP/u_CXS_TX_TOP/u_CXS_flit_transmitter/o_CXS_flit_transmitter_CXSDATA_reg[24]/Q (DFFRHQX8M)
                                                          0.70       0.70 f
  u_CXS_TOP/u_CXS_TX_TOP/u_CXS_flit_transmitter/o_CXS_flit_transmitter_CXSDATA[24] (CXS_flit_transmitter_CXSMAXPAYLOADPERFLIT2_CXSDATAFLITWIDTH32)
                                                          0.00       0.70 f
  u_CXS_TOP/u_CXS_TX_TOP/o_CXS_TX_TOP_CXSDATA[24] (CXS_TX_TOP_CXSMAXPAYLOADPERFLIT2_CXSDATAFLITWIDTH32_CNTL_W6_MAX_CREDITS15_CREDIT_W4)
                                                          0.00       0.70 f
  u_CXS_TOP/o_CXS_TOP_CXSDATA[24] (CXS_TOP_CXSMAXPAYLOADPERFLIT2_CXSDATAFLITWIDTH32_CNTL_W6_MAX_CREDITS15_CREDIT_W4_FIFO_WIDTH38)
                                                          0.00       0.70 f
  o_CXSDATA[24] (out)                                     0.00       0.70 f
  data arrival time                                                  0.70

  clock CXS_CLK (rise edge)                               0.00       0.00
  clock network delay (ideal)                             0.00       0.00
  clock uncertainty                                       0.05       0.05
  output external delay                                  -8.11      -8.06
  data required time                                                -8.06
  --------------------------------------------------------------------------
  data required time                                                -8.06
  data arrival time                                                 -0.70
  --------------------------------------------------------------------------
  slack (MET)                                                        8.76


  Startpoint: u_CXS_TOP/u_CXS_TX_TOP/u_CXS_flit_transmitter/o_CXS_flit_transmitter_CXSDATA_reg[23]
              (rising edge-triggered flip-flop clocked by CXS_CLK)
  Endpoint: o_CXSDATA[23]
            (output port clocked by CXS_CLK)
  Path Group: CXS_OUT
  Path Type: min

  Point                                                   Incr       Path
  --------------------------------------------------------------------------
  clock CXS_CLK (rise edge)                               0.00       0.00
  clock network delay (ideal)                             0.00       0.00
  u_CXS_TOP/u_CXS_TX_TOP/u_CXS_flit_transmitter/o_CXS_flit_transmitter_CXSDATA_reg[23]/CK (DFFRHQX8M)
                                                          0.00       0.00 r
  u_CXS_TOP/u_CXS_TX_TOP/u_CXS_flit_transmitter/o_CXS_flit_transmitter_CXSDATA_reg[23]/Q (DFFRHQX8M)
                                                          0.70       0.70 f
  u_CXS_TOP/u_CXS_TX_TOP/u_CXS_flit_transmitter/o_CXS_flit_transmitter_CXSDATA[23] (CXS_flit_transmitter_CXSMAXPAYLOADPERFLIT2_CXSDATAFLITWIDTH32)
                                                          0.00       0.70 f
  u_CXS_TOP/u_CXS_TX_TOP/o_CXS_TX_TOP_CXSDATA[23] (CXS_TX_TOP_CXSMAXPAYLOADPERFLIT2_CXSDATAFLITWIDTH32_CNTL_W6_MAX_CREDITS15_CREDIT_W4)
                                                          0.00       0.70 f
  u_CXS_TOP/o_CXS_TOP_CXSDATA[23] (CXS_TOP_CXSMAXPAYLOADPERFLIT2_CXSDATAFLITWIDTH32_CNTL_W6_MAX_CREDITS15_CREDIT_W4_FIFO_WIDTH38)
                                                          0.00       0.70 f
  o_CXSDATA[23] (out)                                     0.00       0.70 f
  data arrival time                                                  0.70

  clock CXS_CLK (rise edge)                               0.00       0.00
  clock network delay (ideal)                             0.00       0.00
  clock uncertainty                                       0.05       0.05
  output external delay                                  -8.11      -8.06
  data required time                                                -8.06
  --------------------------------------------------------------------------
  data required time                                                -8.06
  data arrival time                                                 -0.70
  --------------------------------------------------------------------------
  slack (MET)                                                        8.76


  Startpoint: u_CXS_TOP/u_CXS_TX_TOP/u_CXS_flit_transmitter/o_CXS_flit_transmitter_CXSDATA_reg[22]
              (rising edge-triggered flip-flop clocked by CXS_CLK)
  Endpoint: o_CXSDATA[22]
            (output port clocked by CXS_CLK)
  Path Group: CXS_OUT
  Path Type: min

  Point                                                   Incr       Path
  --------------------------------------------------------------------------
  clock CXS_CLK (rise edge)                               0.00       0.00
  clock network delay (ideal)                             0.00       0.00
  u_CXS_TOP/u_CXS_TX_TOP/u_CXS_flit_transmitter/o_CXS_flit_transmitter_CXSDATA_reg[22]/CK (DFFRHQX8M)
                                                          0.00       0.00 r
  u_CXS_TOP/u_CXS_TX_TOP/u_CXS_flit_transmitter/o_CXS_flit_transmitter_CXSDATA_reg[22]/Q (DFFRHQX8M)
                                                          0.70       0.70 f
  u_CXS_TOP/u_CXS_TX_TOP/u_CXS_flit_transmitter/o_CXS_flit_transmitter_CXSDATA[22] (CXS_flit_transmitter_CXSMAXPAYLOADPERFLIT2_CXSDATAFLITWIDTH32)
                                                          0.00       0.70 f
  u_CXS_TOP/u_CXS_TX_TOP/o_CXS_TX_TOP_CXSDATA[22] (CXS_TX_TOP_CXSMAXPAYLOADPERFLIT2_CXSDATAFLITWIDTH32_CNTL_W6_MAX_CREDITS15_CREDIT_W4)
                                                          0.00       0.70 f
  u_CXS_TOP/o_CXS_TOP_CXSDATA[22] (CXS_TOP_CXSMAXPAYLOADPERFLIT2_CXSDATAFLITWIDTH32_CNTL_W6_MAX_CREDITS15_CREDIT_W4_FIFO_WIDTH38)
                                                          0.00       0.70 f
  o_CXSDATA[22] (out)                                     0.00       0.70 f
  data arrival time                                                  0.70

  clock CXS_CLK (rise edge)                               0.00       0.00
  clock network delay (ideal)                             0.00       0.00
  clock uncertainty                                       0.05       0.05
  output external delay                                  -8.11      -8.06
  data required time                                                -8.06
  --------------------------------------------------------------------------
  data required time                                                -8.06
  data arrival time                                                 -0.70
  --------------------------------------------------------------------------
  slack (MET)                                                        8.76


  Startpoint: u_CXS_TOP/u_CXS_TX_TOP/u_CXS_flit_transmitter/o_CXS_flit_transmitter_CXSDATA_reg[21]
              (rising edge-triggered flip-flop clocked by CXS_CLK)
  Endpoint: o_CXSDATA[21]
            (output port clocked by CXS_CLK)
  Path Group: CXS_OUT
  Path Type: min

  Point                                                   Incr       Path
  --------------------------------------------------------------------------
  clock CXS_CLK (rise edge)                               0.00       0.00
  clock network delay (ideal)                             0.00       0.00
  u_CXS_TOP/u_CXS_TX_TOP/u_CXS_flit_transmitter/o_CXS_flit_transmitter_CXSDATA_reg[21]/CK (DFFRHQX8M)
                                                          0.00       0.00 r
  u_CXS_TOP/u_CXS_TX_TOP/u_CXS_flit_transmitter/o_CXS_flit_transmitter_CXSDATA_reg[21]/Q (DFFRHQX8M)
                                                          0.70       0.70 f
  u_CXS_TOP/u_CXS_TX_TOP/u_CXS_flit_transmitter/o_CXS_flit_transmitter_CXSDATA[21] (CXS_flit_transmitter_CXSMAXPAYLOADPERFLIT2_CXSDATAFLITWIDTH32)
                                                          0.00       0.70 f
  u_CXS_TOP/u_CXS_TX_TOP/o_CXS_TX_TOP_CXSDATA[21] (CXS_TX_TOP_CXSMAXPAYLOADPERFLIT2_CXSDATAFLITWIDTH32_CNTL_W6_MAX_CREDITS15_CREDIT_W4)
                                                          0.00       0.70 f
  u_CXS_TOP/o_CXS_TOP_CXSDATA[21] (CXS_TOP_CXSMAXPAYLOADPERFLIT2_CXSDATAFLITWIDTH32_CNTL_W6_MAX_CREDITS15_CREDIT_W4_FIFO_WIDTH38)
                                                          0.00       0.70 f
  o_CXSDATA[21] (out)                                     0.00       0.70 f
  data arrival time                                                  0.70

  clock CXS_CLK (rise edge)                               0.00       0.00
  clock network delay (ideal)                             0.00       0.00
  clock uncertainty                                       0.05       0.05
  output external delay                                  -8.11      -8.06
  data required time                                                -8.06
  --------------------------------------------------------------------------
  data required time                                                -8.06
  data arrival time                                                 -0.70
  --------------------------------------------------------------------------
  slack (MET)                                                        8.76


  Startpoint: u_CXS_TOP/u_CXS_TX_TOP/u_CXS_flit_transmitter/o_CXS_flit_transmitter_CXSDATA_reg[20]
              (rising edge-triggered flip-flop clocked by CXS_CLK)
  Endpoint: o_CXSDATA[20]
            (output port clocked by CXS_CLK)
  Path Group: CXS_OUT
  Path Type: min

  Point                                                   Incr       Path
  --------------------------------------------------------------------------
  clock CXS_CLK (rise edge)                               0.00       0.00
  clock network delay (ideal)                             0.00       0.00
  u_CXS_TOP/u_CXS_TX_TOP/u_CXS_flit_transmitter/o_CXS_flit_transmitter_CXSDATA_reg[20]/CK (DFFRHQX8M)
                                                          0.00       0.00 r
  u_CXS_TOP/u_CXS_TX_TOP/u_CXS_flit_transmitter/o_CXS_flit_transmitter_CXSDATA_reg[20]/Q (DFFRHQX8M)
                                                          0.70       0.70 f
  u_CXS_TOP/u_CXS_TX_TOP/u_CXS_flit_transmitter/o_CXS_flit_transmitter_CXSDATA[20] (CXS_flit_transmitter_CXSMAXPAYLOADPERFLIT2_CXSDATAFLITWIDTH32)
                                                          0.00       0.70 f
  u_CXS_TOP/u_CXS_TX_TOP/o_CXS_TX_TOP_CXSDATA[20] (CXS_TX_TOP_CXSMAXPAYLOADPERFLIT2_CXSDATAFLITWIDTH32_CNTL_W6_MAX_CREDITS15_CREDIT_W4)
                                                          0.00       0.70 f
  u_CXS_TOP/o_CXS_TOP_CXSDATA[20] (CXS_TOP_CXSMAXPAYLOADPERFLIT2_CXSDATAFLITWIDTH32_CNTL_W6_MAX_CREDITS15_CREDIT_W4_FIFO_WIDTH38)
                                                          0.00       0.70 f
  o_CXSDATA[20] (out)                                     0.00       0.70 f
  data arrival time                                                  0.70

  clock CXS_CLK (rise edge)                               0.00       0.00
  clock network delay (ideal)                             0.00       0.00
  clock uncertainty                                       0.05       0.05
  output external delay                                  -8.11      -8.06
  data required time                                                -8.06
  --------------------------------------------------------------------------
  data required time                                                -8.06
  data arrival time                                                 -0.70
  --------------------------------------------------------------------------
  slack (MET)                                                        8.76


  Startpoint: u_CXS_TOP/u_CXS_TX_TOP/u_CXS_flit_transmitter/o_CXS_flit_transmitter_CXSDATA_reg[19]
              (rising edge-triggered flip-flop clocked by CXS_CLK)
  Endpoint: o_CXSDATA[19]
            (output port clocked by CXS_CLK)
  Path Group: CXS_OUT
  Path Type: min

  Point                                                   Incr       Path
  --------------------------------------------------------------------------
  clock CXS_CLK (rise edge)                               0.00       0.00
  clock network delay (ideal)                             0.00       0.00
  u_CXS_TOP/u_CXS_TX_TOP/u_CXS_flit_transmitter/o_CXS_flit_transmitter_CXSDATA_reg[19]/CK (DFFRHQX8M)
                                                          0.00       0.00 r
  u_CXS_TOP/u_CXS_TX_TOP/u_CXS_flit_transmitter/o_CXS_flit_transmitter_CXSDATA_reg[19]/Q (DFFRHQX8M)
                                                          0.70       0.70 f
  u_CXS_TOP/u_CXS_TX_TOP/u_CXS_flit_transmitter/o_CXS_flit_transmitter_CXSDATA[19] (CXS_flit_transmitter_CXSMAXPAYLOADPERFLIT2_CXSDATAFLITWIDTH32)
                                                          0.00       0.70 f
  u_CXS_TOP/u_CXS_TX_TOP/o_CXS_TX_TOP_CXSDATA[19] (CXS_TX_TOP_CXSMAXPAYLOADPERFLIT2_CXSDATAFLITWIDTH32_CNTL_W6_MAX_CREDITS15_CREDIT_W4)
                                                          0.00       0.70 f
  u_CXS_TOP/o_CXS_TOP_CXSDATA[19] (CXS_TOP_CXSMAXPAYLOADPERFLIT2_CXSDATAFLITWIDTH32_CNTL_W6_MAX_CREDITS15_CREDIT_W4_FIFO_WIDTH38)
                                                          0.00       0.70 f
  o_CXSDATA[19] (out)                                     0.00       0.70 f
  data arrival time                                                  0.70

  clock CXS_CLK (rise edge)                               0.00       0.00
  clock network delay (ideal)                             0.00       0.00
  clock uncertainty                                       0.05       0.05
  output external delay                                  -8.11      -8.06
  data required time                                                -8.06
  --------------------------------------------------------------------------
  data required time                                                -8.06
  data arrival time                                                 -0.70
  --------------------------------------------------------------------------
  slack (MET)                                                        8.76


  Startpoint: u_CXS_TOP/u_CXS_TX_TOP/u_CXS_flit_transmitter/o_CXS_flit_transmitter_CXSDATA_reg[18]
              (rising edge-triggered flip-flop clocked by CXS_CLK)
  Endpoint: o_CXSDATA[18]
            (output port clocked by CXS_CLK)
  Path Group: CXS_OUT
  Path Type: min

  Point                                                   Incr       Path
  --------------------------------------------------------------------------
  clock CXS_CLK (rise edge)                               0.00       0.00
  clock network delay (ideal)                             0.00       0.00
  u_CXS_TOP/u_CXS_TX_TOP/u_CXS_flit_transmitter/o_CXS_flit_transmitter_CXSDATA_reg[18]/CK (DFFRHQX8M)
                                                          0.00       0.00 r
  u_CXS_TOP/u_CXS_TX_TOP/u_CXS_flit_transmitter/o_CXS_flit_transmitter_CXSDATA_reg[18]/Q (DFFRHQX8M)
                                                          0.70       0.70 f
  u_CXS_TOP/u_CXS_TX_TOP/u_CXS_flit_transmitter/o_CXS_flit_transmitter_CXSDATA[18] (CXS_flit_transmitter_CXSMAXPAYLOADPERFLIT2_CXSDATAFLITWIDTH32)
                                                          0.00       0.70 f
  u_CXS_TOP/u_CXS_TX_TOP/o_CXS_TX_TOP_CXSDATA[18] (CXS_TX_TOP_CXSMAXPAYLOADPERFLIT2_CXSDATAFLITWIDTH32_CNTL_W6_MAX_CREDITS15_CREDIT_W4)
                                                          0.00       0.70 f
  u_CXS_TOP/o_CXS_TOP_CXSDATA[18] (CXS_TOP_CXSMAXPAYLOADPERFLIT2_CXSDATAFLITWIDTH32_CNTL_W6_MAX_CREDITS15_CREDIT_W4_FIFO_WIDTH38)
                                                          0.00       0.70 f
  o_CXSDATA[18] (out)                                     0.00       0.70 f
  data arrival time                                                  0.70

  clock CXS_CLK (rise edge)                               0.00       0.00
  clock network delay (ideal)                             0.00       0.00
  clock uncertainty                                       0.05       0.05
  output external delay                                  -8.11      -8.06
  data required time                                                -8.06
  --------------------------------------------------------------------------
  data required time                                                -8.06
  data arrival time                                                 -0.70
  --------------------------------------------------------------------------
  slack (MET)                                                        8.76


  Startpoint: u_CXS_TOP/u_CXS_TX_TOP/u_CXS_flit_transmitter/o_CXS_flit_transmitter_CXSDATA_reg[17]
              (rising edge-triggered flip-flop clocked by CXS_CLK)
  Endpoint: o_CXSDATA[17]
            (output port clocked by CXS_CLK)
  Path Group: CXS_OUT
  Path Type: min

  Point                                                   Incr       Path
  --------------------------------------------------------------------------
  clock CXS_CLK (rise edge)                               0.00       0.00
  clock network delay (ideal)                             0.00       0.00
  u_CXS_TOP/u_CXS_TX_TOP/u_CXS_flit_transmitter/o_CXS_flit_transmitter_CXSDATA_reg[17]/CK (DFFRHQX8M)
                                                          0.00       0.00 r
  u_CXS_TOP/u_CXS_TX_TOP/u_CXS_flit_transmitter/o_CXS_flit_transmitter_CXSDATA_reg[17]/Q (DFFRHQX8M)
                                                          0.70       0.70 f
  u_CXS_TOP/u_CXS_TX_TOP/u_CXS_flit_transmitter/o_CXS_flit_transmitter_CXSDATA[17] (CXS_flit_transmitter_CXSMAXPAYLOADPERFLIT2_CXSDATAFLITWIDTH32)
                                                          0.00       0.70 f
  u_CXS_TOP/u_CXS_TX_TOP/o_CXS_TX_TOP_CXSDATA[17] (CXS_TX_TOP_CXSMAXPAYLOADPERFLIT2_CXSDATAFLITWIDTH32_CNTL_W6_MAX_CREDITS15_CREDIT_W4)
                                                          0.00       0.70 f
  u_CXS_TOP/o_CXS_TOP_CXSDATA[17] (CXS_TOP_CXSMAXPAYLOADPERFLIT2_CXSDATAFLITWIDTH32_CNTL_W6_MAX_CREDITS15_CREDIT_W4_FIFO_WIDTH38)
                                                          0.00       0.70 f
  o_CXSDATA[17] (out)                                     0.00       0.70 f
  data arrival time                                                  0.70

  clock CXS_CLK (rise edge)                               0.00       0.00
  clock network delay (ideal)                             0.00       0.00
  clock uncertainty                                       0.05       0.05
  output external delay                                  -8.11      -8.06
  data required time                                                -8.06
  --------------------------------------------------------------------------
  data required time                                                -8.06
  data arrival time                                                 -0.70
  --------------------------------------------------------------------------
  slack (MET)                                                        8.76


  Startpoint: u_CXS_TOP/u_CXS_TX_TOP/u_CXS_flit_transmitter/o_CXS_flit_transmitter_CXSDATA_reg[16]
              (rising edge-triggered flip-flop clocked by CXS_CLK)
  Endpoint: o_CXSDATA[16]
            (output port clocked by CXS_CLK)
  Path Group: CXS_OUT
  Path Type: min

  Point                                                   Incr       Path
  --------------------------------------------------------------------------
  clock CXS_CLK (rise edge)                               0.00       0.00
  clock network delay (ideal)                             0.00       0.00
  u_CXS_TOP/u_CXS_TX_TOP/u_CXS_flit_transmitter/o_CXS_flit_transmitter_CXSDATA_reg[16]/CK (DFFRHQX8M)
                                                          0.00       0.00 r
  u_CXS_TOP/u_CXS_TX_TOP/u_CXS_flit_transmitter/o_CXS_flit_transmitter_CXSDATA_reg[16]/Q (DFFRHQX8M)
                                                          0.70       0.70 f
  u_CXS_TOP/u_CXS_TX_TOP/u_CXS_flit_transmitter/o_CXS_flit_transmitter_CXSDATA[16] (CXS_flit_transmitter_CXSMAXPAYLOADPERFLIT2_CXSDATAFLITWIDTH32)
                                                          0.00       0.70 f
  u_CXS_TOP/u_CXS_TX_TOP/o_CXS_TX_TOP_CXSDATA[16] (CXS_TX_TOP_CXSMAXPAYLOADPERFLIT2_CXSDATAFLITWIDTH32_CNTL_W6_MAX_CREDITS15_CREDIT_W4)
                                                          0.00       0.70 f
  u_CXS_TOP/o_CXS_TOP_CXSDATA[16] (CXS_TOP_CXSMAXPAYLOADPERFLIT2_CXSDATAFLITWIDTH32_CNTL_W6_MAX_CREDITS15_CREDIT_W4_FIFO_WIDTH38)
                                                          0.00       0.70 f
  o_CXSDATA[16] (out)                                     0.00       0.70 f
  data arrival time                                                  0.70

  clock CXS_CLK (rise edge)                               0.00       0.00
  clock network delay (ideal)                             0.00       0.00
  clock uncertainty                                       0.05       0.05
  output external delay                                  -8.11      -8.06
  data required time                                                -8.06
  --------------------------------------------------------------------------
  data required time                                                -8.06
  data arrival time                                                 -0.70
  --------------------------------------------------------------------------
  slack (MET)                                                        8.76


  Startpoint: u_CXS_TOP/u_CXS_TX_TOP/u_CXS_flit_transmitter/o_CXS_flit_transmitter_CXSDATA_reg[15]
              (rising edge-triggered flip-flop clocked by CXS_CLK)
  Endpoint: o_CXSDATA[15]
            (output port clocked by CXS_CLK)
  Path Group: CXS_OUT
  Path Type: min

  Point                                                   Incr       Path
  --------------------------------------------------------------------------
  clock CXS_CLK (rise edge)                               0.00       0.00
  clock network delay (ideal)                             0.00       0.00
  u_CXS_TOP/u_CXS_TX_TOP/u_CXS_flit_transmitter/o_CXS_flit_transmitter_CXSDATA_reg[15]/CK (DFFRHQX8M)
                                                          0.00       0.00 r
  u_CXS_TOP/u_CXS_TX_TOP/u_CXS_flit_transmitter/o_CXS_flit_transmitter_CXSDATA_reg[15]/Q (DFFRHQX8M)
                                                          0.70       0.70 f
  u_CXS_TOP/u_CXS_TX_TOP/u_CXS_flit_transmitter/o_CXS_flit_transmitter_CXSDATA[15] (CXS_flit_transmitter_CXSMAXPAYLOADPERFLIT2_CXSDATAFLITWIDTH32)
                                                          0.00       0.70 f
  u_CXS_TOP/u_CXS_TX_TOP/o_CXS_TX_TOP_CXSDATA[15] (CXS_TX_TOP_CXSMAXPAYLOADPERFLIT2_CXSDATAFLITWIDTH32_CNTL_W6_MAX_CREDITS15_CREDIT_W4)
                                                          0.00       0.70 f
  u_CXS_TOP/o_CXS_TOP_CXSDATA[15] (CXS_TOP_CXSMAXPAYLOADPERFLIT2_CXSDATAFLITWIDTH32_CNTL_W6_MAX_CREDITS15_CREDIT_W4_FIFO_WIDTH38)
                                                          0.00       0.70 f
  o_CXSDATA[15] (out)                                     0.00       0.70 f
  data arrival time                                                  0.70

  clock CXS_CLK (rise edge)                               0.00       0.00
  clock network delay (ideal)                             0.00       0.00
  clock uncertainty                                       0.05       0.05
  output external delay                                  -8.11      -8.06
  data required time                                                -8.06
  --------------------------------------------------------------------------
  data required time                                                -8.06
  data arrival time                                                 -0.70
  --------------------------------------------------------------------------
  slack (MET)                                                        8.76


  Startpoint: u_CXS_TOP/u_CXS_TX_TOP/u_CXS_flit_transmitter/o_CXS_flit_transmitter_CXSDATA_reg[14]
              (rising edge-triggered flip-flop clocked by CXS_CLK)
  Endpoint: o_CXSDATA[14]
            (output port clocked by CXS_CLK)
  Path Group: CXS_OUT
  Path Type: min

  Point                                                   Incr       Path
  --------------------------------------------------------------------------
  clock CXS_CLK (rise edge)                               0.00       0.00
  clock network delay (ideal)                             0.00       0.00
  u_CXS_TOP/u_CXS_TX_TOP/u_CXS_flit_transmitter/o_CXS_flit_transmitter_CXSDATA_reg[14]/CK (DFFRHQX8M)
                                                          0.00       0.00 r
  u_CXS_TOP/u_CXS_TX_TOP/u_CXS_flit_transmitter/o_CXS_flit_transmitter_CXSDATA_reg[14]/Q (DFFRHQX8M)
                                                          0.70       0.70 f
  u_CXS_TOP/u_CXS_TX_TOP/u_CXS_flit_transmitter/o_CXS_flit_transmitter_CXSDATA[14] (CXS_flit_transmitter_CXSMAXPAYLOADPERFLIT2_CXSDATAFLITWIDTH32)
                                                          0.00       0.70 f
  u_CXS_TOP/u_CXS_TX_TOP/o_CXS_TX_TOP_CXSDATA[14] (CXS_TX_TOP_CXSMAXPAYLOADPERFLIT2_CXSDATAFLITWIDTH32_CNTL_W6_MAX_CREDITS15_CREDIT_W4)
                                                          0.00       0.70 f
  u_CXS_TOP/o_CXS_TOP_CXSDATA[14] (CXS_TOP_CXSMAXPAYLOADPERFLIT2_CXSDATAFLITWIDTH32_CNTL_W6_MAX_CREDITS15_CREDIT_W4_FIFO_WIDTH38)
                                                          0.00       0.70 f
  o_CXSDATA[14] (out)                                     0.00       0.70 f
  data arrival time                                                  0.70

  clock CXS_CLK (rise edge)                               0.00       0.00
  clock network delay (ideal)                             0.00       0.00
  clock uncertainty                                       0.05       0.05
  output external delay                                  -8.11      -8.06
  data required time                                                -8.06
  --------------------------------------------------------------------------
  data required time                                                -8.06
  data arrival time                                                 -0.70
  --------------------------------------------------------------------------
  slack (MET)                                                        8.76


  Startpoint: u_CXS_TOP/u_CXS_TX_TOP/u_CXS_flit_transmitter/o_CXS_flit_transmitter_CXSDATA_reg[13]
              (rising edge-triggered flip-flop clocked by CXS_CLK)
  Endpoint: o_CXSDATA[13]
            (output port clocked by CXS_CLK)
  Path Group: CXS_OUT
  Path Type: min

  Point                                                   Incr       Path
  --------------------------------------------------------------------------
  clock CXS_CLK (rise edge)                               0.00       0.00
  clock network delay (ideal)                             0.00       0.00
  u_CXS_TOP/u_CXS_TX_TOP/u_CXS_flit_transmitter/o_CXS_flit_transmitter_CXSDATA_reg[13]/CK (DFFRHQX8M)
                                                          0.00       0.00 r
  u_CXS_TOP/u_CXS_TX_TOP/u_CXS_flit_transmitter/o_CXS_flit_transmitter_CXSDATA_reg[13]/Q (DFFRHQX8M)
                                                          0.70       0.70 f
  u_CXS_TOP/u_CXS_TX_TOP/u_CXS_flit_transmitter/o_CXS_flit_transmitter_CXSDATA[13] (CXS_flit_transmitter_CXSMAXPAYLOADPERFLIT2_CXSDATAFLITWIDTH32)
                                                          0.00       0.70 f
  u_CXS_TOP/u_CXS_TX_TOP/o_CXS_TX_TOP_CXSDATA[13] (CXS_TX_TOP_CXSMAXPAYLOADPERFLIT2_CXSDATAFLITWIDTH32_CNTL_W6_MAX_CREDITS15_CREDIT_W4)
                                                          0.00       0.70 f
  u_CXS_TOP/o_CXS_TOP_CXSDATA[13] (CXS_TOP_CXSMAXPAYLOADPERFLIT2_CXSDATAFLITWIDTH32_CNTL_W6_MAX_CREDITS15_CREDIT_W4_FIFO_WIDTH38)
                                                          0.00       0.70 f
  o_CXSDATA[13] (out)                                     0.00       0.70 f
  data arrival time                                                  0.70

  clock CXS_CLK (rise edge)                               0.00       0.00
  clock network delay (ideal)                             0.00       0.00
  clock uncertainty                                       0.05       0.05
  output external delay                                  -8.11      -8.06
  data required time                                                -8.06
  --------------------------------------------------------------------------
  data required time                                                -8.06
  data arrival time                                                 -0.70
  --------------------------------------------------------------------------
  slack (MET)                                                        8.76


  Startpoint: u_CXS_TOP/u_CXS_TX_TOP/u_CXS_flit_transmitter/o_CXS_flit_transmitter_CXSDATA_reg[12]
              (rising edge-triggered flip-flop clocked by CXS_CLK)
  Endpoint: o_CXSDATA[12]
            (output port clocked by CXS_CLK)
  Path Group: CXS_OUT
  Path Type: min

  Point                                                   Incr       Path
  --------------------------------------------------------------------------
  clock CXS_CLK (rise edge)                               0.00       0.00
  clock network delay (ideal)                             0.00       0.00
  u_CXS_TOP/u_CXS_TX_TOP/u_CXS_flit_transmitter/o_CXS_flit_transmitter_CXSDATA_reg[12]/CK (DFFRHQX8M)
                                                          0.00       0.00 r
  u_CXS_TOP/u_CXS_TX_TOP/u_CXS_flit_transmitter/o_CXS_flit_transmitter_CXSDATA_reg[12]/Q (DFFRHQX8M)
                                                          0.70       0.70 f
  u_CXS_TOP/u_CXS_TX_TOP/u_CXS_flit_transmitter/o_CXS_flit_transmitter_CXSDATA[12] (CXS_flit_transmitter_CXSMAXPAYLOADPERFLIT2_CXSDATAFLITWIDTH32)
                                                          0.00       0.70 f
  u_CXS_TOP/u_CXS_TX_TOP/o_CXS_TX_TOP_CXSDATA[12] (CXS_TX_TOP_CXSMAXPAYLOADPERFLIT2_CXSDATAFLITWIDTH32_CNTL_W6_MAX_CREDITS15_CREDIT_W4)
                                                          0.00       0.70 f
  u_CXS_TOP/o_CXS_TOP_CXSDATA[12] (CXS_TOP_CXSMAXPAYLOADPERFLIT2_CXSDATAFLITWIDTH32_CNTL_W6_MAX_CREDITS15_CREDIT_W4_FIFO_WIDTH38)
                                                          0.00       0.70 f
  o_CXSDATA[12] (out)                                     0.00       0.70 f
  data arrival time                                                  0.70

  clock CXS_CLK (rise edge)                               0.00       0.00
  clock network delay (ideal)                             0.00       0.00
  clock uncertainty                                       0.05       0.05
  output external delay                                  -8.11      -8.06
  data required time                                                -8.06
  --------------------------------------------------------------------------
  data required time                                                -8.06
  data arrival time                                                 -0.70
  --------------------------------------------------------------------------
  slack (MET)                                                        8.76


  Startpoint: u_CXS_TOP/u_CXS_TX_TOP/u_CXS_flit_transmitter/o_CXS_flit_transmitter_CXSDATA_reg[11]
              (rising edge-triggered flip-flop clocked by CXS_CLK)
  Endpoint: o_CXSDATA[11]
            (output port clocked by CXS_CLK)
  Path Group: CXS_OUT
  Path Type: min

  Point                                                   Incr       Path
  --------------------------------------------------------------------------
  clock CXS_CLK (rise edge)                               0.00       0.00
  clock network delay (ideal)                             0.00       0.00
  u_CXS_TOP/u_CXS_TX_TOP/u_CXS_flit_transmitter/o_CXS_flit_transmitter_CXSDATA_reg[11]/CK (DFFRHQX8M)
                                                          0.00       0.00 r
  u_CXS_TOP/u_CXS_TX_TOP/u_CXS_flit_transmitter/o_CXS_flit_transmitter_CXSDATA_reg[11]/Q (DFFRHQX8M)
                                                          0.70       0.70 f
  u_CXS_TOP/u_CXS_TX_TOP/u_CXS_flit_transmitter/o_CXS_flit_transmitter_CXSDATA[11] (CXS_flit_transmitter_CXSMAXPAYLOADPERFLIT2_CXSDATAFLITWIDTH32)
                                                          0.00       0.70 f
  u_CXS_TOP/u_CXS_TX_TOP/o_CXS_TX_TOP_CXSDATA[11] (CXS_TX_TOP_CXSMAXPAYLOADPERFLIT2_CXSDATAFLITWIDTH32_CNTL_W6_MAX_CREDITS15_CREDIT_W4)
                                                          0.00       0.70 f
  u_CXS_TOP/o_CXS_TOP_CXSDATA[11] (CXS_TOP_CXSMAXPAYLOADPERFLIT2_CXSDATAFLITWIDTH32_CNTL_W6_MAX_CREDITS15_CREDIT_W4_FIFO_WIDTH38)
                                                          0.00       0.70 f
  o_CXSDATA[11] (out)                                     0.00       0.70 f
  data arrival time                                                  0.70

  clock CXS_CLK (rise edge)                               0.00       0.00
  clock network delay (ideal)                             0.00       0.00
  clock uncertainty                                       0.05       0.05
  output external delay                                  -8.11      -8.06
  data required time                                                -8.06
  --------------------------------------------------------------------------
  data required time                                                -8.06
  data arrival time                                                 -0.70
  --------------------------------------------------------------------------
  slack (MET)                                                        8.76


  Startpoint: u_CXS_TOP/u_CXS_TX_TOP/u_CXS_flit_transmitter/o_CXS_flit_transmitter_CXSDATA_reg[10]
              (rising edge-triggered flip-flop clocked by CXS_CLK)
  Endpoint: o_CXSDATA[10]
            (output port clocked by CXS_CLK)
  Path Group: CXS_OUT
  Path Type: min

  Point                                                   Incr       Path
  --------------------------------------------------------------------------
  clock CXS_CLK (rise edge)                               0.00       0.00
  clock network delay (ideal)                             0.00       0.00
  u_CXS_TOP/u_CXS_TX_TOP/u_CXS_flit_transmitter/o_CXS_flit_transmitter_CXSDATA_reg[10]/CK (DFFRHQX8M)
                                                          0.00       0.00 r
  u_CXS_TOP/u_CXS_TX_TOP/u_CXS_flit_transmitter/o_CXS_flit_transmitter_CXSDATA_reg[10]/Q (DFFRHQX8M)
                                                          0.70       0.70 f
  u_CXS_TOP/u_CXS_TX_TOP/u_CXS_flit_transmitter/o_CXS_flit_transmitter_CXSDATA[10] (CXS_flit_transmitter_CXSMAXPAYLOADPERFLIT2_CXSDATAFLITWIDTH32)
                                                          0.00       0.70 f
  u_CXS_TOP/u_CXS_TX_TOP/o_CXS_TX_TOP_CXSDATA[10] (CXS_TX_TOP_CXSMAXPAYLOADPERFLIT2_CXSDATAFLITWIDTH32_CNTL_W6_MAX_CREDITS15_CREDIT_W4)
                                                          0.00       0.70 f
  u_CXS_TOP/o_CXS_TOP_CXSDATA[10] (CXS_TOP_CXSMAXPAYLOADPERFLIT2_CXSDATAFLITWIDTH32_CNTL_W6_MAX_CREDITS15_CREDIT_W4_FIFO_WIDTH38)
                                                          0.00       0.70 f
  o_CXSDATA[10] (out)                                     0.00       0.70 f
  data arrival time                                                  0.70

  clock CXS_CLK (rise edge)                               0.00       0.00
  clock network delay (ideal)                             0.00       0.00
  clock uncertainty                                       0.05       0.05
  output external delay                                  -8.11      -8.06
  data required time                                                -8.06
  --------------------------------------------------------------------------
  data required time                                                -8.06
  data arrival time                                                 -0.70
  --------------------------------------------------------------------------
  slack (MET)                                                        8.76


  Startpoint: u_CXS_TOP/u_CXS_TX_TOP/u_CXS_flit_transmitter/o_CXS_flit_transmitter_CXSDATA_reg[9]
              (rising edge-triggered flip-flop clocked by CXS_CLK)
  Endpoint: o_CXSDATA[9]
            (output port clocked by CXS_CLK)
  Path Group: CXS_OUT
  Path Type: min

  Point                                                   Incr       Path
  --------------------------------------------------------------------------
  clock CXS_CLK (rise edge)                               0.00       0.00
  clock network delay (ideal)                             0.00       0.00
  u_CXS_TOP/u_CXS_TX_TOP/u_CXS_flit_transmitter/o_CXS_flit_transmitter_CXSDATA_reg[9]/CK (DFFRHQX8M)
                                                          0.00       0.00 r
  u_CXS_TOP/u_CXS_TX_TOP/u_CXS_flit_transmitter/o_CXS_flit_transmitter_CXSDATA_reg[9]/Q (DFFRHQX8M)
                                                          0.70       0.70 f
  u_CXS_TOP/u_CXS_TX_TOP/u_CXS_flit_transmitter/o_CXS_flit_transmitter_CXSDATA[9] (CXS_flit_transmitter_CXSMAXPAYLOADPERFLIT2_CXSDATAFLITWIDTH32)
                                                          0.00       0.70 f
  u_CXS_TOP/u_CXS_TX_TOP/o_CXS_TX_TOP_CXSDATA[9] (CXS_TX_TOP_CXSMAXPAYLOADPERFLIT2_CXSDATAFLITWIDTH32_CNTL_W6_MAX_CREDITS15_CREDIT_W4)
                                                          0.00       0.70 f
  u_CXS_TOP/o_CXS_TOP_CXSDATA[9] (CXS_TOP_CXSMAXPAYLOADPERFLIT2_CXSDATAFLITWIDTH32_CNTL_W6_MAX_CREDITS15_CREDIT_W4_FIFO_WIDTH38)
                                                          0.00       0.70 f
  o_CXSDATA[9] (out)                                      0.00       0.70 f
  data arrival time                                                  0.70

  clock CXS_CLK (rise edge)                               0.00       0.00
  clock network delay (ideal)                             0.00       0.00
  clock uncertainty                                       0.05       0.05
  output external delay                                  -8.11      -8.06
  data required time                                                -8.06
  --------------------------------------------------------------------------
  data required time                                                -8.06
  data arrival time                                                 -0.70
  --------------------------------------------------------------------------
  slack (MET)                                                        8.76


  Startpoint: u_CXS_TOP/u_CXS_TX_TOP/u_CXS_flit_transmitter/o_CXS_flit_transmitter_CXSDATA_reg[8]
              (rising edge-triggered flip-flop clocked by CXS_CLK)
  Endpoint: o_CXSDATA[8]
            (output port clocked by CXS_CLK)
  Path Group: CXS_OUT
  Path Type: min

  Point                                                   Incr       Path
  --------------------------------------------------------------------------
  clock CXS_CLK (rise edge)                               0.00       0.00
  clock network delay (ideal)                             0.00       0.00
  u_CXS_TOP/u_CXS_TX_TOP/u_CXS_flit_transmitter/o_CXS_flit_transmitter_CXSDATA_reg[8]/CK (DFFRHQX8M)
                                                          0.00       0.00 r
  u_CXS_TOP/u_CXS_TX_TOP/u_CXS_flit_transmitter/o_CXS_flit_transmitter_CXSDATA_reg[8]/Q (DFFRHQX8M)
                                                          0.70       0.70 f
  u_CXS_TOP/u_CXS_TX_TOP/u_CXS_flit_transmitter/o_CXS_flit_transmitter_CXSDATA[8] (CXS_flit_transmitter_CXSMAXPAYLOADPERFLIT2_CXSDATAFLITWIDTH32)
                                                          0.00       0.70 f
  u_CXS_TOP/u_CXS_TX_TOP/o_CXS_TX_TOP_CXSDATA[8] (CXS_TX_TOP_CXSMAXPAYLOADPERFLIT2_CXSDATAFLITWIDTH32_CNTL_W6_MAX_CREDITS15_CREDIT_W4)
                                                          0.00       0.70 f
  u_CXS_TOP/o_CXS_TOP_CXSDATA[8] (CXS_TOP_CXSMAXPAYLOADPERFLIT2_CXSDATAFLITWIDTH32_CNTL_W6_MAX_CREDITS15_CREDIT_W4_FIFO_WIDTH38)
                                                          0.00       0.70 f
  o_CXSDATA[8] (out)                                      0.00       0.70 f
  data arrival time                                                  0.70

  clock CXS_CLK (rise edge)                               0.00       0.00
  clock network delay (ideal)                             0.00       0.00
  clock uncertainty                                       0.05       0.05
  output external delay                                  -8.11      -8.06
  data required time                                                -8.06
  --------------------------------------------------------------------------
  data required time                                                -8.06
  data arrival time                                                 -0.70
  --------------------------------------------------------------------------
  slack (MET)                                                        8.76


  Startpoint: u_CXS_TOP/u_CXS_TX_TOP/u_CXS_flit_transmitter/o_CXS_flit_transmitter_CXSDATA_reg[7]
              (rising edge-triggered flip-flop clocked by CXS_CLK)
  Endpoint: o_CXSDATA[7]
            (output port clocked by CXS_CLK)
  Path Group: CXS_OUT
  Path Type: min

  Point                                                   Incr       Path
  --------------------------------------------------------------------------
  clock CXS_CLK (rise edge)                               0.00       0.00
  clock network delay (ideal)                             0.00       0.00
  u_CXS_TOP/u_CXS_TX_TOP/u_CXS_flit_transmitter/o_CXS_flit_transmitter_CXSDATA_reg[7]/CK (DFFRHQX8M)
                                                          0.00       0.00 r
  u_CXS_TOP/u_CXS_TX_TOP/u_CXS_flit_transmitter/o_CXS_flit_transmitter_CXSDATA_reg[7]/Q (DFFRHQX8M)
                                                          0.70       0.70 f
  u_CXS_TOP/u_CXS_TX_TOP/u_CXS_flit_transmitter/o_CXS_flit_transmitter_CXSDATA[7] (CXS_flit_transmitter_CXSMAXPAYLOADPERFLIT2_CXSDATAFLITWIDTH32)
                                                          0.00       0.70 f
  u_CXS_TOP/u_CXS_TX_TOP/o_CXS_TX_TOP_CXSDATA[7] (CXS_TX_TOP_CXSMAXPAYLOADPERFLIT2_CXSDATAFLITWIDTH32_CNTL_W6_MAX_CREDITS15_CREDIT_W4)
                                                          0.00       0.70 f
  u_CXS_TOP/o_CXS_TOP_CXSDATA[7] (CXS_TOP_CXSMAXPAYLOADPERFLIT2_CXSDATAFLITWIDTH32_CNTL_W6_MAX_CREDITS15_CREDIT_W4_FIFO_WIDTH38)
                                                          0.00       0.70 f
  o_CXSDATA[7] (out)                                      0.00       0.70 f
  data arrival time                                                  0.70

  clock CXS_CLK (rise edge)                               0.00       0.00
  clock network delay (ideal)                             0.00       0.00
  clock uncertainty                                       0.05       0.05
  output external delay                                  -8.11      -8.06
  data required time                                                -8.06
  --------------------------------------------------------------------------
  data required time                                                -8.06
  data arrival time                                                 -0.70
  --------------------------------------------------------------------------
  slack (MET)                                                        8.76


  Startpoint: u_CXS_TOP/u_CXS_TX_TOP/u_CXS_flit_transmitter/o_CXS_flit_transmitter_CXSDATA_reg[6]
              (rising edge-triggered flip-flop clocked by CXS_CLK)
  Endpoint: o_CXSDATA[6]
            (output port clocked by CXS_CLK)
  Path Group: CXS_OUT
  Path Type: min

  Point                                                   Incr       Path
  --------------------------------------------------------------------------
  clock CXS_CLK (rise edge)                               0.00       0.00
  clock network delay (ideal)                             0.00       0.00
  u_CXS_TOP/u_CXS_TX_TOP/u_CXS_flit_transmitter/o_CXS_flit_transmitter_CXSDATA_reg[6]/CK (DFFRHQX8M)
                                                          0.00       0.00 r
  u_CXS_TOP/u_CXS_TX_TOP/u_CXS_flit_transmitter/o_CXS_flit_transmitter_CXSDATA_reg[6]/Q (DFFRHQX8M)
                                                          0.70       0.70 f
  u_CXS_TOP/u_CXS_TX_TOP/u_CXS_flit_transmitter/o_CXS_flit_transmitter_CXSDATA[6] (CXS_flit_transmitter_CXSMAXPAYLOADPERFLIT2_CXSDATAFLITWIDTH32)
                                                          0.00       0.70 f
  u_CXS_TOP/u_CXS_TX_TOP/o_CXS_TX_TOP_CXSDATA[6] (CXS_TX_TOP_CXSMAXPAYLOADPERFLIT2_CXSDATAFLITWIDTH32_CNTL_W6_MAX_CREDITS15_CREDIT_W4)
                                                          0.00       0.70 f
  u_CXS_TOP/o_CXS_TOP_CXSDATA[6] (CXS_TOP_CXSMAXPAYLOADPERFLIT2_CXSDATAFLITWIDTH32_CNTL_W6_MAX_CREDITS15_CREDIT_W4_FIFO_WIDTH38)
                                                          0.00       0.70 f
  o_CXSDATA[6] (out)                                      0.00       0.70 f
  data arrival time                                                  0.70

  clock CXS_CLK (rise edge)                               0.00       0.00
  clock network delay (ideal)                             0.00       0.00
  clock uncertainty                                       0.05       0.05
  output external delay                                  -8.11      -8.06
  data required time                                                -8.06
  --------------------------------------------------------------------------
  data required time                                                -8.06
  data arrival time                                                 -0.70
  --------------------------------------------------------------------------
  slack (MET)                                                        8.76


  Startpoint: u_CXS_TOP/u_CXS_TX_TOP/u_CXS_flit_transmitter/o_CXS_flit_transmitter_CXSDATA_reg[5]
              (rising edge-triggered flip-flop clocked by CXS_CLK)
  Endpoint: o_CXSDATA[5]
            (output port clocked by CXS_CLK)
  Path Group: CXS_OUT
  Path Type: min

  Point                                                   Incr       Path
  --------------------------------------------------------------------------
  clock CXS_CLK (rise edge)                               0.00       0.00
  clock network delay (ideal)                             0.00       0.00
  u_CXS_TOP/u_CXS_TX_TOP/u_CXS_flit_transmitter/o_CXS_flit_transmitter_CXSDATA_reg[5]/CK (DFFRHQX8M)
                                                          0.00       0.00 r
  u_CXS_TOP/u_CXS_TX_TOP/u_CXS_flit_transmitter/o_CXS_flit_transmitter_CXSDATA_reg[5]/Q (DFFRHQX8M)
                                                          0.70       0.70 f
  u_CXS_TOP/u_CXS_TX_TOP/u_CXS_flit_transmitter/o_CXS_flit_transmitter_CXSDATA[5] (CXS_flit_transmitter_CXSMAXPAYLOADPERFLIT2_CXSDATAFLITWIDTH32)
                                                          0.00       0.70 f
  u_CXS_TOP/u_CXS_TX_TOP/o_CXS_TX_TOP_CXSDATA[5] (CXS_TX_TOP_CXSMAXPAYLOADPERFLIT2_CXSDATAFLITWIDTH32_CNTL_W6_MAX_CREDITS15_CREDIT_W4)
                                                          0.00       0.70 f
  u_CXS_TOP/o_CXS_TOP_CXSDATA[5] (CXS_TOP_CXSMAXPAYLOADPERFLIT2_CXSDATAFLITWIDTH32_CNTL_W6_MAX_CREDITS15_CREDIT_W4_FIFO_WIDTH38)
                                                          0.00       0.70 f
  o_CXSDATA[5] (out)                                      0.00       0.70 f
  data arrival time                                                  0.70

  clock CXS_CLK (rise edge)                               0.00       0.00
  clock network delay (ideal)                             0.00       0.00
  clock uncertainty                                       0.05       0.05
  output external delay                                  -8.11      -8.06
  data required time                                                -8.06
  --------------------------------------------------------------------------
  data required time                                                -8.06
  data arrival time                                                 -0.70
  --------------------------------------------------------------------------
  slack (MET)                                                        8.76


  Startpoint: u_CXS_TOP/u_CXS_TX_TOP/u_CXS_flit_transmitter/o_CXS_flit_transmitter_CXSDATA_reg[4]
              (rising edge-triggered flip-flop clocked by CXS_CLK)
  Endpoint: o_CXSDATA[4]
            (output port clocked by CXS_CLK)
  Path Group: CXS_OUT
  Path Type: min

  Point                                                   Incr       Path
  --------------------------------------------------------------------------
  clock CXS_CLK (rise edge)                               0.00       0.00
  clock network delay (ideal)                             0.00       0.00
  u_CXS_TOP/u_CXS_TX_TOP/u_CXS_flit_transmitter/o_CXS_flit_transmitter_CXSDATA_reg[4]/CK (DFFRHQX8M)
                                                          0.00       0.00 r
  u_CXS_TOP/u_CXS_TX_TOP/u_CXS_flit_transmitter/o_CXS_flit_transmitter_CXSDATA_reg[4]/Q (DFFRHQX8M)
                                                          0.70       0.70 f
  u_CXS_TOP/u_CXS_TX_TOP/u_CXS_flit_transmitter/o_CXS_flit_transmitter_CXSDATA[4] (CXS_flit_transmitter_CXSMAXPAYLOADPERFLIT2_CXSDATAFLITWIDTH32)
                                                          0.00       0.70 f
  u_CXS_TOP/u_CXS_TX_TOP/o_CXS_TX_TOP_CXSDATA[4] (CXS_TX_TOP_CXSMAXPAYLOADPERFLIT2_CXSDATAFLITWIDTH32_CNTL_W6_MAX_CREDITS15_CREDIT_W4)
                                                          0.00       0.70 f
  u_CXS_TOP/o_CXS_TOP_CXSDATA[4] (CXS_TOP_CXSMAXPAYLOADPERFLIT2_CXSDATAFLITWIDTH32_CNTL_W6_MAX_CREDITS15_CREDIT_W4_FIFO_WIDTH38)
                                                          0.00       0.70 f
  o_CXSDATA[4] (out)                                      0.00       0.70 f
  data arrival time                                                  0.70

  clock CXS_CLK (rise edge)                               0.00       0.00
  clock network delay (ideal)                             0.00       0.00
  clock uncertainty                                       0.05       0.05
  output external delay                                  -8.11      -8.06
  data required time                                                -8.06
  --------------------------------------------------------------------------
  data required time                                                -8.06
  data arrival time                                                 -0.70
  --------------------------------------------------------------------------
  slack (MET)                                                        8.76


  Startpoint: u_CXS_TOP/u_CXS_TX_TOP/u_CXS_flit_transmitter/o_CXS_flit_transmitter_CXSDATA_reg[3]
              (rising edge-triggered flip-flop clocked by CXS_CLK)
  Endpoint: o_CXSDATA[3]
            (output port clocked by CXS_CLK)
  Path Group: CXS_OUT
  Path Type: min

  Point                                                   Incr       Path
  --------------------------------------------------------------------------
  clock CXS_CLK (rise edge)                               0.00       0.00
  clock network delay (ideal)                             0.00       0.00
  u_CXS_TOP/u_CXS_TX_TOP/u_CXS_flit_transmitter/o_CXS_flit_transmitter_CXSDATA_reg[3]/CK (DFFRHQX8M)
                                                          0.00       0.00 r
  u_CXS_TOP/u_CXS_TX_TOP/u_CXS_flit_transmitter/o_CXS_flit_transmitter_CXSDATA_reg[3]/Q (DFFRHQX8M)
                                                          0.70       0.70 f
  u_CXS_TOP/u_CXS_TX_TOP/u_CXS_flit_transmitter/o_CXS_flit_transmitter_CXSDATA[3] (CXS_flit_transmitter_CXSMAXPAYLOADPERFLIT2_CXSDATAFLITWIDTH32)
                                                          0.00       0.70 f
  u_CXS_TOP/u_CXS_TX_TOP/o_CXS_TX_TOP_CXSDATA[3] (CXS_TX_TOP_CXSMAXPAYLOADPERFLIT2_CXSDATAFLITWIDTH32_CNTL_W6_MAX_CREDITS15_CREDIT_W4)
                                                          0.00       0.70 f
  u_CXS_TOP/o_CXS_TOP_CXSDATA[3] (CXS_TOP_CXSMAXPAYLOADPERFLIT2_CXSDATAFLITWIDTH32_CNTL_W6_MAX_CREDITS15_CREDIT_W4_FIFO_WIDTH38)
                                                          0.00       0.70 f
  o_CXSDATA[3] (out)                                      0.00       0.70 f
  data arrival time                                                  0.70

  clock CXS_CLK (rise edge)                               0.00       0.00
  clock network delay (ideal)                             0.00       0.00
  clock uncertainty                                       0.05       0.05
  output external delay                                  -8.11      -8.06
  data required time                                                -8.06
  --------------------------------------------------------------------------
  data required time                                                -8.06
  data arrival time                                                 -0.70
  --------------------------------------------------------------------------
  slack (MET)                                                        8.76


  Startpoint: u_CXS_TOP/u_CXS_TX_TOP/u_CXS_flit_transmitter/o_CXS_flit_transmitter_CXSDATA_reg[2]
              (rising edge-triggered flip-flop clocked by CXS_CLK)
  Endpoint: o_CXSDATA[2]
            (output port clocked by CXS_CLK)
  Path Group: CXS_OUT
  Path Type: min

  Point                                                   Incr       Path
  --------------------------------------------------------------------------
  clock CXS_CLK (rise edge)                               0.00       0.00
  clock network delay (ideal)                             0.00       0.00
  u_CXS_TOP/u_CXS_TX_TOP/u_CXS_flit_transmitter/o_CXS_flit_transmitter_CXSDATA_reg[2]/CK (DFFRHQX8M)
                                                          0.00       0.00 r
  u_CXS_TOP/u_CXS_TX_TOP/u_CXS_flit_transmitter/o_CXS_flit_transmitter_CXSDATA_reg[2]/Q (DFFRHQX8M)
                                                          0.70       0.70 f
  u_CXS_TOP/u_CXS_TX_TOP/u_CXS_flit_transmitter/o_CXS_flit_transmitter_CXSDATA[2] (CXS_flit_transmitter_CXSMAXPAYLOADPERFLIT2_CXSDATAFLITWIDTH32)
                                                          0.00       0.70 f
  u_CXS_TOP/u_CXS_TX_TOP/o_CXS_TX_TOP_CXSDATA[2] (CXS_TX_TOP_CXSMAXPAYLOADPERFLIT2_CXSDATAFLITWIDTH32_CNTL_W6_MAX_CREDITS15_CREDIT_W4)
                                                          0.00       0.70 f
  u_CXS_TOP/o_CXS_TOP_CXSDATA[2] (CXS_TOP_CXSMAXPAYLOADPERFLIT2_CXSDATAFLITWIDTH32_CNTL_W6_MAX_CREDITS15_CREDIT_W4_FIFO_WIDTH38)
                                                          0.00       0.70 f
  o_CXSDATA[2] (out)                                      0.00       0.70 f
  data arrival time                                                  0.70

  clock CXS_CLK (rise edge)                               0.00       0.00
  clock network delay (ideal)                             0.00       0.00
  clock uncertainty                                       0.05       0.05
  output external delay                                  -8.11      -8.06
  data required time                                                -8.06
  --------------------------------------------------------------------------
  data required time                                                -8.06
  data arrival time                                                 -0.70
  --------------------------------------------------------------------------
  slack (MET)                                                        8.76


  Startpoint: u_CXS_TOP/u_CXS_TX_TOP/u_CXS_flit_transmitter/o_CXS_flit_transmitter_CXSDATA_reg[1]
              (rising edge-triggered flip-flop clocked by CXS_CLK)
  Endpoint: o_CXSDATA[1]
            (output port clocked by CXS_CLK)
  Path Group: CXS_OUT
  Path Type: min

  Point                                                   Incr       Path
  --------------------------------------------------------------------------
  clock CXS_CLK (rise edge)                               0.00       0.00
  clock network delay (ideal)                             0.00       0.00
  u_CXS_TOP/u_CXS_TX_TOP/u_CXS_flit_transmitter/o_CXS_flit_transmitter_CXSDATA_reg[1]/CK (DFFRHQX8M)
                                                          0.00       0.00 r
  u_CXS_TOP/u_CXS_TX_TOP/u_CXS_flit_transmitter/o_CXS_flit_transmitter_CXSDATA_reg[1]/Q (DFFRHQX8M)
                                                          0.70       0.70 f
  u_CXS_TOP/u_CXS_TX_TOP/u_CXS_flit_transmitter/o_CXS_flit_transmitter_CXSDATA[1] (CXS_flit_transmitter_CXSMAXPAYLOADPERFLIT2_CXSDATAFLITWIDTH32)
                                                          0.00       0.70 f
  u_CXS_TOP/u_CXS_TX_TOP/o_CXS_TX_TOP_CXSDATA[1] (CXS_TX_TOP_CXSMAXPAYLOADPERFLIT2_CXSDATAFLITWIDTH32_CNTL_W6_MAX_CREDITS15_CREDIT_W4)
                                                          0.00       0.70 f
  u_CXS_TOP/o_CXS_TOP_CXSDATA[1] (CXS_TOP_CXSMAXPAYLOADPERFLIT2_CXSDATAFLITWIDTH32_CNTL_W6_MAX_CREDITS15_CREDIT_W4_FIFO_WIDTH38)
                                                          0.00       0.70 f
  o_CXSDATA[1] (out)                                      0.00       0.70 f
  data arrival time                                                  0.70

  clock CXS_CLK (rise edge)                               0.00       0.00
  clock network delay (ideal)                             0.00       0.00
  clock uncertainty                                       0.05       0.05
  output external delay                                  -8.11      -8.06
  data required time                                                -8.06
  --------------------------------------------------------------------------
  data required time                                                -8.06
  data arrival time                                                 -0.70
  --------------------------------------------------------------------------
  slack (MET)                                                        8.76


  Startpoint: u_CXS_TOP/u_CXS_TX_TOP/u_CXS_flit_transmitter/o_CXS_flit_transmitter_CXSDATA_reg[0]
              (rising edge-triggered flip-flop clocked by CXS_CLK)
  Endpoint: o_CXSDATA[0]
            (output port clocked by CXS_CLK)
  Path Group: CXS_OUT
  Path Type: min

  Point                                                   Incr       Path
  --------------------------------------------------------------------------
  clock CXS_CLK (rise edge)                               0.00       0.00
  clock network delay (ideal)                             0.00       0.00
  u_CXS_TOP/u_CXS_TX_TOP/u_CXS_flit_transmitter/o_CXS_flit_transmitter_CXSDATA_reg[0]/CK (DFFRHQX8M)
                                                          0.00       0.00 r
  u_CXS_TOP/u_CXS_TX_TOP/u_CXS_flit_transmitter/o_CXS_flit_transmitter_CXSDATA_reg[0]/Q (DFFRHQX8M)
                                                          0.70       0.70 f
  u_CXS_TOP/u_CXS_TX_TOP/u_CXS_flit_transmitter/o_CXS_flit_transmitter_CXSDATA[0] (CXS_flit_transmitter_CXSMAXPAYLOADPERFLIT2_CXSDATAFLITWIDTH32)
                                                          0.00       0.70 f
  u_CXS_TOP/u_CXS_TX_TOP/o_CXS_TX_TOP_CXSDATA[0] (CXS_TX_TOP_CXSMAXPAYLOADPERFLIT2_CXSDATAFLITWIDTH32_CNTL_W6_MAX_CREDITS15_CREDIT_W4)
                                                          0.00       0.70 f
  u_CXS_TOP/o_CXS_TOP_CXSDATA[0] (CXS_TOP_CXSMAXPAYLOADPERFLIT2_CXSDATAFLITWIDTH32_CNTL_W6_MAX_CREDITS15_CREDIT_W4_FIFO_WIDTH38)
                                                          0.00       0.70 f
  o_CXSDATA[0] (out)                                      0.00       0.70 f
  data arrival time                                                  0.70

  clock CXS_CLK (rise edge)                               0.00       0.00
  clock network delay (ideal)                             0.00       0.00
  clock uncertainty                                       0.05       0.05
  output external delay                                  -8.11      -8.06
  data required time                                                -8.06
  --------------------------------------------------------------------------
  data required time                                                -8.06
  data arrival time                                                 -0.70
  --------------------------------------------------------------------------
  slack (MET)                                                        8.76


  Startpoint: u_control_unit/u_fsm/error_type_reg_reg[0]
              (rising edge-triggered flip-flop clocked by SYSTEM_CLK)
  Endpoint: u_control_unit/u_fsm/error_type_reg_reg[0]
            (rising edge-triggered flip-flop clocked by SYSTEM_CLK)
  Path Group: SYSTEM_CLK
  Path Type: min

  Point                                                   Incr       Path
  --------------------------------------------------------------------------
  clock SYSTEM_CLK (rise edge)                            0.00       0.00
  clock network delay (ideal)                             0.00       0.00
  u_control_unit/u_fsm/error_type_reg_reg[0]/CK (DFFRX1M)
                                                          0.00 #     0.00 r
  u_control_unit/u_fsm/error_type_reg_reg[0]/QN (DFFRX1M)
                                                          0.37       0.37 r
  u_control_unit/u_fsm/U59/Y (OAI32X1M)                   0.06       0.44 f
  u_control_unit/u_fsm/error_type_reg_reg[0]/D (DFFRX1M)
                                                          0.00       0.44 f
  data arrival time                                                  0.44

  clock SYSTEM_CLK (rise edge)                            0.00       0.00
  clock network delay (ideal)                             0.00       0.00
  clock uncertainty                                       0.05       0.05
  u_control_unit/u_fsm/error_type_reg_reg[0]/CK (DFFRX1M)
                                                          0.00       0.05 r
  library hold time                                       0.00       0.05
  data required time                                                 0.05
  --------------------------------------------------------------------------
  data required time                                                 0.05
  data arrival time                                                 -0.44
  --------------------------------------------------------------------------
  slack (MET)                                                        0.39


  Startpoint: u_control_unit/u_fsm/err_pkt_type_reg_reg[1]
              (rising edge-triggered flip-flop clocked by SYSTEM_CLK)
  Endpoint: u_control_unit/u_fsm/err_pkt_type_reg_reg[1]
            (rising edge-triggered flip-flop clocked by SYSTEM_CLK)
  Path Group: SYSTEM_CLK
  Path Type: min

  Point                                                   Incr       Path
  --------------------------------------------------------------------------
  clock SYSTEM_CLK (rise edge)                            0.00       0.00
  clock network delay (ideal)                             0.00       0.00
  u_control_unit/u_fsm/err_pkt_type_reg_reg[1]/CK (DFFRX1M)
                                                          0.00 #     0.00 r
  u_control_unit/u_fsm/err_pkt_type_reg_reg[1]/QN (DFFRX1M)
                                                          0.37       0.37 r
  u_control_unit/u_fsm/U23/Y (OAI32X1M)                   0.06       0.44 f
  u_control_unit/u_fsm/err_pkt_type_reg_reg[1]/D (DFFRX1M)
                                                          0.00       0.44 f
  data arrival time                                                  0.44

  clock SYSTEM_CLK (rise edge)                            0.00       0.00
  clock network delay (ideal)                             0.00       0.00
  clock uncertainty                                       0.05       0.05
  u_control_unit/u_fsm/err_pkt_type_reg_reg[1]/CK (DFFRX1M)
                                                          0.00       0.05 r
  library hold time                                       0.00       0.05
  data required time                                                 0.05
  --------------------------------------------------------------------------
  data required time                                                 0.05
  data arrival time                                                 -0.44
  --------------------------------------------------------------------------
  slack (MET)                                                        0.39


  Startpoint: u_RST_SYNCH_SYSTEM/flip_synchronizer_reg[0]/CK
              (internal path startpoint clocked by SYSTEM_CLK)
  Endpoint: u_RST_SYNCH_SYSTEM/flip_synchronizer_reg[1]
            (rising edge-triggered flip-flop clocked by SYSTEM_CLK)
  Path Group: SYSTEM_CLK
  Path Type: min

  Point                                                   Incr       Path
  --------------------------------------------------------------------------
  clock SYSTEM_CLK (rise edge)                            0.00       0.00
  clock network delay (ideal)                             0.00       0.00
  input external delay                                    0.00       0.00 r
  u_RST_SYNCH_SYSTEM/flip_synchronizer_reg[0]/CK (DFFRQX2M)
                                                          0.00 #     0.00 r
  u_RST_SYNCH_SYSTEM/flip_synchronizer_reg[0]/Q (DFFRQX2M)
                                                          0.47       0.47 f
  u_RST_SYNCH_SYSTEM/flip_synchronizer_reg[1]/D (DFFRQX2M)
                                                          0.00       0.47 f
  data arrival time                                                  0.47

  clock SYSTEM_CLK (rise edge)                            0.00       0.00
  clock network delay (ideal)                             0.00       0.00
  clock uncertainty                                       0.05       0.05
  u_RST_SYNCH_SYSTEM/flip_synchronizer_reg[1]/CK (DFFRQX2M)
                                                          0.00       0.05 r
  library hold time                                      -0.01       0.04
  data required time                                                 0.04
  --------------------------------------------------------------------------
  data required time                                                 0.04
  data arrival time                                                 -0.47
  --------------------------------------------------------------------------
  slack (MET)                                                        0.43


  Startpoint: u_async_fifo/wr_ptr_gray_FF1_reg[2]
              (rising edge-triggered flip-flop clocked by SYSTEM_CLK)
  Endpoint: u_async_fifo/wr_ptr_gray_FF2_reg[2]
            (rising edge-triggered flip-flop clocked by SYSTEM_CLK)
  Path Group: SYSTEM_CLK
  Path Type: min

  Point                                                   Incr       Path
  --------------------------------------------------------------------------
  clock SYSTEM_CLK (rise edge)                            0.00       0.00
  clock network delay (ideal)                             0.00       0.00
  u_async_fifo/wr_ptr_gray_FF1_reg[2]/CK (DFFRQX2M)       0.00 #     0.00 r
  u_async_fifo/wr_ptr_gray_FF1_reg[2]/Q (DFFRQX2M)        0.47       0.47 f
  u_async_fifo/wr_ptr_gray_FF2_reg[2]/D (DFFRQX2M)        0.00       0.47 f
  data arrival time                                                  0.47

  clock SYSTEM_CLK (rise edge)                            0.00       0.00
  clock network delay (ideal)                             0.00       0.00
  clock uncertainty                                       0.05       0.05
  u_async_fifo/wr_ptr_gray_FF2_reg[2]/CK (DFFRQX2M)       0.00       0.05 r
  library hold time                                      -0.01       0.04
  data required time                                                 0.04
  --------------------------------------------------------------------------
  data required time                                                 0.04
  data arrival time                                                 -0.47
  --------------------------------------------------------------------------
  slack (MET)                                                        0.43


  Startpoint: u_async_fifo/wr_ptr_gray_FF1_reg[4]
              (rising edge-triggered flip-flop clocked by SYSTEM_CLK)
  Endpoint: u_async_fifo/wr_ptr_gray_FF2_reg[4]
            (rising edge-triggered flip-flop clocked by SYSTEM_CLK)
  Path Group: SYSTEM_CLK
  Path Type: min

  Point                                                   Incr       Path
  --------------------------------------------------------------------------
  clock SYSTEM_CLK (rise edge)                            0.00       0.00
  clock network delay (ideal)                             0.00       0.00
  u_async_fifo/wr_ptr_gray_FF1_reg[4]/CK (DFFRQX2M)       0.00 #     0.00 r
  u_async_fifo/wr_ptr_gray_FF1_reg[4]/Q (DFFRQX2M)        0.47       0.47 f
  u_async_fifo/wr_ptr_gray_FF2_reg[4]/D (DFFRQX2M)        0.00       0.47 f
  data arrival time                                                  0.47

  clock SYSTEM_CLK (rise edge)                            0.00       0.00
  clock network delay (ideal)                             0.00       0.00
  clock uncertainty                                       0.05       0.05
  u_async_fifo/wr_ptr_gray_FF2_reg[4]/CK (DFFRQX2M)       0.00       0.05 r
  library hold time                                      -0.01       0.04
  data required time                                                 0.04
  --------------------------------------------------------------------------
  data required time                                                 0.04
  data arrival time                                                 -0.47
  --------------------------------------------------------------------------
  slack (MET)                                                        0.43


  Startpoint: u_async_fifo/wr_ptr_gray_FF1_reg[3]
              (rising edge-triggered flip-flop clocked by SYSTEM_CLK)
  Endpoint: u_async_fifo/wr_ptr_gray_FF2_reg[3]
            (rising edge-triggered flip-flop clocked by SYSTEM_CLK)
  Path Group: SYSTEM_CLK
  Path Type: min

  Point                                                   Incr       Path
  --------------------------------------------------------------------------
  clock SYSTEM_CLK (rise edge)                            0.00       0.00
  clock network delay (ideal)                             0.00       0.00
  u_async_fifo/wr_ptr_gray_FF1_reg[3]/CK (DFFRQX2M)       0.00 #     0.00 r
  u_async_fifo/wr_ptr_gray_FF1_reg[3]/Q (DFFRQX2M)        0.47       0.47 f
  u_async_fifo/wr_ptr_gray_FF2_reg[3]/D (DFFRQX2M)        0.00       0.47 f
  data arrival time                                                  0.47

  clock SYSTEM_CLK (rise edge)                            0.00       0.00
  clock network delay (ideal)                             0.00       0.00
  clock uncertainty                                       0.05       0.05
  u_async_fifo/wr_ptr_gray_FF2_reg[3]/CK (DFFRQX2M)       0.00       0.05 r
  library hold time                                      -0.01       0.04
  data required time                                                 0.04
  --------------------------------------------------------------------------
  data required time                                                 0.04
  data arrival time                                                 -0.47
  --------------------------------------------------------------------------
  slack (MET)                                                        0.43


  Startpoint: u_async_fifo/wr_ptr_gray_FF1_reg[0]
              (rising edge-triggered flip-flop clocked by SYSTEM_CLK)
  Endpoint: u_async_fifo/wr_ptr_gray_FF2_reg[0]
            (rising edge-triggered flip-flop clocked by SYSTEM_CLK)
  Path Group: SYSTEM_CLK
  Path Type: min

  Point                                                   Incr       Path
  --------------------------------------------------------------------------
  clock SYSTEM_CLK (rise edge)                            0.00       0.00
  clock network delay (ideal)                             0.00       0.00
  u_async_fifo/wr_ptr_gray_FF1_reg[0]/CK (DFFRQX2M)       0.00 #     0.00 r
  u_async_fifo/wr_ptr_gray_FF1_reg[0]/Q (DFFRQX2M)        0.47       0.47 f
  u_async_fifo/wr_ptr_gray_FF2_reg[0]/D (DFFRQX2M)        0.00       0.47 f
  data arrival time                                                  0.47

  clock SYSTEM_CLK (rise edge)                            0.00       0.00
  clock network delay (ideal)                             0.00       0.00
  clock uncertainty                                       0.05       0.05
  u_async_fifo/wr_ptr_gray_FF2_reg[0]/CK (DFFRQX2M)       0.00       0.05 r
  library hold time                                      -0.01       0.04
  data required time                                                 0.04
  --------------------------------------------------------------------------
  data required time                                                 0.04
  data arrival time                                                 -0.47
  --------------------------------------------------------------------------
  slack (MET)                                                        0.43


  Startpoint: u_async_fifo/wr_ptr_gray_FF1_reg[1]
              (rising edge-triggered flip-flop clocked by SYSTEM_CLK)
  Endpoint: u_async_fifo/wr_ptr_gray_FF2_reg[1]
            (rising edge-triggered flip-flop clocked by SYSTEM_CLK)
  Path Group: SYSTEM_CLK
  Path Type: min

  Point                                                   Incr       Path
  --------------------------------------------------------------------------
  clock SYSTEM_CLK (rise edge)                            0.00       0.00
  clock network delay (ideal)                             0.00       0.00
  u_async_fifo/wr_ptr_gray_FF1_reg[1]/CK (DFFRQX2M)       0.00 #     0.00 r
  u_async_fifo/wr_ptr_gray_FF1_reg[1]/Q (DFFRQX2M)        0.47       0.47 f
  u_async_fifo/wr_ptr_gray_FF2_reg[1]/D (DFFRQX2M)        0.00       0.47 f
  data arrival time                                                  0.47

  clock SYSTEM_CLK (rise edge)                            0.00       0.00
  clock network delay (ideal)                             0.00       0.00
  clock uncertainty                                       0.05       0.05
  u_async_fifo/wr_ptr_gray_FF2_reg[1]/CK (DFFRQX2M)       0.00       0.05 r
  library hold time                                      -0.01       0.04
  data required time                                                 0.04
  --------------------------------------------------------------------------
  data required time                                                 0.04
  data arrival time                                                 -0.47
  --------------------------------------------------------------------------
  slack (MET)                                                        0.43


  Startpoint: u_control_unit/u_fsm/err_pkt_type_reg_reg[0]
              (rising edge-triggered flip-flop clocked by SYSTEM_CLK)
  Endpoint: u_control_unit/u_fsm/err_pkt_type_reg_reg[0]
            (rising edge-triggered flip-flop clocked by SYSTEM_CLK)
  Path Group: SYSTEM_CLK
  Path Type: min

  Point                                                   Incr       Path
  --------------------------------------------------------------------------
  clock SYSTEM_CLK (rise edge)                            0.00       0.00
  clock network delay (ideal)                             0.00       0.00
  u_control_unit/u_fsm/err_pkt_type_reg_reg[0]/CK (DFFRX1M)
                                                          0.00 #     0.00 r
  u_control_unit/u_fsm/err_pkt_type_reg_reg[0]/QN (DFFRX1M)
                                                          0.37       0.37 r
  u_control_unit/u_fsm/U22/Y (OAI222X1M)                  0.13       0.51 f
  u_control_unit/u_fsm/err_pkt_type_reg_reg[0]/D (DFFRX1M)
                                                          0.00       0.51 f
  data arrival time                                                  0.51

  clock SYSTEM_CLK (rise edge)                            0.00       0.00
  clock network delay (ideal)                             0.00       0.00
  clock uncertainty                                       0.05       0.05
  u_control_unit/u_fsm/err_pkt_type_reg_reg[0]/CK (DFFRX1M)
                                                          0.00       0.05 r
  library hold time                                      -0.01       0.04
  data required time                                                 0.04
  --------------------------------------------------------------------------
  data required time                                                 0.04
  data arrival time                                                 -0.51
  --------------------------------------------------------------------------
  slack (MET)                                                        0.46


  Startpoint: u_control_unit/u_fsm/error_type_reg_reg[1]
              (rising edge-triggered flip-flop clocked by SYSTEM_CLK)
  Endpoint: u_control_unit/u_fsm/error_type_reg_reg[1]
            (rising edge-triggered flip-flop clocked by SYSTEM_CLK)
  Path Group: SYSTEM_CLK
  Path Type: min

  Point                                                   Incr       Path
  --------------------------------------------------------------------------
  clock SYSTEM_CLK (rise edge)                            0.00       0.00
  clock network delay (ideal)                             0.00       0.00
  u_control_unit/u_fsm/error_type_reg_reg[1]/CK (DFFRX1M)
                                                          0.00 #     0.00 r
  u_control_unit/u_fsm/error_type_reg_reg[1]/QN (DFFRX1M)
                                                          0.37       0.37 r
  u_control_unit/u_fsm/U21/Y (OAI222X1M)                  0.13       0.51 f
  u_control_unit/u_fsm/error_type_reg_reg[1]/D (DFFRX1M)
                                                          0.00       0.51 f
  data arrival time                                                  0.51

  clock SYSTEM_CLK (rise edge)                            0.00       0.00
  clock network delay (ideal)                             0.00       0.00
  clock uncertainty                                       0.05       0.05
  u_control_unit/u_fsm/error_type_reg_reg[1]/CK (DFFRX1M)
                                                          0.00       0.05 r
  library hold time                                      -0.01       0.04
  data required time                                                 0.04
  --------------------------------------------------------------------------
  data required time                                                 0.04
  data arrival time                                                 -0.51
  --------------------------------------------------------------------------
  slack (MET)                                                        0.47


  Startpoint: u_central_data_memory/memory_reg[1][15]
              (rising edge-triggered flip-flop clocked by SYSTEM_CLK)
  Endpoint: u_central_data_memory/o_cdm_cfg_data_reg[31]
            (rising edge-triggered flip-flop clocked by SYSTEM_CLK)
  Path Group: SYSTEM_CLK
  Path Type: min

  Point                                                   Incr       Path
  --------------------------------------------------------------------------
  clock SYSTEM_CLK (rise edge)                            0.00       0.00
  clock network delay (ideal)                             0.00       0.00
  u_central_data_memory/memory_reg[1][15]/CK (DFFQX2M)
                                                          0.00 #     0.00 r
  u_central_data_memory/memory_reg[1][15]/Q (DFFQX2M)     0.36       0.36 f
  u_central_data_memory/U11747/Y (INVX2M)                 0.07       0.43 r
  u_central_data_memory/U11715/Y (OAI2BB2X1M)             0.09       0.52 f
  u_central_data_memory/o_cdm_cfg_data_reg[31]/D (DFFRQX2M)
                                                          0.00       0.52 f
  data arrival time                                                  0.52

  clock SYSTEM_CLK (rise edge)                            0.00       0.00
  clock network delay (ideal)                             0.00       0.00
  clock uncertainty                                       0.05       0.05
  u_central_data_memory/o_cdm_cfg_data_reg[31]/CK (DFFRQX2M)
                                                          0.00       0.05 r
  library hold time                                      -0.01       0.04
  data required time                                                 0.04
  --------------------------------------------------------------------------
  data required time                                                 0.04
  data arrival time                                                 -0.52
  --------------------------------------------------------------------------
  slack (MET)                                                        0.49


  Startpoint: u_central_data_memory/memory_reg[1][14]
              (rising edge-triggered flip-flop clocked by SYSTEM_CLK)
  Endpoint: u_central_data_memory/o_cdm_cfg_data_reg[30]
            (rising edge-triggered flip-flop clocked by SYSTEM_CLK)
  Path Group: SYSTEM_CLK
  Path Type: min

  Point                                                   Incr       Path
  --------------------------------------------------------------------------
  clock SYSTEM_CLK (rise edge)                            0.00       0.00
  clock network delay (ideal)                             0.00       0.00
  u_central_data_memory/memory_reg[1][14]/CK (DFFQX2M)
                                                          0.00 #     0.00 r
  u_central_data_memory/memory_reg[1][14]/Q (DFFQX2M)     0.36       0.36 f
  u_central_data_memory/U11746/Y (INVX2M)                 0.07       0.43 r
  u_central_data_memory/U11714/Y (OAI2BB2X1M)             0.09       0.52 f
  u_central_data_memory/o_cdm_cfg_data_reg[30]/D (DFFRQX2M)
                                                          0.00       0.52 f
  data arrival time                                                  0.52

  clock SYSTEM_CLK (rise edge)                            0.00       0.00
  clock network delay (ideal)                             0.00       0.00
  clock uncertainty                                       0.05       0.05
  u_central_data_memory/o_cdm_cfg_data_reg[30]/CK (DFFRQX2M)
                                                          0.00       0.05 r
  library hold time                                      -0.01       0.04
  data required time                                                 0.04
  --------------------------------------------------------------------------
  data required time                                                 0.04
  data arrival time                                                 -0.52
  --------------------------------------------------------------------------
  slack (MET)                                                        0.49


  Startpoint: u_central_data_memory/memory_reg[1][13]
              (rising edge-triggered flip-flop clocked by SYSTEM_CLK)
  Endpoint: u_central_data_memory/o_cdm_cfg_data_reg[29]
            (rising edge-triggered flip-flop clocked by SYSTEM_CLK)
  Path Group: SYSTEM_CLK
  Path Type: min

  Point                                                   Incr       Path
  --------------------------------------------------------------------------
  clock SYSTEM_CLK (rise edge)                            0.00       0.00
  clock network delay (ideal)                             0.00       0.00
  u_central_data_memory/memory_reg[1][13]/CK (DFFQX2M)
                                                          0.00 #     0.00 r
  u_central_data_memory/memory_reg[1][13]/Q (DFFQX2M)     0.36       0.36 f
  u_central_data_memory/U11745/Y (INVX2M)                 0.07       0.43 r
  u_central_data_memory/U11713/Y (OAI2BB2X1M)             0.09       0.52 f
  u_central_data_memory/o_cdm_cfg_data_reg[29]/D (DFFRQX2M)
                                                          0.00       0.52 f
  data arrival time                                                  0.52

  clock SYSTEM_CLK (rise edge)                            0.00       0.00
  clock network delay (ideal)                             0.00       0.00
  clock uncertainty                                       0.05       0.05
  u_central_data_memory/o_cdm_cfg_data_reg[29]/CK (DFFRQX2M)
                                                          0.00       0.05 r
  library hold time                                      -0.01       0.04
  data required time                                                 0.04
  --------------------------------------------------------------------------
  data required time                                                 0.04
  data arrival time                                                 -0.52
  --------------------------------------------------------------------------
  slack (MET)                                                        0.49


  Startpoint: u_central_data_memory/memory_reg[1][12]
              (rising edge-triggered flip-flop clocked by SYSTEM_CLK)
  Endpoint: u_central_data_memory/o_cdm_cfg_data_reg[28]
            (rising edge-triggered flip-flop clocked by SYSTEM_CLK)
  Path Group: SYSTEM_CLK
  Path Type: min

  Point                                                   Incr       Path
  --------------------------------------------------------------------------
  clock SYSTEM_CLK (rise edge)                            0.00       0.00
  clock network delay (ideal)                             0.00       0.00
  u_central_data_memory/memory_reg[1][12]/CK (DFFQX2M)
                                                          0.00 #     0.00 r
  u_central_data_memory/memory_reg[1][12]/Q (DFFQX2M)     0.36       0.36 f
  u_central_data_memory/U11744/Y (INVX2M)                 0.07       0.43 r
  u_central_data_memory/U11712/Y (OAI2BB2X1M)             0.09       0.52 f
  u_central_data_memory/o_cdm_cfg_data_reg[28]/D (DFFRQX2M)
                                                          0.00       0.52 f
  data arrival time                                                  0.52

  clock SYSTEM_CLK (rise edge)                            0.00       0.00
  clock network delay (ideal)                             0.00       0.00
  clock uncertainty                                       0.05       0.05
  u_central_data_memory/o_cdm_cfg_data_reg[28]/CK (DFFRQX2M)
                                                          0.00       0.05 r
  library hold time                                      -0.01       0.04
  data required time                                                 0.04
  --------------------------------------------------------------------------
  data required time                                                 0.04
  data arrival time                                                 -0.52
  --------------------------------------------------------------------------
  slack (MET)                                                        0.49


  Startpoint: u_central_data_memory/memory_reg[1][11]
              (rising edge-triggered flip-flop clocked by SYSTEM_CLK)
  Endpoint: u_central_data_memory/o_cdm_cfg_data_reg[27]
            (rising edge-triggered flip-flop clocked by SYSTEM_CLK)
  Path Group: SYSTEM_CLK
  Path Type: min

  Point                                                   Incr       Path
  --------------------------------------------------------------------------
  clock SYSTEM_CLK (rise edge)                            0.00       0.00
  clock network delay (ideal)                             0.00       0.00
  u_central_data_memory/memory_reg[1][11]/CK (DFFQX2M)
                                                          0.00 #     0.00 r
  u_central_data_memory/memory_reg[1][11]/Q (DFFQX2M)     0.36       0.36 f
  u_central_data_memory/U11743/Y (INVX2M)                 0.07       0.43 r
  u_central_data_memory/U11711/Y (OAI2BB2X1M)             0.09       0.52 f
  u_central_data_memory/o_cdm_cfg_data_reg[27]/D (DFFRQX2M)
                                                          0.00       0.52 f
  data arrival time                                                  0.52

  clock SYSTEM_CLK (rise edge)                            0.00       0.00
  clock network delay (ideal)                             0.00       0.00
  clock uncertainty                                       0.05       0.05
  u_central_data_memory/o_cdm_cfg_data_reg[27]/CK (DFFRQX2M)
                                                          0.00       0.05 r
  library hold time                                      -0.01       0.04
  data required time                                                 0.04
  --------------------------------------------------------------------------
  data required time                                                 0.04
  data arrival time                                                 -0.52
  --------------------------------------------------------------------------
  slack (MET)                                                        0.49


  Startpoint: u_central_data_memory/memory_reg[1][10]
              (rising edge-triggered flip-flop clocked by SYSTEM_CLK)
  Endpoint: u_central_data_memory/o_cdm_cfg_data_reg[26]
            (rising edge-triggered flip-flop clocked by SYSTEM_CLK)
  Path Group: SYSTEM_CLK
  Path Type: min

  Point                                                   Incr       Path
  --------------------------------------------------------------------------
  clock SYSTEM_CLK (rise edge)                            0.00       0.00
  clock network delay (ideal)                             0.00       0.00
  u_central_data_memory/memory_reg[1][10]/CK (DFFQX2M)
                                                          0.00 #     0.00 r
  u_central_data_memory/memory_reg[1][10]/Q (DFFQX2M)     0.36       0.36 f
  u_central_data_memory/U11742/Y (INVX2M)                 0.07       0.43 r
  u_central_data_memory/U11710/Y (OAI2BB2X1M)             0.09       0.52 f
  u_central_data_memory/o_cdm_cfg_data_reg[26]/D (DFFRQX2M)
                                                          0.00       0.52 f
  data arrival time                                                  0.52

  clock SYSTEM_CLK (rise edge)                            0.00       0.00
  clock network delay (ideal)                             0.00       0.00
  clock uncertainty                                       0.05       0.05
  u_central_data_memory/o_cdm_cfg_data_reg[26]/CK (DFFRQX2M)
                                                          0.00       0.05 r
  library hold time                                      -0.01       0.04
  data required time                                                 0.04
  --------------------------------------------------------------------------
  data required time                                                 0.04
  data arrival time                                                 -0.52
  --------------------------------------------------------------------------
  slack (MET)                                                        0.49


  Startpoint: u_central_data_memory/memory_reg[1][9]
              (rising edge-triggered flip-flop clocked by SYSTEM_CLK)
  Endpoint: u_central_data_memory/o_cdm_cfg_data_reg[25]
            (rising edge-triggered flip-flop clocked by SYSTEM_CLK)
  Path Group: SYSTEM_CLK
  Path Type: min

  Point                                                   Incr       Path
  --------------------------------------------------------------------------
  clock SYSTEM_CLK (rise edge)                            0.00       0.00
  clock network delay (ideal)                             0.00       0.00
  u_central_data_memory/memory_reg[1][9]/CK (DFFQX2M)     0.00 #     0.00 r
  u_central_data_memory/memory_reg[1][9]/Q (DFFQX2M)      0.36       0.36 f
  u_central_data_memory/U11741/Y (INVX2M)                 0.07       0.43 r
  u_central_data_memory/U11709/Y (OAI2BB2X1M)             0.09       0.52 f
  u_central_data_memory/o_cdm_cfg_data_reg[25]/D (DFFRQX2M)
                                                          0.00       0.52 f
  data arrival time                                                  0.52

  clock SYSTEM_CLK (rise edge)                            0.00       0.00
  clock network delay (ideal)                             0.00       0.00
  clock uncertainty                                       0.05       0.05
  u_central_data_memory/o_cdm_cfg_data_reg[25]/CK (DFFRQX2M)
                                                          0.00       0.05 r
  library hold time                                      -0.01       0.04
  data required time                                                 0.04
  --------------------------------------------------------------------------
  data required time                                                 0.04
  data arrival time                                                 -0.52
  --------------------------------------------------------------------------
  slack (MET)                                                        0.49


  Startpoint: u_central_data_memory/memory_reg[1][8]
              (rising edge-triggered flip-flop clocked by SYSTEM_CLK)
  Endpoint: u_central_data_memory/o_cdm_cfg_data_reg[24]
            (rising edge-triggered flip-flop clocked by SYSTEM_CLK)
  Path Group: SYSTEM_CLK
  Path Type: min

  Point                                                   Incr       Path
  --------------------------------------------------------------------------
  clock SYSTEM_CLK (rise edge)                            0.00       0.00
  clock network delay (ideal)                             0.00       0.00
  u_central_data_memory/memory_reg[1][8]/CK (DFFQX2M)     0.00 #     0.00 r
  u_central_data_memory/memory_reg[1][8]/Q (DFFQX2M)      0.36       0.36 f
  u_central_data_memory/U11740/Y (INVX2M)                 0.07       0.43 r
  u_central_data_memory/U11708/Y (OAI2BB2X1M)             0.09       0.52 f
  u_central_data_memory/o_cdm_cfg_data_reg[24]/D (DFFRQX2M)
                                                          0.00       0.52 f
  data arrival time                                                  0.52

  clock SYSTEM_CLK (rise edge)                            0.00       0.00
  clock network delay (ideal)                             0.00       0.00
  clock uncertainty                                       0.05       0.05
  u_central_data_memory/o_cdm_cfg_data_reg[24]/CK (DFFRQX2M)
                                                          0.00       0.05 r
  library hold time                                      -0.01       0.04
  data required time                                                 0.04
  --------------------------------------------------------------------------
  data required time                                                 0.04
  data arrival time                                                 -0.52
  --------------------------------------------------------------------------
  slack (MET)                                                        0.49


  Startpoint: u_central_data_memory/memory_reg[1][7]
              (rising edge-triggered flip-flop clocked by SYSTEM_CLK)
  Endpoint: u_central_data_memory/o_cdm_cfg_data_reg[23]
            (rising edge-triggered flip-flop clocked by SYSTEM_CLK)
  Path Group: SYSTEM_CLK
  Path Type: min

  Point                                                   Incr       Path
  --------------------------------------------------------------------------
  clock SYSTEM_CLK (rise edge)                            0.00       0.00
  clock network delay (ideal)                             0.00       0.00
  u_central_data_memory/memory_reg[1][7]/CK (DFFQX2M)     0.00 #     0.00 r
  u_central_data_memory/memory_reg[1][7]/Q (DFFQX2M)      0.36       0.36 f
  u_central_data_memory/U11739/Y (INVX2M)                 0.07       0.43 r
  u_central_data_memory/U11707/Y (OAI2BB2X1M)             0.09       0.52 f
  u_central_data_memory/o_cdm_cfg_data_reg[23]/D (DFFRQX2M)
                                                          0.00       0.52 f
  data arrival time                                                  0.52

  clock SYSTEM_CLK (rise edge)                            0.00       0.00
  clock network delay (ideal)                             0.00       0.00
  clock uncertainty                                       0.05       0.05
  u_central_data_memory/o_cdm_cfg_data_reg[23]/CK (DFFRQX2M)
                                                          0.00       0.05 r
  library hold time                                      -0.01       0.04
  data required time                                                 0.04
  --------------------------------------------------------------------------
  data required time                                                 0.04
  data arrival time                                                 -0.52
  --------------------------------------------------------------------------
  slack (MET)                                                        0.49


  Startpoint: u_central_data_memory/memory_reg[1][6]
              (rising edge-triggered flip-flop clocked by SYSTEM_CLK)
  Endpoint: u_central_data_memory/o_cdm_cfg_data_reg[22]
            (rising edge-triggered flip-flop clocked by SYSTEM_CLK)
  Path Group: SYSTEM_CLK
  Path Type: min

  Point                                                   Incr       Path
  --------------------------------------------------------------------------
  clock SYSTEM_CLK (rise edge)                            0.00       0.00
  clock network delay (ideal)                             0.00       0.00
  u_central_data_memory/memory_reg[1][6]/CK (DFFQX2M)     0.00 #     0.00 r
  u_central_data_memory/memory_reg[1][6]/Q (DFFQX2M)      0.36       0.36 f
  u_central_data_memory/U11738/Y (INVX2M)                 0.07       0.43 r
  u_central_data_memory/U11706/Y (OAI2BB2X1M)             0.09       0.52 f
  u_central_data_memory/o_cdm_cfg_data_reg[22]/D (DFFRQX2M)
                                                          0.00       0.52 f
  data arrival time                                                  0.52

  clock SYSTEM_CLK (rise edge)                            0.00       0.00
  clock network delay (ideal)                             0.00       0.00
  clock uncertainty                                       0.05       0.05
  u_central_data_memory/o_cdm_cfg_data_reg[22]/CK (DFFRQX2M)
                                                          0.00       0.05 r
  library hold time                                      -0.01       0.04
  data required time                                                 0.04
  --------------------------------------------------------------------------
  data required time                                                 0.04
  data arrival time                                                 -0.52
  --------------------------------------------------------------------------
  slack (MET)                                                        0.49


  Startpoint: u_central_data_memory/memory_reg[1][5]
              (rising edge-triggered flip-flop clocked by SYSTEM_CLK)
  Endpoint: u_central_data_memory/o_cdm_cfg_data_reg[21]
            (rising edge-triggered flip-flop clocked by SYSTEM_CLK)
  Path Group: SYSTEM_CLK
  Path Type: min

  Point                                                   Incr       Path
  --------------------------------------------------------------------------
  clock SYSTEM_CLK (rise edge)                            0.00       0.00
  clock network delay (ideal)                             0.00       0.00
  u_central_data_memory/memory_reg[1][5]/CK (DFFQX2M)     0.00 #     0.00 r
  u_central_data_memory/memory_reg[1][5]/Q (DFFQX2M)      0.36       0.36 f
  u_central_data_memory/U11737/Y (INVX2M)                 0.07       0.43 r
  u_central_data_memory/U11705/Y (OAI2BB2X1M)             0.09       0.52 f
  u_central_data_memory/o_cdm_cfg_data_reg[21]/D (DFFRQX2M)
                                                          0.00       0.52 f
  data arrival time                                                  0.52

  clock SYSTEM_CLK (rise edge)                            0.00       0.00
  clock network delay (ideal)                             0.00       0.00
  clock uncertainty                                       0.05       0.05
  u_central_data_memory/o_cdm_cfg_data_reg[21]/CK (DFFRQX2M)
                                                          0.00       0.05 r
  library hold time                                      -0.01       0.04
  data required time                                                 0.04
  --------------------------------------------------------------------------
  data required time                                                 0.04
  data arrival time                                                 -0.52
  --------------------------------------------------------------------------
  slack (MET)                                                        0.49


  Startpoint: u_central_data_memory/memory_reg[1][4]
              (rising edge-triggered flip-flop clocked by SYSTEM_CLK)
  Endpoint: u_central_data_memory/o_cdm_cfg_data_reg[20]
            (rising edge-triggered flip-flop clocked by SYSTEM_CLK)
  Path Group: SYSTEM_CLK
  Path Type: min

  Point                                                   Incr       Path
  --------------------------------------------------------------------------
  clock SYSTEM_CLK (rise edge)                            0.00       0.00
  clock network delay (ideal)                             0.00       0.00
  u_central_data_memory/memory_reg[1][4]/CK (DFFQX2M)     0.00 #     0.00 r
  u_central_data_memory/memory_reg[1][4]/Q (DFFQX2M)      0.36       0.36 f
  u_central_data_memory/U11736/Y (INVX2M)                 0.07       0.43 r
  u_central_data_memory/U11704/Y (OAI2BB2X1M)             0.09       0.52 f
  u_central_data_memory/o_cdm_cfg_data_reg[20]/D (DFFRQX2M)
                                                          0.00       0.52 f
  data arrival time                                                  0.52

  clock SYSTEM_CLK (rise edge)                            0.00       0.00
  clock network delay (ideal)                             0.00       0.00
  clock uncertainty                                       0.05       0.05
  u_central_data_memory/o_cdm_cfg_data_reg[20]/CK (DFFRQX2M)
                                                          0.00       0.05 r
  library hold time                                      -0.01       0.04
  data required time                                                 0.04
  --------------------------------------------------------------------------
  data required time                                                 0.04
  data arrival time                                                 -0.52
  --------------------------------------------------------------------------
  slack (MET)                                                        0.49


  Startpoint: u_central_data_memory/memory_reg[1][3]
              (rising edge-triggered flip-flop clocked by SYSTEM_CLK)
  Endpoint: u_central_data_memory/o_cdm_cfg_data_reg[19]
            (rising edge-triggered flip-flop clocked by SYSTEM_CLK)
  Path Group: SYSTEM_CLK
  Path Type: min

  Point                                                   Incr       Path
  --------------------------------------------------------------------------
  clock SYSTEM_CLK (rise edge)                            0.00       0.00
  clock network delay (ideal)                             0.00       0.00
  u_central_data_memory/memory_reg[1][3]/CK (DFFQX2M)     0.00 #     0.00 r
  u_central_data_memory/memory_reg[1][3]/Q (DFFQX2M)      0.36       0.36 f
  u_central_data_memory/U11735/Y (INVX2M)                 0.07       0.43 r
  u_central_data_memory/U11703/Y (OAI2BB2X1M)             0.09       0.52 f
  u_central_data_memory/o_cdm_cfg_data_reg[19]/D (DFFRQX2M)
                                                          0.00       0.52 f
  data arrival time                                                  0.52

  clock SYSTEM_CLK (rise edge)                            0.00       0.00
  clock network delay (ideal)                             0.00       0.00
  clock uncertainty                                       0.05       0.05
  u_central_data_memory/o_cdm_cfg_data_reg[19]/CK (DFFRQX2M)
                                                          0.00       0.05 r
  library hold time                                      -0.01       0.04
  data required time                                                 0.04
  --------------------------------------------------------------------------
  data required time                                                 0.04
  data arrival time                                                 -0.52
  --------------------------------------------------------------------------
  slack (MET)                                                        0.49


  Startpoint: u_central_data_memory/memory_reg[1][2]
              (rising edge-triggered flip-flop clocked by SYSTEM_CLK)
  Endpoint: u_central_data_memory/o_cdm_cfg_data_reg[18]
            (rising edge-triggered flip-flop clocked by SYSTEM_CLK)
  Path Group: SYSTEM_CLK
  Path Type: min

  Point                                                   Incr       Path
  --------------------------------------------------------------------------
  clock SYSTEM_CLK (rise edge)                            0.00       0.00
  clock network delay (ideal)                             0.00       0.00
  u_central_data_memory/memory_reg[1][2]/CK (DFFQX2M)     0.00 #     0.00 r
  u_central_data_memory/memory_reg[1][2]/Q (DFFQX2M)      0.36       0.36 f
  u_central_data_memory/U11734/Y (INVX2M)                 0.07       0.43 r
  u_central_data_memory/U11702/Y (OAI2BB2X1M)             0.09       0.52 f
  u_central_data_memory/o_cdm_cfg_data_reg[18]/D (DFFRQX2M)
                                                          0.00       0.52 f
  data arrival time                                                  0.52

  clock SYSTEM_CLK (rise edge)                            0.00       0.00
  clock network delay (ideal)                             0.00       0.00
  clock uncertainty                                       0.05       0.05
  u_central_data_memory/o_cdm_cfg_data_reg[18]/CK (DFFRQX2M)
                                                          0.00       0.05 r
  library hold time                                      -0.01       0.04
  data required time                                                 0.04
  --------------------------------------------------------------------------
  data required time                                                 0.04
  data arrival time                                                 -0.52
  --------------------------------------------------------------------------
  slack (MET)                                                        0.49


  Startpoint: u_central_data_memory/memory_reg[1][1]
              (rising edge-triggered flip-flop clocked by SYSTEM_CLK)
  Endpoint: u_central_data_memory/o_cdm_cfg_data_reg[17]
            (rising edge-triggered flip-flop clocked by SYSTEM_CLK)
  Path Group: SYSTEM_CLK
  Path Type: min

  Point                                                   Incr       Path
  --------------------------------------------------------------------------
  clock SYSTEM_CLK (rise edge)                            0.00       0.00
  clock network delay (ideal)                             0.00       0.00
  u_central_data_memory/memory_reg[1][1]/CK (DFFQX2M)     0.00 #     0.00 r
  u_central_data_memory/memory_reg[1][1]/Q (DFFQX2M)      0.36       0.36 f
  u_central_data_memory/U11733/Y (INVX2M)                 0.07       0.43 r
  u_central_data_memory/U11701/Y (OAI2BB2X1M)             0.09       0.52 f
  u_central_data_memory/o_cdm_cfg_data_reg[17]/D (DFFRQX2M)
                                                          0.00       0.52 f
  data arrival time                                                  0.52

  clock SYSTEM_CLK (rise edge)                            0.00       0.00
  clock network delay (ideal)                             0.00       0.00
  clock uncertainty                                       0.05       0.05
  u_central_data_memory/o_cdm_cfg_data_reg[17]/CK (DFFRQX2M)
                                                          0.00       0.05 r
  library hold time                                      -0.01       0.04
  data required time                                                 0.04
  --------------------------------------------------------------------------
  data required time                                                 0.04
  data arrival time                                                 -0.52
  --------------------------------------------------------------------------
  slack (MET)                                                        0.49


  Startpoint: u_central_data_memory/memory_reg[1][0]
              (rising edge-triggered flip-flop clocked by SYSTEM_CLK)
  Endpoint: u_central_data_memory/o_cdm_cfg_data_reg[16]
            (rising edge-triggered flip-flop clocked by SYSTEM_CLK)
  Path Group: SYSTEM_CLK
  Path Type: min

  Point                                                   Incr       Path
  --------------------------------------------------------------------------
  clock SYSTEM_CLK (rise edge)                            0.00       0.00
  clock network delay (ideal)                             0.00       0.00
  u_central_data_memory/memory_reg[1][0]/CK (DFFQX2M)     0.00 #     0.00 r
  u_central_data_memory/memory_reg[1][0]/Q (DFFQX2M)      0.36       0.36 f
  u_central_data_memory/U11732/Y (INVX2M)                 0.07       0.43 r
  u_central_data_memory/U11700/Y (OAI2BB2X1M)             0.09       0.52 f
  u_central_data_memory/o_cdm_cfg_data_reg[16]/D (DFFRQX2M)
                                                          0.00       0.52 f
  data arrival time                                                  0.52

  clock SYSTEM_CLK (rise edge)                            0.00       0.00
  clock network delay (ideal)                             0.00       0.00
  clock uncertainty                                       0.05       0.05
  u_central_data_memory/o_cdm_cfg_data_reg[16]/CK (DFFRQX2M)
                                                          0.00       0.05 r
  library hold time                                      -0.01       0.04
  data required time                                                 0.04
  --------------------------------------------------------------------------
  data required time                                                 0.04
  data arrival time                                                 -0.52
  --------------------------------------------------------------------------
  slack (MET)                                                        0.49


  Startpoint: u_central_data_memory/memory_reg[0][1]
              (rising edge-triggered flip-flop clocked by SYSTEM_CLK)
  Endpoint: u_central_data_memory/o_cdm_cfg_data_reg[1]
            (rising edge-triggered flip-flop clocked by SYSTEM_CLK)
  Path Group: SYSTEM_CLK
  Path Type: min

  Point                                                   Incr       Path
  --------------------------------------------------------------------------
  clock SYSTEM_CLK (rise edge)                            0.00       0.00
  clock network delay (ideal)                             0.00       0.00
  u_central_data_memory/memory_reg[0][1]/CK (DFFQX2M)     0.00 #     0.00 r
  u_central_data_memory/memory_reg[0][1]/Q (DFFQX2M)      0.36       0.36 f
  u_central_data_memory/U11717/Y (INVX2M)                 0.07       0.43 r
  u_central_data_memory/U11685/Y (OAI2BB2X1M)             0.09       0.52 f
  u_central_data_memory/o_cdm_cfg_data_reg[1]/D (DFFRQX2M)
                                                          0.00       0.52 f
  data arrival time                                                  0.52

  clock SYSTEM_CLK (rise edge)                            0.00       0.00
  clock network delay (ideal)                             0.00       0.00
  clock uncertainty                                       0.05       0.05
  u_central_data_memory/o_cdm_cfg_data_reg[1]/CK (DFFRQX2M)
                                                          0.00       0.05 r
  library hold time                                      -0.01       0.04
  data required time                                                 0.04
  --------------------------------------------------------------------------
  data required time                                                 0.04
  data arrival time                                                 -0.52
  --------------------------------------------------------------------------
  slack (MET)                                                        0.49


  Startpoint: u_central_data_memory/memory_reg[0][3]
              (rising edge-triggered flip-flop clocked by SYSTEM_CLK)
  Endpoint: u_central_data_memory/o_cdm_cfg_data_reg[3]
            (rising edge-triggered flip-flop clocked by SYSTEM_CLK)
  Path Group: SYSTEM_CLK
  Path Type: min

  Point                                                   Incr       Path
  --------------------------------------------------------------------------
  clock SYSTEM_CLK (rise edge)                            0.00       0.00
  clock network delay (ideal)                             0.00       0.00
  u_central_data_memory/memory_reg[0][3]/CK (DFFQX2M)     0.00 #     0.00 r
  u_central_data_memory/memory_reg[0][3]/Q (DFFQX2M)      0.36       0.36 f
  u_central_data_memory/U11719/Y (INVX2M)                 0.07       0.43 r
  u_central_data_memory/U11687/Y (OAI2BB2X1M)             0.09       0.52 f
  u_central_data_memory/o_cdm_cfg_data_reg[3]/D (DFFRQX2M)
                                                          0.00       0.52 f
  data arrival time                                                  0.52

  clock SYSTEM_CLK (rise edge)                            0.00       0.00
  clock network delay (ideal)                             0.00       0.00
  clock uncertainty                                       0.05       0.05
  u_central_data_memory/o_cdm_cfg_data_reg[3]/CK (DFFRQX2M)
                                                          0.00       0.05 r
  library hold time                                      -0.01       0.04
  data required time                                                 0.04
  --------------------------------------------------------------------------
  data required time                                                 0.04
  data arrival time                                                 -0.52
  --------------------------------------------------------------------------
  slack (MET)                                                        0.49


  Startpoint: u_central_data_memory/memory_reg[0][2]
              (rising edge-triggered flip-flop clocked by SYSTEM_CLK)
  Endpoint: u_central_data_memory/o_cdm_cfg_data_reg[2]
            (rising edge-triggered flip-flop clocked by SYSTEM_CLK)
  Path Group: SYSTEM_CLK
  Path Type: min

  Point                                                   Incr       Path
  --------------------------------------------------------------------------
  clock SYSTEM_CLK (rise edge)                            0.00       0.00
  clock network delay (ideal)                             0.00       0.00
  u_central_data_memory/memory_reg[0][2]/CK (DFFQX2M)     0.00 #     0.00 r
  u_central_data_memory/memory_reg[0][2]/Q (DFFQX2M)      0.36       0.36 f
  u_central_data_memory/U11718/Y (INVX2M)                 0.07       0.43 r
  u_central_data_memory/U11686/Y (OAI2BB2X1M)             0.09       0.52 f
  u_central_data_memory/o_cdm_cfg_data_reg[2]/D (DFFRQX2M)
                                                          0.00       0.52 f
  data arrival time                                                  0.52

  clock SYSTEM_CLK (rise edge)                            0.00       0.00
  clock network delay (ideal)                             0.00       0.00
  clock uncertainty                                       0.05       0.05
  u_central_data_memory/o_cdm_cfg_data_reg[2]/CK (DFFRQX2M)
                                                          0.00       0.05 r
  library hold time                                      -0.01       0.04
  data required time                                                 0.04
  --------------------------------------------------------------------------
  data required time                                                 0.04
  data arrival time                                                 -0.52
  --------------------------------------------------------------------------
  slack (MET)                                                        0.49


  Startpoint: u_central_data_memory/memory_reg[0][4]
              (rising edge-triggered flip-flop clocked by SYSTEM_CLK)
  Endpoint: u_central_data_memory/o_cdm_cfg_data_reg[4]
            (rising edge-triggered flip-flop clocked by SYSTEM_CLK)
  Path Group: SYSTEM_CLK
  Path Type: min

  Point                                                   Incr       Path
  --------------------------------------------------------------------------
  clock SYSTEM_CLK (rise edge)                            0.00       0.00
  clock network delay (ideal)                             0.00       0.00
  u_central_data_memory/memory_reg[0][4]/CK (DFFQX2M)     0.00 #     0.00 r
  u_central_data_memory/memory_reg[0][4]/Q (DFFQX2M)      0.36       0.36 f
  u_central_data_memory/U11720/Y (INVX2M)                 0.07       0.43 r
  u_central_data_memory/U11688/Y (OAI2BB2X1M)             0.09       0.52 f
  u_central_data_memory/o_cdm_cfg_data_reg[4]/D (DFFRQX2M)
                                                          0.00       0.52 f
  data arrival time                                                  0.52

  clock SYSTEM_CLK (rise edge)                            0.00       0.00
  clock network delay (ideal)                             0.00       0.00
  clock uncertainty                                       0.05       0.05
  u_central_data_memory/o_cdm_cfg_data_reg[4]/CK (DFFRQX2M)
                                                          0.00       0.05 r
  library hold time                                      -0.01       0.04
  data required time                                                 0.04
  --------------------------------------------------------------------------
  data required time                                                 0.04
  data arrival time                                                 -0.52
  --------------------------------------------------------------------------
  slack (MET)                                                        0.49


  Startpoint: u_central_data_memory/memory_reg[0][9]
              (rising edge-triggered flip-flop clocked by SYSTEM_CLK)
  Endpoint: u_central_data_memory/o_cdm_cfg_data_reg[9]
            (rising edge-triggered flip-flop clocked by SYSTEM_CLK)
  Path Group: SYSTEM_CLK
  Path Type: min

  Point                                                   Incr       Path
  --------------------------------------------------------------------------
  clock SYSTEM_CLK (rise edge)                            0.00       0.00
  clock network delay (ideal)                             0.00       0.00
  u_central_data_memory/memory_reg[0][9]/CK (DFFQX2M)     0.00 #     0.00 r
  u_central_data_memory/memory_reg[0][9]/Q (DFFQX2M)      0.36       0.36 f
  u_central_data_memory/U11725/Y (INVX2M)                 0.07       0.43 r
  u_central_data_memory/U11693/Y (OAI2BB2X1M)             0.09       0.52 f
  u_central_data_memory/o_cdm_cfg_data_reg[9]/D (DFFRQX2M)
                                                          0.00       0.52 f
  data arrival time                                                  0.52

  clock SYSTEM_CLK (rise edge)                            0.00       0.00
  clock network delay (ideal)                             0.00       0.00
  clock uncertainty                                       0.05       0.05
  u_central_data_memory/o_cdm_cfg_data_reg[9]/CK (DFFRQX2M)
                                                          0.00       0.05 r
  library hold time                                      -0.01       0.04
  data required time                                                 0.04
  --------------------------------------------------------------------------
  data required time                                                 0.04
  data arrival time                                                 -0.52
  --------------------------------------------------------------------------
  slack (MET)                                                        0.49


  Startpoint: u_central_data_memory/memory_reg[0][7]
              (rising edge-triggered flip-flop clocked by SYSTEM_CLK)
  Endpoint: u_central_data_memory/o_cdm_cfg_data_reg[7]
            (rising edge-triggered flip-flop clocked by SYSTEM_CLK)
  Path Group: SYSTEM_CLK
  Path Type: min

  Point                                                   Incr       Path
  --------------------------------------------------------------------------
  clock SYSTEM_CLK (rise edge)                            0.00       0.00
  clock network delay (ideal)                             0.00       0.00
  u_central_data_memory/memory_reg[0][7]/CK (DFFQX2M)     0.00 #     0.00 r
  u_central_data_memory/memory_reg[0][7]/Q (DFFQX2M)      0.36       0.36 f
  u_central_data_memory/U11723/Y (INVX2M)                 0.07       0.43 r
  u_central_data_memory/U11691/Y (OAI2BB2X1M)             0.09       0.52 f
  u_central_data_memory/o_cdm_cfg_data_reg[7]/D (DFFRQX2M)
                                                          0.00       0.52 f
  data arrival time                                                  0.52

  clock SYSTEM_CLK (rise edge)                            0.00       0.00
  clock network delay (ideal)                             0.00       0.00
  clock uncertainty                                       0.05       0.05
  u_central_data_memory/o_cdm_cfg_data_reg[7]/CK (DFFRQX2M)
                                                          0.00       0.05 r
  library hold time                                      -0.01       0.04
  data required time                                                 0.04
  --------------------------------------------------------------------------
  data required time                                                 0.04
  data arrival time                                                 -0.52
  --------------------------------------------------------------------------
  slack (MET)                                                        0.49


  Startpoint: u_central_data_memory/memory_reg[0][6]
              (rising edge-triggered flip-flop clocked by SYSTEM_CLK)
  Endpoint: u_central_data_memory/o_cdm_cfg_data_reg[6]
            (rising edge-triggered flip-flop clocked by SYSTEM_CLK)
  Path Group: SYSTEM_CLK
  Path Type: min

  Point                                                   Incr       Path
  --------------------------------------------------------------------------
  clock SYSTEM_CLK (rise edge)                            0.00       0.00
  clock network delay (ideal)                             0.00       0.00
  u_central_data_memory/memory_reg[0][6]/CK (DFFQX2M)     0.00 #     0.00 r
  u_central_data_memory/memory_reg[0][6]/Q (DFFQX2M)      0.36       0.36 f
  u_central_data_memory/U11722/Y (INVX2M)                 0.07       0.43 r
  u_central_data_memory/U11690/Y (OAI2BB2X1M)             0.09       0.52 f
  u_central_data_memory/o_cdm_cfg_data_reg[6]/D (DFFRQX2M)
                                                          0.00       0.52 f
  data arrival time                                                  0.52

  clock SYSTEM_CLK (rise edge)                            0.00       0.00
  clock network delay (ideal)                             0.00       0.00
  clock uncertainty                                       0.05       0.05
  u_central_data_memory/o_cdm_cfg_data_reg[6]/CK (DFFRQX2M)
                                                          0.00       0.05 r
  library hold time                                      -0.01       0.04
  data required time                                                 0.04
  --------------------------------------------------------------------------
  data required time                                                 0.04
  data arrival time                                                 -0.52
  --------------------------------------------------------------------------
  slack (MET)                                                        0.49


  Startpoint: u_central_data_memory/memory_reg[0][0]
              (rising edge-triggered flip-flop clocked by SYSTEM_CLK)
  Endpoint: u_central_data_memory/o_cdm_cfg_data_reg[0]
            (rising edge-triggered flip-flop clocked by SYSTEM_CLK)
  Path Group: SYSTEM_CLK
  Path Type: min

  Point                                                   Incr       Path
  --------------------------------------------------------------------------
  clock SYSTEM_CLK (rise edge)                            0.00       0.00
  clock network delay (ideal)                             0.00       0.00
  u_central_data_memory/memory_reg[0][0]/CK (DFFQX2M)     0.00 #     0.00 r
  u_central_data_memory/memory_reg[0][0]/Q (DFFQX2M)      0.36       0.36 f
  u_central_data_memory/U11716/Y (INVX2M)                 0.07       0.43 r
  u_central_data_memory/U11684/Y (OAI2BB2X1M)             0.09       0.52 f
  u_central_data_memory/o_cdm_cfg_data_reg[0]/D (DFFRQX2M)
                                                          0.00       0.52 f
  data arrival time                                                  0.52

  clock SYSTEM_CLK (rise edge)                            0.00       0.00
  clock network delay (ideal)                             0.00       0.00
  clock uncertainty                                       0.05       0.05
  u_central_data_memory/o_cdm_cfg_data_reg[0]/CK (DFFRQX2M)
                                                          0.00       0.05 r
  library hold time                                      -0.01       0.04
  data required time                                                 0.04
  --------------------------------------------------------------------------
  data required time                                                 0.04
  data arrival time                                                 -0.52
  --------------------------------------------------------------------------
  slack (MET)                                                        0.49


  Startpoint: u_central_data_memory/memory_reg[0][15]
              (rising edge-triggered flip-flop clocked by SYSTEM_CLK)
  Endpoint: u_central_data_memory/o_cdm_cfg_data_reg[15]
            (rising edge-triggered flip-flop clocked by SYSTEM_CLK)
  Path Group: SYSTEM_CLK
  Path Type: min

  Point                                                   Incr       Path
  --------------------------------------------------------------------------
  clock SYSTEM_CLK (rise edge)                            0.00       0.00
  clock network delay (ideal)                             0.00       0.00
  u_central_data_memory/memory_reg[0][15]/CK (DFFQX2M)
                                                          0.00 #     0.00 r
  u_central_data_memory/memory_reg[0][15]/Q (DFFQX2M)     0.36       0.36 f
  u_central_data_memory/U11731/Y (INVX2M)                 0.07       0.43 r
  u_central_data_memory/U11699/Y (OAI2BB2X1M)             0.09       0.52 f
  u_central_data_memory/o_cdm_cfg_data_reg[15]/D (DFFRQX2M)
                                                          0.00       0.52 f
  data arrival time                                                  0.52

  clock SYSTEM_CLK (rise edge)                            0.00       0.00
  clock network delay (ideal)                             0.00       0.00
  clock uncertainty                                       0.05       0.05
  u_central_data_memory/o_cdm_cfg_data_reg[15]/CK (DFFRQX2M)
                                                          0.00       0.05 r
  library hold time                                      -0.01       0.04
  data required time                                                 0.04
  --------------------------------------------------------------------------
  data required time                                                 0.04
  data arrival time                                                 -0.52
  --------------------------------------------------------------------------
  slack (MET)                                                        0.49


  Startpoint: u_central_data_memory/memory_reg[0][14]
              (rising edge-triggered flip-flop clocked by SYSTEM_CLK)
  Endpoint: u_central_data_memory/o_cdm_cfg_data_reg[14]
            (rising edge-triggered flip-flop clocked by SYSTEM_CLK)
  Path Group: SYSTEM_CLK
  Path Type: min

  Point                                                   Incr       Path
  --------------------------------------------------------------------------
  clock SYSTEM_CLK (rise edge)                            0.00       0.00
  clock network delay (ideal)                             0.00       0.00
  u_central_data_memory/memory_reg[0][14]/CK (DFFQX2M)
                                                          0.00 #     0.00 r
  u_central_data_memory/memory_reg[0][14]/Q (DFFQX2M)     0.36       0.36 f
  u_central_data_memory/U11730/Y (INVX2M)                 0.07       0.43 r
  u_central_data_memory/U11698/Y (OAI2BB2X1M)             0.09       0.52 f
  u_central_data_memory/o_cdm_cfg_data_reg[14]/D (DFFRQX2M)
                                                          0.00       0.52 f
  data arrival time                                                  0.52

  clock SYSTEM_CLK (rise edge)                            0.00       0.00
  clock network delay (ideal)                             0.00       0.00
  clock uncertainty                                       0.05       0.05
  u_central_data_memory/o_cdm_cfg_data_reg[14]/CK (DFFRQX2M)
                                                          0.00       0.05 r
  library hold time                                      -0.01       0.04
  data required time                                                 0.04
  --------------------------------------------------------------------------
  data required time                                                 0.04
  data arrival time                                                 -0.52
  --------------------------------------------------------------------------
  slack (MET)                                                        0.49


  Startpoint: u_central_data_memory/memory_reg[0][13]
              (rising edge-triggered flip-flop clocked by SYSTEM_CLK)
  Endpoint: u_central_data_memory/o_cdm_cfg_data_reg[13]
            (rising edge-triggered flip-flop clocked by SYSTEM_CLK)
  Path Group: SYSTEM_CLK
  Path Type: min

  Point                                                   Incr       Path
  --------------------------------------------------------------------------
  clock SYSTEM_CLK (rise edge)                            0.00       0.00
  clock network delay (ideal)                             0.00       0.00
  u_central_data_memory/memory_reg[0][13]/CK (DFFQX2M)
                                                          0.00 #     0.00 r
  u_central_data_memory/memory_reg[0][13]/Q (DFFQX2M)     0.36       0.36 f
  u_central_data_memory/U11729/Y (INVX2M)                 0.07       0.43 r
  u_central_data_memory/U11697/Y (OAI2BB2X1M)             0.09       0.52 f
  u_central_data_memory/o_cdm_cfg_data_reg[13]/D (DFFRQX2M)
                                                          0.00       0.52 f
  data arrival time                                                  0.52

  clock SYSTEM_CLK (rise edge)                            0.00       0.00
  clock network delay (ideal)                             0.00       0.00
  clock uncertainty                                       0.05       0.05
  u_central_data_memory/o_cdm_cfg_data_reg[13]/CK (DFFRQX2M)
                                                          0.00       0.05 r
  library hold time                                      -0.01       0.04
  data required time                                                 0.04
  --------------------------------------------------------------------------
  data required time                                                 0.04
  data arrival time                                                 -0.52
  --------------------------------------------------------------------------
  slack (MET)                                                        0.49


  Startpoint: u_central_data_memory/memory_reg[0][12]
              (rising edge-triggered flip-flop clocked by SYSTEM_CLK)
  Endpoint: u_central_data_memory/o_cdm_cfg_data_reg[12]
            (rising edge-triggered flip-flop clocked by SYSTEM_CLK)
  Path Group: SYSTEM_CLK
  Path Type: min

  Point                                                   Incr       Path
  --------------------------------------------------------------------------
  clock SYSTEM_CLK (rise edge)                            0.00       0.00
  clock network delay (ideal)                             0.00       0.00
  u_central_data_memory/memory_reg[0][12]/CK (DFFQX2M)
                                                          0.00 #     0.00 r
  u_central_data_memory/memory_reg[0][12]/Q (DFFQX2M)     0.36       0.36 f
  u_central_data_memory/U11728/Y (INVX2M)                 0.07       0.43 r
  u_central_data_memory/U11696/Y (OAI2BB2X1M)             0.09       0.52 f
  u_central_data_memory/o_cdm_cfg_data_reg[12]/D (DFFRQX2M)
                                                          0.00       0.52 f
  data arrival time                                                  0.52

  clock SYSTEM_CLK (rise edge)                            0.00       0.00
  clock network delay (ideal)                             0.00       0.00
  clock uncertainty                                       0.05       0.05
  u_central_data_memory/o_cdm_cfg_data_reg[12]/CK (DFFRQX2M)
                                                          0.00       0.05 r
  library hold time                                      -0.01       0.04
  data required time                                                 0.04
  --------------------------------------------------------------------------
  data required time                                                 0.04
  data arrival time                                                 -0.52
  --------------------------------------------------------------------------
  slack (MET)                                                        0.49


  Startpoint: u_central_data_memory/memory_reg[0][11]
              (rising edge-triggered flip-flop clocked by SYSTEM_CLK)
  Endpoint: u_central_data_memory/o_cdm_cfg_data_reg[11]
            (rising edge-triggered flip-flop clocked by SYSTEM_CLK)
  Path Group: SYSTEM_CLK
  Path Type: min

  Point                                                   Incr       Path
  --------------------------------------------------------------------------
  clock SYSTEM_CLK (rise edge)                            0.00       0.00
  clock network delay (ideal)                             0.00       0.00
  u_central_data_memory/memory_reg[0][11]/CK (DFFQX2M)
                                                          0.00 #     0.00 r
  u_central_data_memory/memory_reg[0][11]/Q (DFFQX2M)     0.36       0.36 f
  u_central_data_memory/U11727/Y (INVX2M)                 0.07       0.43 r
  u_central_data_memory/U11695/Y (OAI2BB2X1M)             0.09       0.52 f
  u_central_data_memory/o_cdm_cfg_data_reg[11]/D (DFFRQX2M)
                                                          0.00       0.52 f
  data arrival time                                                  0.52

  clock SYSTEM_CLK (rise edge)                            0.00       0.00
  clock network delay (ideal)                             0.00       0.00
  clock uncertainty                                       0.05       0.05
  u_central_data_memory/o_cdm_cfg_data_reg[11]/CK (DFFRQX2M)
                                                          0.00       0.05 r
  library hold time                                      -0.01       0.04
  data required time                                                 0.04
  --------------------------------------------------------------------------
  data required time                                                 0.04
  data arrival time                                                 -0.52
  --------------------------------------------------------------------------
  slack (MET)                                                        0.49


  Startpoint: u_central_data_memory/memory_reg[0][10]
              (rising edge-triggered flip-flop clocked by SYSTEM_CLK)
  Endpoint: u_central_data_memory/o_cdm_cfg_data_reg[10]
            (rising edge-triggered flip-flop clocked by SYSTEM_CLK)
  Path Group: SYSTEM_CLK
  Path Type: min

  Point                                                   Incr       Path
  --------------------------------------------------------------------------
  clock SYSTEM_CLK (rise edge)                            0.00       0.00
  clock network delay (ideal)                             0.00       0.00
  u_central_data_memory/memory_reg[0][10]/CK (DFFQX2M)
                                                          0.00 #     0.00 r
  u_central_data_memory/memory_reg[0][10]/Q (DFFQX2M)     0.36       0.36 f
  u_central_data_memory/U11726/Y (INVX2M)                 0.07       0.43 r
  u_central_data_memory/U11694/Y (OAI2BB2X1M)             0.09       0.52 f
  u_central_data_memory/o_cdm_cfg_data_reg[10]/D (DFFRQX2M)
                                                          0.00       0.52 f
  data arrival time                                                  0.52

  clock SYSTEM_CLK (rise edge)                            0.00       0.00
  clock network delay (ideal)                             0.00       0.00
  clock uncertainty                                       0.05       0.05
  u_central_data_memory/o_cdm_cfg_data_reg[10]/CK (DFFRQX2M)
                                                          0.00       0.05 r
  library hold time                                      -0.01       0.04
  data required time                                                 0.04
  --------------------------------------------------------------------------
  data required time                                                 0.04
  data arrival time                                                 -0.52
  --------------------------------------------------------------------------
  slack (MET)                                                        0.49


  Startpoint: u_central_data_memory/memory_reg[0][8]
              (rising edge-triggered flip-flop clocked by SYSTEM_CLK)
  Endpoint: u_central_data_memory/o_cdm_cfg_data_reg[8]
            (rising edge-triggered flip-flop clocked by SYSTEM_CLK)
  Path Group: SYSTEM_CLK
  Path Type: min

  Point                                                   Incr       Path
  --------------------------------------------------------------------------
  clock SYSTEM_CLK (rise edge)                            0.00       0.00
  clock network delay (ideal)                             0.00       0.00
  u_central_data_memory/memory_reg[0][8]/CK (DFFQX2M)     0.00 #     0.00 r
  u_central_data_memory/memory_reg[0][8]/Q (DFFQX2M)      0.36       0.36 f
  u_central_data_memory/U11724/Y (INVX2M)                 0.07       0.43 r
  u_central_data_memory/U11692/Y (OAI2BB2X1M)             0.09       0.52 f
  u_central_data_memory/o_cdm_cfg_data_reg[8]/D (DFFRQX2M)
                                                          0.00       0.52 f
  data arrival time                                                  0.52

  clock SYSTEM_CLK (rise edge)                            0.00       0.00
  clock network delay (ideal)                             0.00       0.00
  clock uncertainty                                       0.05       0.05
  u_central_data_memory/o_cdm_cfg_data_reg[8]/CK (DFFRQX2M)
                                                          0.00       0.05 r
  library hold time                                      -0.01       0.04
  data required time                                                 0.04
  --------------------------------------------------------------------------
  data required time                                                 0.04
  data arrival time                                                 -0.52
  --------------------------------------------------------------------------
  slack (MET)                                                        0.49


  Startpoint: u_central_data_memory/memory_reg[0][5]
              (rising edge-triggered flip-flop clocked by SYSTEM_CLK)
  Endpoint: u_central_data_memory/o_cdm_cfg_data_reg[5]
            (rising edge-triggered flip-flop clocked by SYSTEM_CLK)
  Path Group: SYSTEM_CLK
  Path Type: min

  Point                                                   Incr       Path
  --------------------------------------------------------------------------
  clock SYSTEM_CLK (rise edge)                            0.00       0.00
  clock network delay (ideal)                             0.00       0.00
  u_central_data_memory/memory_reg[0][5]/CK (DFFQX2M)     0.00 #     0.00 r
  u_central_data_memory/memory_reg[0][5]/Q (DFFQX2M)      0.36       0.36 f
  u_central_data_memory/U11721/Y (INVX2M)                 0.07       0.43 r
  u_central_data_memory/U11689/Y (OAI2BB2X1M)             0.09       0.52 f
  u_central_data_memory/o_cdm_cfg_data_reg[5]/D (DFFRQX2M)
                                                          0.00       0.52 f
  data arrival time                                                  0.52

  clock SYSTEM_CLK (rise edge)                            0.00       0.00
  clock network delay (ideal)                             0.00       0.00
  clock uncertainty                                       0.05       0.05
  u_central_data_memory/o_cdm_cfg_data_reg[5]/CK (DFFRQX2M)
                                                          0.00       0.05 r
  library hold time                                      -0.01       0.04
  data required time                                                 0.04
  --------------------------------------------------------------------------
  data required time                                                 0.04
  data arrival time                                                 -0.52
  --------------------------------------------------------------------------
  slack (MET)                                                        0.49


  Startpoint: u_central_data_memory/memory_reg[7][16]
              (rising edge-triggered flip-flop clocked by SYSTEM_CLK)
  Endpoint: u_central_data_memory/memory_reg[7][16]
            (rising edge-triggered flip-flop clocked by SYSTEM_CLK)
  Path Group: SYSTEM_CLK
  Path Type: min

  Point                                                   Incr       Path
  --------------------------------------------------------------------------
  clock SYSTEM_CLK (rise edge)                            0.00       0.00
  clock network delay (ideal)                             0.00       0.00
  u_central_data_memory/memory_reg[7][16]/CK (DFFQX2M)
                                                          0.00 #     0.00 r
  u_central_data_memory/memory_reg[7][16]/Q (DFFQX2M)     0.34       0.34 r
  u_central_data_memory/U3521/Y (OAI2BB2X1M)              0.15       0.49 r
  u_central_data_memory/memory_reg[7][16]/D (DFFQX2M)     0.00       0.49 r
  data arrival time                                                  0.49

  clock SYSTEM_CLK (rise edge)                            0.00       0.00
  clock network delay (ideal)                             0.00       0.00
  clock uncertainty                                       0.05       0.05
  u_central_data_memory/memory_reg[7][16]/CK (DFFQX2M)
                                                          0.00       0.05 r
  library hold time                                      -0.05       0.00
  data required time                                                 0.00
  --------------------------------------------------------------------------
  data required time                                                 0.00
  data arrival time                                                 -0.49
  --------------------------------------------------------------------------
  slack (MET)                                                        0.49


  Startpoint: u_central_data_memory/memory_reg[7][15]
              (rising edge-triggered flip-flop clocked by SYSTEM_CLK)
  Endpoint: u_central_data_memory/memory_reg[7][15]
            (rising edge-triggered flip-flop clocked by SYSTEM_CLK)
  Path Group: SYSTEM_CLK
  Path Type: min

  Point                                                   Incr       Path
  --------------------------------------------------------------------------
  clock SYSTEM_CLK (rise edge)                            0.00       0.00
  clock network delay (ideal)                             0.00       0.00
  u_central_data_memory/memory_reg[7][15]/CK (DFFQX2M)
                                                          0.00 #     0.00 r
  u_central_data_memory/memory_reg[7][15]/Q (DFFQX2M)     0.34       0.34 r
  u_central_data_memory/U11603/Y (OAI2BB2X1M)             0.15       0.49 r
  u_central_data_memory/memory_reg[7][15]/D (DFFQX2M)     0.00       0.49 r
  data arrival time                                                  0.49

  clock SYSTEM_CLK (rise edge)                            0.00       0.00
  clock network delay (ideal)                             0.00       0.00
  clock uncertainty                                       0.05       0.05
  u_central_data_memory/memory_reg[7][15]/CK (DFFQX2M)
                                                          0.00       0.05 r
  library hold time                                      -0.05       0.00
  data required time                                                 0.00
  --------------------------------------------------------------------------
  data required time                                                 0.00
  data arrival time                                                 -0.49
  --------------------------------------------------------------------------
  slack (MET)                                                        0.49


  Startpoint: u_central_data_memory/memory_reg[7][14]
              (rising edge-triggered flip-flop clocked by SYSTEM_CLK)
  Endpoint: u_central_data_memory/memory_reg[7][14]
            (rising edge-triggered flip-flop clocked by SYSTEM_CLK)
  Path Group: SYSTEM_CLK
  Path Type: min

  Point                                                   Incr       Path
  --------------------------------------------------------------------------
  clock SYSTEM_CLK (rise edge)                            0.00       0.00
  clock network delay (ideal)                             0.00       0.00
  u_central_data_memory/memory_reg[7][14]/CK (DFFQX2M)
                                                          0.00 #     0.00 r
  u_central_data_memory/memory_reg[7][14]/Q (DFFQX2M)     0.34       0.34 r
  u_central_data_memory/U11602/Y (OAI2BB2X1M)             0.15       0.49 r
  u_central_data_memory/memory_reg[7][14]/D (DFFQX2M)     0.00       0.49 r
  data arrival time                                                  0.49

  clock SYSTEM_CLK (rise edge)                            0.00       0.00
  clock network delay (ideal)                             0.00       0.00
  clock uncertainty                                       0.05       0.05
  u_central_data_memory/memory_reg[7][14]/CK (DFFQX2M)
                                                          0.00       0.05 r
  library hold time                                      -0.05       0.00
  data required time                                                 0.00
  --------------------------------------------------------------------------
  data required time                                                 0.00
  data arrival time                                                 -0.49
  --------------------------------------------------------------------------
  slack (MET)                                                        0.49


  Startpoint: u_central_data_memory/memory_reg[7][13]
              (rising edge-triggered flip-flop clocked by SYSTEM_CLK)
  Endpoint: u_central_data_memory/memory_reg[7][13]
            (rising edge-triggered flip-flop clocked by SYSTEM_CLK)
  Path Group: SYSTEM_CLK
  Path Type: min

  Point                                                   Incr       Path
  --------------------------------------------------------------------------
  clock SYSTEM_CLK (rise edge)                            0.00       0.00
  clock network delay (ideal)                             0.00       0.00
  u_central_data_memory/memory_reg[7][13]/CK (DFFQX2M)
                                                          0.00 #     0.00 r
  u_central_data_memory/memory_reg[7][13]/Q (DFFQX2M)     0.34       0.34 r
  u_central_data_memory/U11601/Y (OAI2BB2X1M)             0.15       0.49 r
  u_central_data_memory/memory_reg[7][13]/D (DFFQX2M)     0.00       0.49 r
  data arrival time                                                  0.49

  clock SYSTEM_CLK (rise edge)                            0.00       0.00
  clock network delay (ideal)                             0.00       0.00
  clock uncertainty                                       0.05       0.05
  u_central_data_memory/memory_reg[7][13]/CK (DFFQX2M)
                                                          0.00       0.05 r
  library hold time                                      -0.05       0.00
  data required time                                                 0.00
  --------------------------------------------------------------------------
  data required time                                                 0.00
  data arrival time                                                 -0.49
  --------------------------------------------------------------------------
  slack (MET)                                                        0.49


  Startpoint: u_central_data_memory/memory_reg[7][12]
              (rising edge-triggered flip-flop clocked by SYSTEM_CLK)
  Endpoint: u_central_data_memory/memory_reg[7][12]
            (rising edge-triggered flip-flop clocked by SYSTEM_CLK)
  Path Group: SYSTEM_CLK
  Path Type: min

  Point                                                   Incr       Path
  --------------------------------------------------------------------------
  clock SYSTEM_CLK (rise edge)                            0.00       0.00
  clock network delay (ideal)                             0.00       0.00
  u_central_data_memory/memory_reg[7][12]/CK (DFFQX2M)
                                                          0.00 #     0.00 r
  u_central_data_memory/memory_reg[7][12]/Q (DFFQX2M)     0.34       0.34 r
  u_central_data_memory/U11600/Y (OAI2BB2X1M)             0.15       0.49 r
  u_central_data_memory/memory_reg[7][12]/D (DFFQX2M)     0.00       0.49 r
  data arrival time                                                  0.49

  clock SYSTEM_CLK (rise edge)                            0.00       0.00
  clock network delay (ideal)                             0.00       0.00
  clock uncertainty                                       0.05       0.05
  u_central_data_memory/memory_reg[7][12]/CK (DFFQX2M)
                                                          0.00       0.05 r
  library hold time                                      -0.05       0.00
  data required time                                                 0.00
  --------------------------------------------------------------------------
  data required time                                                 0.00
  data arrival time                                                 -0.49
  --------------------------------------------------------------------------
  slack (MET)                                                        0.49


  Startpoint: u_central_data_memory/memory_reg[7][11]
              (rising edge-triggered flip-flop clocked by SYSTEM_CLK)
  Endpoint: u_central_data_memory/memory_reg[7][11]
            (rising edge-triggered flip-flop clocked by SYSTEM_CLK)
  Path Group: SYSTEM_CLK
  Path Type: min

  Point                                                   Incr       Path
  --------------------------------------------------------------------------
  clock SYSTEM_CLK (rise edge)                            0.00       0.00
  clock network delay (ideal)                             0.00       0.00
  u_central_data_memory/memory_reg[7][11]/CK (DFFQX2M)
                                                          0.00 #     0.00 r
  u_central_data_memory/memory_reg[7][11]/Q (DFFQX2M)     0.34       0.34 r
  u_central_data_memory/U11599/Y (OAI2BB2X1M)             0.15       0.49 r
  u_central_data_memory/memory_reg[7][11]/D (DFFQX2M)     0.00       0.49 r
  data arrival time                                                  0.49

  clock SYSTEM_CLK (rise edge)                            0.00       0.00
  clock network delay (ideal)                             0.00       0.00
  clock uncertainty                                       0.05       0.05
  u_central_data_memory/memory_reg[7][11]/CK (DFFQX2M)
                                                          0.00       0.05 r
  library hold time                                      -0.05       0.00
  data required time                                                 0.00
  --------------------------------------------------------------------------
  data required time                                                 0.00
  data arrival time                                                 -0.49
  --------------------------------------------------------------------------
  slack (MET)                                                        0.49


  Startpoint: u_central_data_memory/memory_reg[7][10]
              (rising edge-triggered flip-flop clocked by SYSTEM_CLK)
  Endpoint: u_central_data_memory/memory_reg[7][10]
            (rising edge-triggered flip-flop clocked by SYSTEM_CLK)
  Path Group: SYSTEM_CLK
  Path Type: min

  Point                                                   Incr       Path
  --------------------------------------------------------------------------
  clock SYSTEM_CLK (rise edge)                            0.00       0.00
  clock network delay (ideal)                             0.00       0.00
  u_central_data_memory/memory_reg[7][10]/CK (DFFQX2M)
                                                          0.00 #     0.00 r
  u_central_data_memory/memory_reg[7][10]/Q (DFFQX2M)     0.34       0.34 r
  u_central_data_memory/U11598/Y (OAI2BB2X1M)             0.15       0.49 r
  u_central_data_memory/memory_reg[7][10]/D (DFFQX2M)     0.00       0.49 r
  data arrival time                                                  0.49

  clock SYSTEM_CLK (rise edge)                            0.00       0.00
  clock network delay (ideal)                             0.00       0.00
  clock uncertainty                                       0.05       0.05
  u_central_data_memory/memory_reg[7][10]/CK (DFFQX2M)
                                                          0.00       0.05 r
  library hold time                                      -0.05       0.00
  data required time                                                 0.00
  --------------------------------------------------------------------------
  data required time                                                 0.00
  data arrival time                                                 -0.49
  --------------------------------------------------------------------------
  slack (MET)                                                        0.49


  Startpoint: u_central_data_memory/memory_reg[7][9]
              (rising edge-triggered flip-flop clocked by SYSTEM_CLK)
  Endpoint: u_central_data_memory/memory_reg[7][9]
            (rising edge-triggered flip-flop clocked by SYSTEM_CLK)
  Path Group: SYSTEM_CLK
  Path Type: min

  Point                                                   Incr       Path
  --------------------------------------------------------------------------
  clock SYSTEM_CLK (rise edge)                            0.00       0.00
  clock network delay (ideal)                             0.00       0.00
  u_central_data_memory/memory_reg[7][9]/CK (DFFQX2M)     0.00 #     0.00 r
  u_central_data_memory/memory_reg[7][9]/Q (DFFQX2M)      0.34       0.34 r
  u_central_data_memory/U11597/Y (OAI2BB2X1M)             0.15       0.49 r
  u_central_data_memory/memory_reg[7][9]/D (DFFQX2M)      0.00       0.49 r
  data arrival time                                                  0.49

  clock SYSTEM_CLK (rise edge)                            0.00       0.00
  clock network delay (ideal)                             0.00       0.00
  clock uncertainty                                       0.05       0.05
  u_central_data_memory/memory_reg[7][9]/CK (DFFQX2M)     0.00       0.05 r
  library hold time                                      -0.05       0.00
  data required time                                                 0.00
  --------------------------------------------------------------------------
  data required time                                                 0.00
  data arrival time                                                 -0.49
  --------------------------------------------------------------------------
  slack (MET)                                                        0.49


  Startpoint: u_central_data_memory/memory_reg[7][8]
              (rising edge-triggered flip-flop clocked by SYSTEM_CLK)
  Endpoint: u_central_data_memory/memory_reg[7][8]
            (rising edge-triggered flip-flop clocked by SYSTEM_CLK)
  Path Group: SYSTEM_CLK
  Path Type: min

  Point                                                   Incr       Path
  --------------------------------------------------------------------------
  clock SYSTEM_CLK (rise edge)                            0.00       0.00
  clock network delay (ideal)                             0.00       0.00
  u_central_data_memory/memory_reg[7][8]/CK (DFFQX2M)     0.00 #     0.00 r
  u_central_data_memory/memory_reg[7][8]/Q (DFFQX2M)      0.34       0.34 r
  u_central_data_memory/U11596/Y (OAI2BB2X1M)             0.15       0.49 r
  u_central_data_memory/memory_reg[7][8]/D (DFFQX2M)      0.00       0.49 r
  data arrival time                                                  0.49

  clock SYSTEM_CLK (rise edge)                            0.00       0.00
  clock network delay (ideal)                             0.00       0.00
  clock uncertainty                                       0.05       0.05
  u_central_data_memory/memory_reg[7][8]/CK (DFFQX2M)     0.00       0.05 r
  library hold time                                      -0.05       0.00
  data required time                                                 0.00
  --------------------------------------------------------------------------
  data required time                                                 0.00
  data arrival time                                                 -0.49
  --------------------------------------------------------------------------
  slack (MET)                                                        0.49


  Startpoint: u_central_data_memory/memory_reg[7][7]
              (rising edge-triggered flip-flop clocked by SYSTEM_CLK)
  Endpoint: u_central_data_memory/memory_reg[7][7]
            (rising edge-triggered flip-flop clocked by SYSTEM_CLK)
  Path Group: SYSTEM_CLK
  Path Type: min

  Point                                                   Incr       Path
  --------------------------------------------------------------------------
  clock SYSTEM_CLK (rise edge)                            0.00       0.00
  clock network delay (ideal)                             0.00       0.00
  u_central_data_memory/memory_reg[7][7]/CK (DFFQX2M)     0.00 #     0.00 r
  u_central_data_memory/memory_reg[7][7]/Q (DFFQX2M)      0.34       0.34 r
  u_central_data_memory/U11595/Y (OAI2BB2X1M)             0.15       0.49 r
  u_central_data_memory/memory_reg[7][7]/D (DFFQX2M)      0.00       0.49 r
  data arrival time                                                  0.49

  clock SYSTEM_CLK (rise edge)                            0.00       0.00
  clock network delay (ideal)                             0.00       0.00
  clock uncertainty                                       0.05       0.05
  u_central_data_memory/memory_reg[7][7]/CK (DFFQX2M)     0.00       0.05 r
  library hold time                                      -0.05       0.00
  data required time                                                 0.00
  --------------------------------------------------------------------------
  data required time                                                 0.00
  data arrival time                                                 -0.49
  --------------------------------------------------------------------------
  slack (MET)                                                        0.49


  Startpoint: u_central_data_memory/memory_reg[7][6]
              (rising edge-triggered flip-flop clocked by SYSTEM_CLK)
  Endpoint: u_central_data_memory/memory_reg[7][6]
            (rising edge-triggered flip-flop clocked by SYSTEM_CLK)
  Path Group: SYSTEM_CLK
  Path Type: min

  Point                                                   Incr       Path
  --------------------------------------------------------------------------
  clock SYSTEM_CLK (rise edge)                            0.00       0.00
  clock network delay (ideal)                             0.00       0.00
  u_central_data_memory/memory_reg[7][6]/CK (DFFQX2M)     0.00 #     0.00 r
  u_central_data_memory/memory_reg[7][6]/Q (DFFQX2M)      0.34       0.34 r
  u_central_data_memory/U11594/Y (OAI2BB2X1M)             0.15       0.49 r
  u_central_data_memory/memory_reg[7][6]/D (DFFQX2M)      0.00       0.49 r
  data arrival time                                                  0.49

  clock SYSTEM_CLK (rise edge)                            0.00       0.00
  clock network delay (ideal)                             0.00       0.00
  clock uncertainty                                       0.05       0.05
  u_central_data_memory/memory_reg[7][6]/CK (DFFQX2M)     0.00       0.05 r
  library hold time                                      -0.05       0.00
  data required time                                                 0.00
  --------------------------------------------------------------------------
  data required time                                                 0.00
  data arrival time                                                 -0.49
  --------------------------------------------------------------------------
  slack (MET)                                                        0.49


  Startpoint: u_central_data_memory/memory_reg[7][5]
              (rising edge-triggered flip-flop clocked by SYSTEM_CLK)
  Endpoint: u_central_data_memory/memory_reg[7][5]
            (rising edge-triggered flip-flop clocked by SYSTEM_CLK)
  Path Group: SYSTEM_CLK
  Path Type: min

  Point                                                   Incr       Path
  --------------------------------------------------------------------------
  clock SYSTEM_CLK (rise edge)                            0.00       0.00
  clock network delay (ideal)                             0.00       0.00
  u_central_data_memory/memory_reg[7][5]/CK (DFFQX2M)     0.00 #     0.00 r
  u_central_data_memory/memory_reg[7][5]/Q (DFFQX2M)      0.34       0.34 r
  u_central_data_memory/U11593/Y (OAI2BB2X1M)             0.15       0.49 r
  u_central_data_memory/memory_reg[7][5]/D (DFFQX2M)      0.00       0.49 r
  data arrival time                                                  0.49

  clock SYSTEM_CLK (rise edge)                            0.00       0.00
  clock network delay (ideal)                             0.00       0.00
  clock uncertainty                                       0.05       0.05
  u_central_data_memory/memory_reg[7][5]/CK (DFFQX2M)     0.00       0.05 r
  library hold time                                      -0.05       0.00
  data required time                                                 0.00
  --------------------------------------------------------------------------
  data required time                                                 0.00
  data arrival time                                                 -0.49
  --------------------------------------------------------------------------
  slack (MET)                                                        0.49


  Startpoint: u_central_data_memory/memory_reg[7][4]
              (rising edge-triggered flip-flop clocked by SYSTEM_CLK)
  Endpoint: u_central_data_memory/memory_reg[7][4]
            (rising edge-triggered flip-flop clocked by SYSTEM_CLK)
  Path Group: SYSTEM_CLK
  Path Type: min

  Point                                                   Incr       Path
  --------------------------------------------------------------------------
  clock SYSTEM_CLK (rise edge)                            0.00       0.00
  clock network delay (ideal)                             0.00       0.00
  u_central_data_memory/memory_reg[7][4]/CK (DFFQX2M)     0.00 #     0.00 r
  u_central_data_memory/memory_reg[7][4]/Q (DFFQX2M)      0.34       0.34 r
  u_central_data_memory/U11592/Y (OAI2BB2X1M)             0.15       0.49 r
  u_central_data_memory/memory_reg[7][4]/D (DFFQX2M)      0.00       0.49 r
  data arrival time                                                  0.49

  clock SYSTEM_CLK (rise edge)                            0.00       0.00
  clock network delay (ideal)                             0.00       0.00
  clock uncertainty                                       0.05       0.05
  u_central_data_memory/memory_reg[7][4]/CK (DFFQX2M)     0.00       0.05 r
  library hold time                                      -0.05       0.00
  data required time                                                 0.00
  --------------------------------------------------------------------------
  data required time                                                 0.00
  data arrival time                                                 -0.49
  --------------------------------------------------------------------------
  slack (MET)                                                        0.49


  Startpoint: u_central_data_memory/memory_reg[7][3]
              (rising edge-triggered flip-flop clocked by SYSTEM_CLK)
  Endpoint: u_central_data_memory/memory_reg[7][3]
            (rising edge-triggered flip-flop clocked by SYSTEM_CLK)
  Path Group: SYSTEM_CLK
  Path Type: min

  Point                                                   Incr       Path
  --------------------------------------------------------------------------
  clock SYSTEM_CLK (rise edge)                            0.00       0.00
  clock network delay (ideal)                             0.00       0.00
  u_central_data_memory/memory_reg[7][3]/CK (DFFQX2M)     0.00 #     0.00 r
  u_central_data_memory/memory_reg[7][3]/Q (DFFQX2M)      0.34       0.34 r
  u_central_data_memory/U11591/Y (OAI2BB2X1M)             0.15       0.49 r
  u_central_data_memory/memory_reg[7][3]/D (DFFQX2M)      0.00       0.49 r
  data arrival time                                                  0.49

  clock SYSTEM_CLK (rise edge)                            0.00       0.00
  clock network delay (ideal)                             0.00       0.00
  clock uncertainty                                       0.05       0.05
  u_central_data_memory/memory_reg[7][3]/CK (DFFQX2M)     0.00       0.05 r
  library hold time                                      -0.05       0.00
  data required time                                                 0.00
  --------------------------------------------------------------------------
  data required time                                                 0.00
  data arrival time                                                 -0.49
  --------------------------------------------------------------------------
  slack (MET)                                                        0.49


  Startpoint: u_central_data_memory/memory_reg[7][2]
              (rising edge-triggered flip-flop clocked by SYSTEM_CLK)
  Endpoint: u_central_data_memory/memory_reg[7][2]
            (rising edge-triggered flip-flop clocked by SYSTEM_CLK)
  Path Group: SYSTEM_CLK
  Path Type: min

  Point                                                   Incr       Path
  --------------------------------------------------------------------------
  clock SYSTEM_CLK (rise edge)                            0.00       0.00
  clock network delay (ideal)                             0.00       0.00
  u_central_data_memory/memory_reg[7][2]/CK (DFFQX2M)     0.00 #     0.00 r
  u_central_data_memory/memory_reg[7][2]/Q (DFFQX2M)      0.34       0.34 r
  u_central_data_memory/U11590/Y (OAI2BB2X1M)             0.15       0.49 r
  u_central_data_memory/memory_reg[7][2]/D (DFFQX2M)      0.00       0.49 r
  data arrival time                                                  0.49

  clock SYSTEM_CLK (rise edge)                            0.00       0.00
  clock network delay (ideal)                             0.00       0.00
  clock uncertainty                                       0.05       0.05
  u_central_data_memory/memory_reg[7][2]/CK (DFFQX2M)     0.00       0.05 r
  library hold time                                      -0.05       0.00
  data required time                                                 0.00
  --------------------------------------------------------------------------
  data required time                                                 0.00
  data arrival time                                                 -0.49
  --------------------------------------------------------------------------
  slack (MET)                                                        0.49


  Startpoint: u_central_data_memory/memory_reg[7][1]
              (rising edge-triggered flip-flop clocked by SYSTEM_CLK)
  Endpoint: u_central_data_memory/memory_reg[7][1]
            (rising edge-triggered flip-flop clocked by SYSTEM_CLK)
  Path Group: SYSTEM_CLK
  Path Type: min

  Point                                                   Incr       Path
  --------------------------------------------------------------------------
  clock SYSTEM_CLK (rise edge)                            0.00       0.00
  clock network delay (ideal)                             0.00       0.00
  u_central_data_memory/memory_reg[7][1]/CK (DFFQX2M)     0.00 #     0.00 r
  u_central_data_memory/memory_reg[7][1]/Q (DFFQX2M)      0.34       0.34 r
  u_central_data_memory/U11589/Y (OAI2BB2X1M)             0.15       0.49 r
  u_central_data_memory/memory_reg[7][1]/D (DFFQX2M)      0.00       0.49 r
  data arrival time                                                  0.49

  clock SYSTEM_CLK (rise edge)                            0.00       0.00
  clock network delay (ideal)                             0.00       0.00
  clock uncertainty                                       0.05       0.05
  u_central_data_memory/memory_reg[7][1]/CK (DFFQX2M)     0.00       0.05 r
  library hold time                                      -0.05       0.00
  data required time                                                 0.00
  --------------------------------------------------------------------------
  data required time                                                 0.00
  data arrival time                                                 -0.49
  --------------------------------------------------------------------------
  slack (MET)                                                        0.49


  Startpoint: u_central_data_memory/memory_reg[1][16]
              (rising edge-triggered flip-flop clocked by SYSTEM_CLK)
  Endpoint: u_central_data_memory/memory_reg[1][16]
            (rising edge-triggered flip-flop clocked by SYSTEM_CLK)
  Path Group: SYSTEM_CLK
  Path Type: min

  Point                                                   Incr       Path
  --------------------------------------------------------------------------
  clock SYSTEM_CLK (rise edge)                            0.00       0.00
  clock network delay (ideal)                             0.00       0.00
  u_central_data_memory/memory_reg[1][16]/CK (DFFQX2M)
                                                          0.00 #     0.00 r
  u_central_data_memory/memory_reg[1][16]/Q (DFFQX2M)     0.34       0.34 r
  u_central_data_memory/U3016/Y (OAI2BB2X1M)              0.15       0.49 r
  u_central_data_memory/memory_reg[1][16]/D (DFFQX2M)     0.00       0.49 r
  data arrival time                                                  0.49

  clock SYSTEM_CLK (rise edge)                            0.00       0.00
  clock network delay (ideal)                             0.00       0.00
  clock uncertainty                                       0.05       0.05
  u_central_data_memory/memory_reg[1][16]/CK (DFFQX2M)
                                                          0.00       0.05 r
  library hold time                                      -0.05       0.00
  data required time                                                 0.00
  --------------------------------------------------------------------------
  data required time                                                 0.00
  data arrival time                                                 -0.49
  --------------------------------------------------------------------------
  slack (MET)                                                        0.49


  Startpoint: u_central_data_memory/memory_reg[3][16]
              (rising edge-triggered flip-flop clocked by SYSTEM_CLK)
  Endpoint: u_central_data_memory/memory_reg[3][16]
            (rising edge-triggered flip-flop clocked by SYSTEM_CLK)
  Path Group: SYSTEM_CLK
  Path Type: min

  Point                                                   Incr       Path
  --------------------------------------------------------------------------
  clock SYSTEM_CLK (rise edge)                            0.00       0.00
  clock network delay (ideal)                             0.00       0.00
  u_central_data_memory/memory_reg[3][16]/CK (DFFQX2M)
                                                          0.00 #     0.00 r
  u_central_data_memory/memory_reg[3][16]/Q (DFFQX2M)     0.34       0.34 r
  u_central_data_memory/U3014/Y (OAI2BB2X1M)              0.15       0.49 r
  u_central_data_memory/memory_reg[3][16]/D (DFFQX2M)     0.00       0.49 r
  data arrival time                                                  0.49

  clock SYSTEM_CLK (rise edge)                            0.00       0.00
  clock network delay (ideal)                             0.00       0.00
  clock uncertainty                                       0.05       0.05
  u_central_data_memory/memory_reg[3][16]/CK (DFFQX2M)
                                                          0.00       0.05 r
  library hold time                                      -0.05       0.00
  data required time                                                 0.00
  --------------------------------------------------------------------------
  data required time                                                 0.00
  data arrival time                                                 -0.49
  --------------------------------------------------------------------------
  slack (MET)                                                        0.49


  Startpoint: u_central_data_memory/memory_reg[3][15]
              (rising edge-triggered flip-flop clocked by SYSTEM_CLK)
  Endpoint: u_central_data_memory/memory_reg[3][15]
            (rising edge-triggered flip-flop clocked by SYSTEM_CLK)
  Path Group: SYSTEM_CLK
  Path Type: min

  Point                                                   Incr       Path
  --------------------------------------------------------------------------
  clock SYSTEM_CLK (rise edge)                            0.00       0.00
  clock network delay (ideal)                             0.00       0.00
  u_central_data_memory/memory_reg[3][15]/CK (DFFQX2M)
                                                          0.00 #     0.00 r
  u_central_data_memory/memory_reg[3][15]/Q (DFFQX2M)     0.34       0.34 r
  u_central_data_memory/U11667/Y (OAI2BB2X1M)             0.15       0.49 r
  u_central_data_memory/memory_reg[3][15]/D (DFFQX2M)     0.00       0.49 r
  data arrival time                                                  0.49

  clock SYSTEM_CLK (rise edge)                            0.00       0.00
  clock network delay (ideal)                             0.00       0.00
  clock uncertainty                                       0.05       0.05
  u_central_data_memory/memory_reg[3][15]/CK (DFFQX2M)
                                                          0.00       0.05 r
  library hold time                                      -0.05       0.00
  data required time                                                 0.00
  --------------------------------------------------------------------------
  data required time                                                 0.00
  data arrival time                                                 -0.49
  --------------------------------------------------------------------------
  slack (MET)                                                        0.49


  Startpoint: u_central_data_memory/memory_reg[3][14]
              (rising edge-triggered flip-flop clocked by SYSTEM_CLK)
  Endpoint: u_central_data_memory/memory_reg[3][14]
            (rising edge-triggered flip-flop clocked by SYSTEM_CLK)
  Path Group: SYSTEM_CLK
  Path Type: min

  Point                                                   Incr       Path
  --------------------------------------------------------------------------
  clock SYSTEM_CLK (rise edge)                            0.00       0.00
  clock network delay (ideal)                             0.00       0.00
  u_central_data_memory/memory_reg[3][14]/CK (DFFQX2M)
                                                          0.00 #     0.00 r
  u_central_data_memory/memory_reg[3][14]/Q (DFFQX2M)     0.34       0.34 r
  u_central_data_memory/U11666/Y (OAI2BB2X1M)             0.15       0.49 r
  u_central_data_memory/memory_reg[3][14]/D (DFFQX2M)     0.00       0.49 r
  data arrival time                                                  0.49

  clock SYSTEM_CLK (rise edge)                            0.00       0.00
  clock network delay (ideal)                             0.00       0.00
  clock uncertainty                                       0.05       0.05
  u_central_data_memory/memory_reg[3][14]/CK (DFFQX2M)
                                                          0.00       0.05 r
  library hold time                                      -0.05       0.00
  data required time                                                 0.00
  --------------------------------------------------------------------------
  data required time                                                 0.00
  data arrival time                                                 -0.49
  --------------------------------------------------------------------------
  slack (MET)                                                        0.49


  Startpoint: u_central_data_memory/memory_reg[3][13]
              (rising edge-triggered flip-flop clocked by SYSTEM_CLK)
  Endpoint: u_central_data_memory/memory_reg[3][13]
            (rising edge-triggered flip-flop clocked by SYSTEM_CLK)
  Path Group: SYSTEM_CLK
  Path Type: min

  Point                                                   Incr       Path
  --------------------------------------------------------------------------
  clock SYSTEM_CLK (rise edge)                            0.00       0.00
  clock network delay (ideal)                             0.00       0.00
  u_central_data_memory/memory_reg[3][13]/CK (DFFQX2M)
                                                          0.00 #     0.00 r
  u_central_data_memory/memory_reg[3][13]/Q (DFFQX2M)     0.34       0.34 r
  u_central_data_memory/U11665/Y (OAI2BB2X1M)             0.15       0.49 r
  u_central_data_memory/memory_reg[3][13]/D (DFFQX2M)     0.00       0.49 r
  data arrival time                                                  0.49

  clock SYSTEM_CLK (rise edge)                            0.00       0.00
  clock network delay (ideal)                             0.00       0.00
  clock uncertainty                                       0.05       0.05
  u_central_data_memory/memory_reg[3][13]/CK (DFFQX2M)
                                                          0.00       0.05 r
  library hold time                                      -0.05       0.00
  data required time                                                 0.00
  --------------------------------------------------------------------------
  data required time                                                 0.00
  data arrival time                                                 -0.49
  --------------------------------------------------------------------------
  slack (MET)                                                        0.49


  Startpoint: u_central_data_memory/memory_reg[3][12]
              (rising edge-triggered flip-flop clocked by SYSTEM_CLK)
  Endpoint: u_central_data_memory/memory_reg[3][12]
            (rising edge-triggered flip-flop clocked by SYSTEM_CLK)
  Path Group: SYSTEM_CLK
  Path Type: min

  Point                                                   Incr       Path
  --------------------------------------------------------------------------
  clock SYSTEM_CLK (rise edge)                            0.00       0.00
  clock network delay (ideal)                             0.00       0.00
  u_central_data_memory/memory_reg[3][12]/CK (DFFQX2M)
                                                          0.00 #     0.00 r
  u_central_data_memory/memory_reg[3][12]/Q (DFFQX2M)     0.34       0.34 r
  u_central_data_memory/U11664/Y (OAI2BB2X1M)             0.15       0.49 r
  u_central_data_memory/memory_reg[3][12]/D (DFFQX2M)     0.00       0.49 r
  data arrival time                                                  0.49

  clock SYSTEM_CLK (rise edge)                            0.00       0.00
  clock network delay (ideal)                             0.00       0.00
  clock uncertainty                                       0.05       0.05
  u_central_data_memory/memory_reg[3][12]/CK (DFFQX2M)
                                                          0.00       0.05 r
  library hold time                                      -0.05       0.00
  data required time                                                 0.00
  --------------------------------------------------------------------------
  data required time                                                 0.00
  data arrival time                                                 -0.49
  --------------------------------------------------------------------------
  slack (MET)                                                        0.49


  Startpoint: u_central_data_memory/memory_reg[3][11]
              (rising edge-triggered flip-flop clocked by SYSTEM_CLK)
  Endpoint: u_central_data_memory/memory_reg[3][11]
            (rising edge-triggered flip-flop clocked by SYSTEM_CLK)
  Path Group: SYSTEM_CLK
  Path Type: min

  Point                                                   Incr       Path
  --------------------------------------------------------------------------
  clock SYSTEM_CLK (rise edge)                            0.00       0.00
  clock network delay (ideal)                             0.00       0.00
  u_central_data_memory/memory_reg[3][11]/CK (DFFQX2M)
                                                          0.00 #     0.00 r
  u_central_data_memory/memory_reg[3][11]/Q (DFFQX2M)     0.34       0.34 r
  u_central_data_memory/U11663/Y (OAI2BB2X1M)             0.15       0.49 r
  u_central_data_memory/memory_reg[3][11]/D (DFFQX2M)     0.00       0.49 r
  data arrival time                                                  0.49

  clock SYSTEM_CLK (rise edge)                            0.00       0.00
  clock network delay (ideal)                             0.00       0.00
  clock uncertainty                                       0.05       0.05
  u_central_data_memory/memory_reg[3][11]/CK (DFFQX2M)
                                                          0.00       0.05 r
  library hold time                                      -0.05       0.00
  data required time                                                 0.00
  --------------------------------------------------------------------------
  data required time                                                 0.00
  data arrival time                                                 -0.49
  --------------------------------------------------------------------------
  slack (MET)                                                        0.49


  Startpoint: u_central_data_memory/memory_reg[3][10]
              (rising edge-triggered flip-flop clocked by SYSTEM_CLK)
  Endpoint: u_central_data_memory/memory_reg[3][10]
            (rising edge-triggered flip-flop clocked by SYSTEM_CLK)
  Path Group: SYSTEM_CLK
  Path Type: min

  Point                                                   Incr       Path
  --------------------------------------------------------------------------
  clock SYSTEM_CLK (rise edge)                            0.00       0.00
  clock network delay (ideal)                             0.00       0.00
  u_central_data_memory/memory_reg[3][10]/CK (DFFQX2M)
                                                          0.00 #     0.00 r
  u_central_data_memory/memory_reg[3][10]/Q (DFFQX2M)     0.34       0.34 r
  u_central_data_memory/U11662/Y (OAI2BB2X1M)             0.15       0.49 r
  u_central_data_memory/memory_reg[3][10]/D (DFFQX2M)     0.00       0.49 r
  data arrival time                                                  0.49

  clock SYSTEM_CLK (rise edge)                            0.00       0.00
  clock network delay (ideal)                             0.00       0.00
  clock uncertainty                                       0.05       0.05
  u_central_data_memory/memory_reg[3][10]/CK (DFFQX2M)
                                                          0.00       0.05 r
  library hold time                                      -0.05       0.00
  data required time                                                 0.00
  --------------------------------------------------------------------------
  data required time                                                 0.00
  data arrival time                                                 -0.49
  --------------------------------------------------------------------------
  slack (MET)                                                        0.49


  Startpoint: u_central_data_memory/memory_reg[3][9]
              (rising edge-triggered flip-flop clocked by SYSTEM_CLK)
  Endpoint: u_central_data_memory/memory_reg[3][9]
            (rising edge-triggered flip-flop clocked by SYSTEM_CLK)
  Path Group: SYSTEM_CLK
  Path Type: min

  Point                                                   Incr       Path
  --------------------------------------------------------------------------
  clock SYSTEM_CLK (rise edge)                            0.00       0.00
  clock network delay (ideal)                             0.00       0.00
  u_central_data_memory/memory_reg[3][9]/CK (DFFQX2M)     0.00 #     0.00 r
  u_central_data_memory/memory_reg[3][9]/Q (DFFQX2M)      0.34       0.34 r
  u_central_data_memory/U11661/Y (OAI2BB2X1M)             0.15       0.49 r
  u_central_data_memory/memory_reg[3][9]/D (DFFQX2M)      0.00       0.49 r
  data arrival time                                                  0.49

  clock SYSTEM_CLK (rise edge)                            0.00       0.00
  clock network delay (ideal)                             0.00       0.00
  clock uncertainty                                       0.05       0.05
  u_central_data_memory/memory_reg[3][9]/CK (DFFQX2M)     0.00       0.05 r
  library hold time                                      -0.05       0.00
  data required time                                                 0.00
  --------------------------------------------------------------------------
  data required time                                                 0.00
  data arrival time                                                 -0.49
  --------------------------------------------------------------------------
  slack (MET)                                                        0.49


  Startpoint: u_central_data_memory/memory_reg[3][8]
              (rising edge-triggered flip-flop clocked by SYSTEM_CLK)
  Endpoint: u_central_data_memory/memory_reg[3][8]
            (rising edge-triggered flip-flop clocked by SYSTEM_CLK)
  Path Group: SYSTEM_CLK
  Path Type: min

  Point                                                   Incr       Path
  --------------------------------------------------------------------------
  clock SYSTEM_CLK (rise edge)                            0.00       0.00
  clock network delay (ideal)                             0.00       0.00
  u_central_data_memory/memory_reg[3][8]/CK (DFFQX2M)     0.00 #     0.00 r
  u_central_data_memory/memory_reg[3][8]/Q (DFFQX2M)      0.34       0.34 r
  u_central_data_memory/U11660/Y (OAI2BB2X1M)             0.15       0.49 r
  u_central_data_memory/memory_reg[3][8]/D (DFFQX2M)      0.00       0.49 r
  data arrival time                                                  0.49

  clock SYSTEM_CLK (rise edge)                            0.00       0.00
  clock network delay (ideal)                             0.00       0.00
  clock uncertainty                                       0.05       0.05
  u_central_data_memory/memory_reg[3][8]/CK (DFFQX2M)     0.00       0.05 r
  library hold time                                      -0.05       0.00
  data required time                                                 0.00
  --------------------------------------------------------------------------
  data required time                                                 0.00
  data arrival time                                                 -0.49
  --------------------------------------------------------------------------
  slack (MET)                                                        0.49


  Startpoint: u_central_data_memory/memory_reg[3][7]
              (rising edge-triggered flip-flop clocked by SYSTEM_CLK)
  Endpoint: u_central_data_memory/memory_reg[3][7]
            (rising edge-triggered flip-flop clocked by SYSTEM_CLK)
  Path Group: SYSTEM_CLK
  Path Type: min

  Point                                                   Incr       Path
  --------------------------------------------------------------------------
  clock SYSTEM_CLK (rise edge)                            0.00       0.00
  clock network delay (ideal)                             0.00       0.00
  u_central_data_memory/memory_reg[3][7]/CK (DFFQX2M)     0.00 #     0.00 r
  u_central_data_memory/memory_reg[3][7]/Q (DFFQX2M)      0.34       0.34 r
  u_central_data_memory/U11659/Y (OAI2BB2X1M)             0.15       0.49 r
  u_central_data_memory/memory_reg[3][7]/D (DFFQX2M)      0.00       0.49 r
  data arrival time                                                  0.49

  clock SYSTEM_CLK (rise edge)                            0.00       0.00
  clock network delay (ideal)                             0.00       0.00
  clock uncertainty                                       0.05       0.05
  u_central_data_memory/memory_reg[3][7]/CK (DFFQX2M)     0.00       0.05 r
  library hold time                                      -0.05       0.00
  data required time                                                 0.00
  --------------------------------------------------------------------------
  data required time                                                 0.00
  data arrival time                                                 -0.49
  --------------------------------------------------------------------------
  slack (MET)                                                        0.49


  Startpoint: u_central_data_memory/memory_reg[3][6]
              (rising edge-triggered flip-flop clocked by SYSTEM_CLK)
  Endpoint: u_central_data_memory/memory_reg[3][6]
            (rising edge-triggered flip-flop clocked by SYSTEM_CLK)
  Path Group: SYSTEM_CLK
  Path Type: min

  Point                                                   Incr       Path
  --------------------------------------------------------------------------
  clock SYSTEM_CLK (rise edge)                            0.00       0.00
  clock network delay (ideal)                             0.00       0.00
  u_central_data_memory/memory_reg[3][6]/CK (DFFQX2M)     0.00 #     0.00 r
  u_central_data_memory/memory_reg[3][6]/Q (DFFQX2M)      0.34       0.34 r
  u_central_data_memory/U11658/Y (OAI2BB2X1M)             0.15       0.49 r
  u_central_data_memory/memory_reg[3][6]/D (DFFQX2M)      0.00       0.49 r
  data arrival time                                                  0.49

  clock SYSTEM_CLK (rise edge)                            0.00       0.00
  clock network delay (ideal)                             0.00       0.00
  clock uncertainty                                       0.05       0.05
  u_central_data_memory/memory_reg[3][6]/CK (DFFQX2M)     0.00       0.05 r
  library hold time                                      -0.05       0.00
  data required time                                                 0.00
  --------------------------------------------------------------------------
  data required time                                                 0.00
  data arrival time                                                 -0.49
  --------------------------------------------------------------------------
  slack (MET)                                                        0.49


  Startpoint: u_central_data_memory/memory_reg[3][5]
              (rising edge-triggered flip-flop clocked by SYSTEM_CLK)
  Endpoint: u_central_data_memory/memory_reg[3][5]
            (rising edge-triggered flip-flop clocked by SYSTEM_CLK)
  Path Group: SYSTEM_CLK
  Path Type: min

  Point                                                   Incr       Path
  --------------------------------------------------------------------------
  clock SYSTEM_CLK (rise edge)                            0.00       0.00
  clock network delay (ideal)                             0.00       0.00
  u_central_data_memory/memory_reg[3][5]/CK (DFFQX2M)     0.00 #     0.00 r
  u_central_data_memory/memory_reg[3][5]/Q (DFFQX2M)      0.34       0.34 r
  u_central_data_memory/U11657/Y (OAI2BB2X1M)             0.15       0.49 r
  u_central_data_memory/memory_reg[3][5]/D (DFFQX2M)      0.00       0.49 r
  data arrival time                                                  0.49

  clock SYSTEM_CLK (rise edge)                            0.00       0.00
  clock network delay (ideal)                             0.00       0.00
  clock uncertainty                                       0.05       0.05
  u_central_data_memory/memory_reg[3][5]/CK (DFFQX2M)     0.00       0.05 r
  library hold time                                      -0.05       0.00
  data required time                                                 0.00
  --------------------------------------------------------------------------
  data required time                                                 0.00
  data arrival time                                                 -0.49
  --------------------------------------------------------------------------
  slack (MET)                                                        0.49


  Startpoint: u_central_data_memory/memory_reg[3][4]
              (rising edge-triggered flip-flop clocked by SYSTEM_CLK)
  Endpoint: u_central_data_memory/memory_reg[3][4]
            (rising edge-triggered flip-flop clocked by SYSTEM_CLK)
  Path Group: SYSTEM_CLK
  Path Type: min

  Point                                                   Incr       Path
  --------------------------------------------------------------------------
  clock SYSTEM_CLK (rise edge)                            0.00       0.00
  clock network delay (ideal)                             0.00       0.00
  u_central_data_memory/memory_reg[3][4]/CK (DFFQX2M)     0.00 #     0.00 r
  u_central_data_memory/memory_reg[3][4]/Q (DFFQX2M)      0.34       0.34 r
  u_central_data_memory/U11656/Y (OAI2BB2X1M)             0.15       0.49 r
  u_central_data_memory/memory_reg[3][4]/D (DFFQX2M)      0.00       0.49 r
  data arrival time                                                  0.49

  clock SYSTEM_CLK (rise edge)                            0.00       0.00
  clock network delay (ideal)                             0.00       0.00
  clock uncertainty                                       0.05       0.05
  u_central_data_memory/memory_reg[3][4]/CK (DFFQX2M)     0.00       0.05 r
  library hold time                                      -0.05       0.00
  data required time                                                 0.00
  --------------------------------------------------------------------------
  data required time                                                 0.00
  data arrival time                                                 -0.49
  --------------------------------------------------------------------------
  slack (MET)                                                        0.49


  Startpoint: u_central_data_memory/memory_reg[3][3]
              (rising edge-triggered flip-flop clocked by SYSTEM_CLK)
  Endpoint: u_central_data_memory/memory_reg[3][3]
            (rising edge-triggered flip-flop clocked by SYSTEM_CLK)
  Path Group: SYSTEM_CLK
  Path Type: min

  Point                                                   Incr       Path
  --------------------------------------------------------------------------
  clock SYSTEM_CLK (rise edge)                            0.00       0.00
  clock network delay (ideal)                             0.00       0.00
  u_central_data_memory/memory_reg[3][3]/CK (DFFQX2M)     0.00 #     0.00 r
  u_central_data_memory/memory_reg[3][3]/Q (DFFQX2M)      0.34       0.34 r
  u_central_data_memory/U11655/Y (OAI2BB2X1M)             0.15       0.49 r
  u_central_data_memory/memory_reg[3][3]/D (DFFQX2M)      0.00       0.49 r
  data arrival time                                                  0.49

  clock SYSTEM_CLK (rise edge)                            0.00       0.00
  clock network delay (ideal)                             0.00       0.00
  clock uncertainty                                       0.05       0.05
  u_central_data_memory/memory_reg[3][3]/CK (DFFQX2M)     0.00       0.05 r
  library hold time                                      -0.05       0.00
  data required time                                                 0.00
  --------------------------------------------------------------------------
  data required time                                                 0.00
  data arrival time                                                 -0.49
  --------------------------------------------------------------------------
  slack (MET)                                                        0.49


  Startpoint: u_central_data_memory/memory_reg[3][2]
              (rising edge-triggered flip-flop clocked by SYSTEM_CLK)
  Endpoint: u_central_data_memory/memory_reg[3][2]
            (rising edge-triggered flip-flop clocked by SYSTEM_CLK)
  Path Group: SYSTEM_CLK
  Path Type: min

  Point                                                   Incr       Path
  --------------------------------------------------------------------------
  clock SYSTEM_CLK (rise edge)                            0.00       0.00
  clock network delay (ideal)                             0.00       0.00
  u_central_data_memory/memory_reg[3][2]/CK (DFFQX2M)     0.00 #     0.00 r
  u_central_data_memory/memory_reg[3][2]/Q (DFFQX2M)      0.34       0.34 r
  u_central_data_memory/U11654/Y (OAI2BB2X1M)             0.15       0.49 r
  u_central_data_memory/memory_reg[3][2]/D (DFFQX2M)      0.00       0.49 r
  data arrival time                                                  0.49

  clock SYSTEM_CLK (rise edge)                            0.00       0.00
  clock network delay (ideal)                             0.00       0.00
  clock uncertainty                                       0.05       0.05
  u_central_data_memory/memory_reg[3][2]/CK (DFFQX2M)     0.00       0.05 r
  library hold time                                      -0.05       0.00
  data required time                                                 0.00
  --------------------------------------------------------------------------
  data required time                                                 0.00
  data arrival time                                                 -0.49
  --------------------------------------------------------------------------
  slack (MET)                                                        0.49


  Startpoint: u_central_data_memory/memory_reg[3][1]
              (rising edge-triggered flip-flop clocked by SYSTEM_CLK)
  Endpoint: u_central_data_memory/memory_reg[3][1]
            (rising edge-triggered flip-flop clocked by SYSTEM_CLK)
  Path Group: SYSTEM_CLK
  Path Type: min

  Point                                                   Incr       Path
  --------------------------------------------------------------------------
  clock SYSTEM_CLK (rise edge)                            0.00       0.00
  clock network delay (ideal)                             0.00       0.00
  u_central_data_memory/memory_reg[3][1]/CK (DFFQX2M)     0.00 #     0.00 r
  u_central_data_memory/memory_reg[3][1]/Q (DFFQX2M)      0.34       0.34 r
  u_central_data_memory/U11653/Y (OAI2BB2X1M)             0.15       0.49 r
  u_central_data_memory/memory_reg[3][1]/D (DFFQX2M)      0.00       0.49 r
  data arrival time                                                  0.49

  clock SYSTEM_CLK (rise edge)                            0.00       0.00
  clock network delay (ideal)                             0.00       0.00
  clock uncertainty                                       0.05       0.05
  u_central_data_memory/memory_reg[3][1]/CK (DFFQX2M)     0.00       0.05 r
  library hold time                                      -0.05       0.00
  data required time                                                 0.00
  --------------------------------------------------------------------------
  data required time                                                 0.00
  data arrival time                                                 -0.49
  --------------------------------------------------------------------------
  slack (MET)                                                        0.49


  Startpoint: u_central_data_memory/memory_reg[3][0]
              (rising edge-triggered flip-flop clocked by SYSTEM_CLK)
  Endpoint: u_central_data_memory/memory_reg[3][0]
            (rising edge-triggered flip-flop clocked by SYSTEM_CLK)
  Path Group: SYSTEM_CLK
  Path Type: min

  Point                                                   Incr       Path
  --------------------------------------------------------------------------
  clock SYSTEM_CLK (rise edge)                            0.00       0.00
  clock network delay (ideal)                             0.00       0.00
  u_central_data_memory/memory_reg[3][0]/CK (DFFQX2M)     0.00 #     0.00 r
  u_central_data_memory/memory_reg[3][0]/Q (DFFQX2M)      0.34       0.34 r
  u_central_data_memory/U11652/Y (OAI2BB2X1M)             0.15       0.49 r
  u_central_data_memory/memory_reg[3][0]/D (DFFQX2M)      0.00       0.49 r
  data arrival time                                                  0.49

  clock SYSTEM_CLK (rise edge)                            0.00       0.00
  clock network delay (ideal)                             0.00       0.00
  clock uncertainty                                       0.05       0.05
  u_central_data_memory/memory_reg[3][0]/CK (DFFQX2M)     0.00       0.05 r
  library hold time                                      -0.05       0.00
  data required time                                                 0.00
  --------------------------------------------------------------------------
  data required time                                                 0.00
  data arrival time                                                 -0.49
  --------------------------------------------------------------------------
  slack (MET)                                                        0.49


  Startpoint: u_central_data_memory/memory_reg[5][16]
              (rising edge-triggered flip-flop clocked by SYSTEM_CLK)
  Endpoint: u_central_data_memory/memory_reg[5][16]
            (rising edge-triggered flip-flop clocked by SYSTEM_CLK)
  Path Group: SYSTEM_CLK
  Path Type: min

  Point                                                   Incr       Path
  --------------------------------------------------------------------------
  clock SYSTEM_CLK (rise edge)                            0.00       0.00
  clock network delay (ideal)                             0.00       0.00
  u_central_data_memory/memory_reg[5][16]/CK (DFFQX2M)
                                                          0.00 #     0.00 r
  u_central_data_memory/memory_reg[5][16]/Q (DFFQX2M)     0.34       0.34 r
  u_central_data_memory/U3523/Y (OAI2BB2X1M)              0.15       0.49 r
  u_central_data_memory/memory_reg[5][16]/D (DFFQX2M)     0.00       0.49 r
  data arrival time                                                  0.49

  clock SYSTEM_CLK (rise edge)                            0.00       0.00
  clock network delay (ideal)                             0.00       0.00
  clock uncertainty                                       0.05       0.05
  u_central_data_memory/memory_reg[5][16]/CK (DFFQX2M)
                                                          0.00       0.05 r
  library hold time                                      -0.05       0.00
  data required time                                                 0.00
  --------------------------------------------------------------------------
  data required time                                                 0.00
  data arrival time                                                 -0.49
  --------------------------------------------------------------------------
  slack (MET)                                                        0.49


  Startpoint: u_central_data_memory/memory_reg[5][15]
              (rising edge-triggered flip-flop clocked by SYSTEM_CLK)
  Endpoint: u_central_data_memory/memory_reg[5][15]
            (rising edge-triggered flip-flop clocked by SYSTEM_CLK)
  Path Group: SYSTEM_CLK
  Path Type: min

  Point                                                   Incr       Path
  --------------------------------------------------------------------------
  clock SYSTEM_CLK (rise edge)                            0.00       0.00
  clock network delay (ideal)                             0.00       0.00
  u_central_data_memory/memory_reg[5][15]/CK (DFFQX2M)
                                                          0.00 #     0.00 r
  u_central_data_memory/memory_reg[5][15]/Q (DFFQX2M)     0.34       0.34 r
  u_central_data_memory/U11635/Y (OAI2BB2X1M)             0.15       0.49 r
  u_central_data_memory/memory_reg[5][15]/D (DFFQX2M)     0.00       0.49 r
  data arrival time                                                  0.49

  clock SYSTEM_CLK (rise edge)                            0.00       0.00
  clock network delay (ideal)                             0.00       0.00
  clock uncertainty                                       0.05       0.05
  u_central_data_memory/memory_reg[5][15]/CK (DFFQX2M)
                                                          0.00       0.05 r
  library hold time                                      -0.05       0.00
  data required time                                                 0.00
  --------------------------------------------------------------------------
  data required time                                                 0.00
  data arrival time                                                 -0.49
  --------------------------------------------------------------------------
  slack (MET)                                                        0.49


  Startpoint: u_central_data_memory/memory_reg[5][14]
              (rising edge-triggered flip-flop clocked by SYSTEM_CLK)
  Endpoint: u_central_data_memory/memory_reg[5][14]
            (rising edge-triggered flip-flop clocked by SYSTEM_CLK)
  Path Group: SYSTEM_CLK
  Path Type: min

  Point                                                   Incr       Path
  --------------------------------------------------------------------------
  clock SYSTEM_CLK (rise edge)                            0.00       0.00
  clock network delay (ideal)                             0.00       0.00
  u_central_data_memory/memory_reg[5][14]/CK (DFFQX2M)
                                                          0.00 #     0.00 r
  u_central_data_memory/memory_reg[5][14]/Q (DFFQX2M)     0.34       0.34 r
  u_central_data_memory/U11634/Y (OAI2BB2X1M)             0.15       0.49 r
  u_central_data_memory/memory_reg[5][14]/D (DFFQX2M)     0.00       0.49 r
  data arrival time                                                  0.49

  clock SYSTEM_CLK (rise edge)                            0.00       0.00
  clock network delay (ideal)                             0.00       0.00
  clock uncertainty                                       0.05       0.05
  u_central_data_memory/memory_reg[5][14]/CK (DFFQX2M)
                                                          0.00       0.05 r
  library hold time                                      -0.05       0.00
  data required time                                                 0.00
  --------------------------------------------------------------------------
  data required time                                                 0.00
  data arrival time                                                 -0.49
  --------------------------------------------------------------------------
  slack (MET)                                                        0.49


  Startpoint: u_central_data_memory/memory_reg[5][13]
              (rising edge-triggered flip-flop clocked by SYSTEM_CLK)
  Endpoint: u_central_data_memory/memory_reg[5][13]
            (rising edge-triggered flip-flop clocked by SYSTEM_CLK)
  Path Group: SYSTEM_CLK
  Path Type: min

  Point                                                   Incr       Path
  --------------------------------------------------------------------------
  clock SYSTEM_CLK (rise edge)                            0.00       0.00
  clock network delay (ideal)                             0.00       0.00
  u_central_data_memory/memory_reg[5][13]/CK (DFFQX2M)
                                                          0.00 #     0.00 r
  u_central_data_memory/memory_reg[5][13]/Q (DFFQX2M)     0.34       0.34 r
  u_central_data_memory/U11633/Y (OAI2BB2X1M)             0.15       0.49 r
  u_central_data_memory/memory_reg[5][13]/D (DFFQX2M)     0.00       0.49 r
  data arrival time                                                  0.49

  clock SYSTEM_CLK (rise edge)                            0.00       0.00
  clock network delay (ideal)                             0.00       0.00
  clock uncertainty                                       0.05       0.05
  u_central_data_memory/memory_reg[5][13]/CK (DFFQX2M)
                                                          0.00       0.05 r
  library hold time                                      -0.05       0.00
  data required time                                                 0.00
  --------------------------------------------------------------------------
  data required time                                                 0.00
  data arrival time                                                 -0.49
  --------------------------------------------------------------------------
  slack (MET)                                                        0.49


  Startpoint: u_central_data_memory/memory_reg[5][12]
              (rising edge-triggered flip-flop clocked by SYSTEM_CLK)
  Endpoint: u_central_data_memory/memory_reg[5][12]
            (rising edge-triggered flip-flop clocked by SYSTEM_CLK)
  Path Group: SYSTEM_CLK
  Path Type: min

  Point                                                   Incr       Path
  --------------------------------------------------------------------------
  clock SYSTEM_CLK (rise edge)                            0.00       0.00
  clock network delay (ideal)                             0.00       0.00
  u_central_data_memory/memory_reg[5][12]/CK (DFFQX2M)
                                                          0.00 #     0.00 r
  u_central_data_memory/memory_reg[5][12]/Q (DFFQX2M)     0.34       0.34 r
  u_central_data_memory/U11632/Y (OAI2BB2X1M)             0.15       0.49 r
  u_central_data_memory/memory_reg[5][12]/D (DFFQX2M)     0.00       0.49 r
  data arrival time                                                  0.49

  clock SYSTEM_CLK (rise edge)                            0.00       0.00
  clock network delay (ideal)                             0.00       0.00
  clock uncertainty                                       0.05       0.05
  u_central_data_memory/memory_reg[5][12]/CK (DFFQX2M)
                                                          0.00       0.05 r
  library hold time                                      -0.05       0.00
  data required time                                                 0.00
  --------------------------------------------------------------------------
  data required time                                                 0.00
  data arrival time                                                 -0.49
  --------------------------------------------------------------------------
  slack (MET)                                                        0.49


  Startpoint: u_central_data_memory/memory_reg[5][11]
              (rising edge-triggered flip-flop clocked by SYSTEM_CLK)
  Endpoint: u_central_data_memory/memory_reg[5][11]
            (rising edge-triggered flip-flop clocked by SYSTEM_CLK)
  Path Group: SYSTEM_CLK
  Path Type: min

  Point                                                   Incr       Path
  --------------------------------------------------------------------------
  clock SYSTEM_CLK (rise edge)                            0.00       0.00
  clock network delay (ideal)                             0.00       0.00
  u_central_data_memory/memory_reg[5][11]/CK (DFFQX2M)
                                                          0.00 #     0.00 r
  u_central_data_memory/memory_reg[5][11]/Q (DFFQX2M)     0.34       0.34 r
  u_central_data_memory/U11631/Y (OAI2BB2X1M)             0.15       0.49 r
  u_central_data_memory/memory_reg[5][11]/D (DFFQX2M)     0.00       0.49 r
  data arrival time                                                  0.49

  clock SYSTEM_CLK (rise edge)                            0.00       0.00
  clock network delay (ideal)                             0.00       0.00
  clock uncertainty                                       0.05       0.05
  u_central_data_memory/memory_reg[5][11]/CK (DFFQX2M)
                                                          0.00       0.05 r
  library hold time                                      -0.05       0.00
  data required time                                                 0.00
  --------------------------------------------------------------------------
  data required time                                                 0.00
  data arrival time                                                 -0.49
  --------------------------------------------------------------------------
  slack (MET)                                                        0.49


  Startpoint: u_central_data_memory/memory_reg[5][10]
              (rising edge-triggered flip-flop clocked by SYSTEM_CLK)
  Endpoint: u_central_data_memory/memory_reg[5][10]
            (rising edge-triggered flip-flop clocked by SYSTEM_CLK)
  Path Group: SYSTEM_CLK
  Path Type: min

  Point                                                   Incr       Path
  --------------------------------------------------------------------------
  clock SYSTEM_CLK (rise edge)                            0.00       0.00
  clock network delay (ideal)                             0.00       0.00
  u_central_data_memory/memory_reg[5][10]/CK (DFFQX2M)
                                                          0.00 #     0.00 r
  u_central_data_memory/memory_reg[5][10]/Q (DFFQX2M)     0.34       0.34 r
  u_central_data_memory/U11630/Y (OAI2BB2X1M)             0.15       0.49 r
  u_central_data_memory/memory_reg[5][10]/D (DFFQX2M)     0.00       0.49 r
  data arrival time                                                  0.49

  clock SYSTEM_CLK (rise edge)                            0.00       0.00
  clock network delay (ideal)                             0.00       0.00
  clock uncertainty                                       0.05       0.05
  u_central_data_memory/memory_reg[5][10]/CK (DFFQX2M)
                                                          0.00       0.05 r
  library hold time                                      -0.05       0.00
  data required time                                                 0.00
  --------------------------------------------------------------------------
  data required time                                                 0.00
  data arrival time                                                 -0.49
  --------------------------------------------------------------------------
  slack (MET)                                                        0.49


  Startpoint: u_central_data_memory/memory_reg[5][9]
              (rising edge-triggered flip-flop clocked by SYSTEM_CLK)
  Endpoint: u_central_data_memory/memory_reg[5][9]
            (rising edge-triggered flip-flop clocked by SYSTEM_CLK)
  Path Group: SYSTEM_CLK
  Path Type: min

  Point                                                   Incr       Path
  --------------------------------------------------------------------------
  clock SYSTEM_CLK (rise edge)                            0.00       0.00
  clock network delay (ideal)                             0.00       0.00
  u_central_data_memory/memory_reg[5][9]/CK (DFFQX2M)     0.00 #     0.00 r
  u_central_data_memory/memory_reg[5][9]/Q (DFFQX2M)      0.34       0.34 r
  u_central_data_memory/U11629/Y (OAI2BB2X1M)             0.15       0.49 r
  u_central_data_memory/memory_reg[5][9]/D (DFFQX2M)      0.00       0.49 r
  data arrival time                                                  0.49

  clock SYSTEM_CLK (rise edge)                            0.00       0.00
  clock network delay (ideal)                             0.00       0.00
  clock uncertainty                                       0.05       0.05
  u_central_data_memory/memory_reg[5][9]/CK (DFFQX2M)     0.00       0.05 r
  library hold time                                      -0.05       0.00
  data required time                                                 0.00
  --------------------------------------------------------------------------
  data required time                                                 0.00
  data arrival time                                                 -0.49
  --------------------------------------------------------------------------
  slack (MET)                                                        0.49


  Startpoint: u_central_data_memory/memory_reg[5][8]
              (rising edge-triggered flip-flop clocked by SYSTEM_CLK)
  Endpoint: u_central_data_memory/memory_reg[5][8]
            (rising edge-triggered flip-flop clocked by SYSTEM_CLK)
  Path Group: SYSTEM_CLK
  Path Type: min

  Point                                                   Incr       Path
  --------------------------------------------------------------------------
  clock SYSTEM_CLK (rise edge)                            0.00       0.00
  clock network delay (ideal)                             0.00       0.00
  u_central_data_memory/memory_reg[5][8]/CK (DFFQX2M)     0.00 #     0.00 r
  u_central_data_memory/memory_reg[5][8]/Q (DFFQX2M)      0.34       0.34 r
  u_central_data_memory/U11628/Y (OAI2BB2X1M)             0.15       0.49 r
  u_central_data_memory/memory_reg[5][8]/D (DFFQX2M)      0.00       0.49 r
  data arrival time                                                  0.49

  clock SYSTEM_CLK (rise edge)                            0.00       0.00
  clock network delay (ideal)                             0.00       0.00
  clock uncertainty                                       0.05       0.05
  u_central_data_memory/memory_reg[5][8]/CK (DFFQX2M)     0.00       0.05 r
  library hold time                                      -0.05       0.00
  data required time                                                 0.00
  --------------------------------------------------------------------------
  data required time                                                 0.00
  data arrival time                                                 -0.49
  --------------------------------------------------------------------------
  slack (MET)                                                        0.49


  Startpoint: u_central_data_memory/memory_reg[5][7]
              (rising edge-triggered flip-flop clocked by SYSTEM_CLK)
  Endpoint: u_central_data_memory/memory_reg[5][7]
            (rising edge-triggered flip-flop clocked by SYSTEM_CLK)
  Path Group: SYSTEM_CLK
  Path Type: min

  Point                                                   Incr       Path
  --------------------------------------------------------------------------
  clock SYSTEM_CLK (rise edge)                            0.00       0.00
  clock network delay (ideal)                             0.00       0.00
  u_central_data_memory/memory_reg[5][7]/CK (DFFQX2M)     0.00 #     0.00 r
  u_central_data_memory/memory_reg[5][7]/Q (DFFQX2M)      0.34       0.34 r
  u_central_data_memory/U11627/Y (OAI2BB2X1M)             0.15       0.49 r
  u_central_data_memory/memory_reg[5][7]/D (DFFQX2M)      0.00       0.49 r
  data arrival time                                                  0.49

  clock SYSTEM_CLK (rise edge)                            0.00       0.00
  clock network delay (ideal)                             0.00       0.00
  clock uncertainty                                       0.05       0.05
  u_central_data_memory/memory_reg[5][7]/CK (DFFQX2M)     0.00       0.05 r
  library hold time                                      -0.05       0.00
  data required time                                                 0.00
  --------------------------------------------------------------------------
  data required time                                                 0.00
  data arrival time                                                 -0.49
  --------------------------------------------------------------------------
  slack (MET)                                                        0.49


  Startpoint: u_central_data_memory/memory_reg[5][6]
              (rising edge-triggered flip-flop clocked by SYSTEM_CLK)
  Endpoint: u_central_data_memory/memory_reg[5][6]
            (rising edge-triggered flip-flop clocked by SYSTEM_CLK)
  Path Group: SYSTEM_CLK
  Path Type: min

  Point                                                   Incr       Path
  --------------------------------------------------------------------------
  clock SYSTEM_CLK (rise edge)                            0.00       0.00
  clock network delay (ideal)                             0.00       0.00
  u_central_data_memory/memory_reg[5][6]/CK (DFFQX2M)     0.00 #     0.00 r
  u_central_data_memory/memory_reg[5][6]/Q (DFFQX2M)      0.34       0.34 r
  u_central_data_memory/U11626/Y (OAI2BB2X1M)             0.15       0.49 r
  u_central_data_memory/memory_reg[5][6]/D (DFFQX2M)      0.00       0.49 r
  data arrival time                                                  0.49

  clock SYSTEM_CLK (rise edge)                            0.00       0.00
  clock network delay (ideal)                             0.00       0.00
  clock uncertainty                                       0.05       0.05
  u_central_data_memory/memory_reg[5][6]/CK (DFFQX2M)     0.00       0.05 r
  library hold time                                      -0.05       0.00
  data required time                                                 0.00
  --------------------------------------------------------------------------
  data required time                                                 0.00
  data arrival time                                                 -0.49
  --------------------------------------------------------------------------
  slack (MET)                                                        0.49


  Startpoint: u_central_data_memory/memory_reg[5][5]
              (rising edge-triggered flip-flop clocked by SYSTEM_CLK)
  Endpoint: u_central_data_memory/memory_reg[5][5]
            (rising edge-triggered flip-flop clocked by SYSTEM_CLK)
  Path Group: SYSTEM_CLK
  Path Type: min

  Point                                                   Incr       Path
  --------------------------------------------------------------------------
  clock SYSTEM_CLK (rise edge)                            0.00       0.00
  clock network delay (ideal)                             0.00       0.00
  u_central_data_memory/memory_reg[5][5]/CK (DFFQX2M)     0.00 #     0.00 r
  u_central_data_memory/memory_reg[5][5]/Q (DFFQX2M)      0.34       0.34 r
  u_central_data_memory/U11625/Y (OAI2BB2X1M)             0.15       0.49 r
  u_central_data_memory/memory_reg[5][5]/D (DFFQX2M)      0.00       0.49 r
  data arrival time                                                  0.49

  clock SYSTEM_CLK (rise edge)                            0.00       0.00
  clock network delay (ideal)                             0.00       0.00
  clock uncertainty                                       0.05       0.05
  u_central_data_memory/memory_reg[5][5]/CK (DFFQX2M)     0.00       0.05 r
  library hold time                                      -0.05       0.00
  data required time                                                 0.00
  --------------------------------------------------------------------------
  data required time                                                 0.00
  data arrival time                                                 -0.49
  --------------------------------------------------------------------------
  slack (MET)                                                        0.49


  Startpoint: u_central_data_memory/memory_reg[5][4]
              (rising edge-triggered flip-flop clocked by SYSTEM_CLK)
  Endpoint: u_central_data_memory/memory_reg[5][4]
            (rising edge-triggered flip-flop clocked by SYSTEM_CLK)
  Path Group: SYSTEM_CLK
  Path Type: min

  Point                                                   Incr       Path
  --------------------------------------------------------------------------
  clock SYSTEM_CLK (rise edge)                            0.00       0.00
  clock network delay (ideal)                             0.00       0.00
  u_central_data_memory/memory_reg[5][4]/CK (DFFQX2M)     0.00 #     0.00 r
  u_central_data_memory/memory_reg[5][4]/Q (DFFQX2M)      0.34       0.34 r
  u_central_data_memory/U11624/Y (OAI2BB2X1M)             0.15       0.49 r
  u_central_data_memory/memory_reg[5][4]/D (DFFQX2M)      0.00       0.49 r
  data arrival time                                                  0.49

  clock SYSTEM_CLK (rise edge)                            0.00       0.00
  clock network delay (ideal)                             0.00       0.00
  clock uncertainty                                       0.05       0.05
  u_central_data_memory/memory_reg[5][4]/CK (DFFQX2M)     0.00       0.05 r
  library hold time                                      -0.05       0.00
  data required time                                                 0.00
  --------------------------------------------------------------------------
  data required time                                                 0.00
  data arrival time                                                 -0.49
  --------------------------------------------------------------------------
  slack (MET)                                                        0.49


  Startpoint: u_central_data_memory/memory_reg[5][3]
              (rising edge-triggered flip-flop clocked by SYSTEM_CLK)
  Endpoint: u_central_data_memory/memory_reg[5][3]
            (rising edge-triggered flip-flop clocked by SYSTEM_CLK)
  Path Group: SYSTEM_CLK
  Path Type: min

  Point                                                   Incr       Path
  --------------------------------------------------------------------------
  clock SYSTEM_CLK (rise edge)                            0.00       0.00
  clock network delay (ideal)                             0.00       0.00
  u_central_data_memory/memory_reg[5][3]/CK (DFFQX2M)     0.00 #     0.00 r
  u_central_data_memory/memory_reg[5][3]/Q (DFFQX2M)      0.34       0.34 r
  u_central_data_memory/U11623/Y (OAI2BB2X1M)             0.15       0.49 r
  u_central_data_memory/memory_reg[5][3]/D (DFFQX2M)      0.00       0.49 r
  data arrival time                                                  0.49

  clock SYSTEM_CLK (rise edge)                            0.00       0.00
  clock network delay (ideal)                             0.00       0.00
  clock uncertainty                                       0.05       0.05
  u_central_data_memory/memory_reg[5][3]/CK (DFFQX2M)     0.00       0.05 r
  library hold time                                      -0.05       0.00
  data required time                                                 0.00
  --------------------------------------------------------------------------
  data required time                                                 0.00
  data arrival time                                                 -0.49
  --------------------------------------------------------------------------
  slack (MET)                                                        0.49


  Startpoint: u_central_data_memory/memory_reg[5][2]
              (rising edge-triggered flip-flop clocked by SYSTEM_CLK)
  Endpoint: u_central_data_memory/memory_reg[5][2]
            (rising edge-triggered flip-flop clocked by SYSTEM_CLK)
  Path Group: SYSTEM_CLK
  Path Type: min

  Point                                                   Incr       Path
  --------------------------------------------------------------------------
  clock SYSTEM_CLK (rise edge)                            0.00       0.00
  clock network delay (ideal)                             0.00       0.00
  u_central_data_memory/memory_reg[5][2]/CK (DFFQX2M)     0.00 #     0.00 r
  u_central_data_memory/memory_reg[5][2]/Q (DFFQX2M)      0.34       0.34 r
  u_central_data_memory/U11622/Y (OAI2BB2X1M)             0.15       0.49 r
  u_central_data_memory/memory_reg[5][2]/D (DFFQX2M)      0.00       0.49 r
  data arrival time                                                  0.49

  clock SYSTEM_CLK (rise edge)                            0.00       0.00
  clock network delay (ideal)                             0.00       0.00
  clock uncertainty                                       0.05       0.05
  u_central_data_memory/memory_reg[5][2]/CK (DFFQX2M)     0.00       0.05 r
  library hold time                                      -0.05       0.00
  data required time                                                 0.00
  --------------------------------------------------------------------------
  data required time                                                 0.00
  data arrival time                                                 -0.49
  --------------------------------------------------------------------------
  slack (MET)                                                        0.49


  Startpoint: u_central_data_memory/memory_reg[5][1]
              (rising edge-triggered flip-flop clocked by SYSTEM_CLK)
  Endpoint: u_central_data_memory/memory_reg[5][1]
            (rising edge-triggered flip-flop clocked by SYSTEM_CLK)
  Path Group: SYSTEM_CLK
  Path Type: min

  Point                                                   Incr       Path
  --------------------------------------------------------------------------
  clock SYSTEM_CLK (rise edge)                            0.00       0.00
  clock network delay (ideal)                             0.00       0.00
  u_central_data_memory/memory_reg[5][1]/CK (DFFQX2M)     0.00 #     0.00 r
  u_central_data_memory/memory_reg[5][1]/Q (DFFQX2M)      0.34       0.34 r
  u_central_data_memory/U11621/Y (OAI2BB2X1M)             0.15       0.49 r
  u_central_data_memory/memory_reg[5][1]/D (DFFQX2M)      0.00       0.49 r
  data arrival time                                                  0.49

  clock SYSTEM_CLK (rise edge)                            0.00       0.00
  clock network delay (ideal)                             0.00       0.00
  clock uncertainty                                       0.05       0.05
  u_central_data_memory/memory_reg[5][1]/CK (DFFQX2M)     0.00       0.05 r
  library hold time                                      -0.05       0.00
  data required time                                                 0.00
  --------------------------------------------------------------------------
  data required time                                                 0.00
  data arrival time                                                 -0.49
  --------------------------------------------------------------------------
  slack (MET)                                                        0.49


  Startpoint: u_central_data_memory/memory_reg[5][0]
              (rising edge-triggered flip-flop clocked by SYSTEM_CLK)
  Endpoint: u_central_data_memory/memory_reg[5][0]
            (rising edge-triggered flip-flop clocked by SYSTEM_CLK)
  Path Group: SYSTEM_CLK
  Path Type: min

  Point                                                   Incr       Path
  --------------------------------------------------------------------------
  clock SYSTEM_CLK (rise edge)                            0.00       0.00
  clock network delay (ideal)                             0.00       0.00
  u_central_data_memory/memory_reg[5][0]/CK (DFFQX2M)     0.00 #     0.00 r
  u_central_data_memory/memory_reg[5][0]/Q (DFFQX2M)      0.34       0.34 r
  u_central_data_memory/U11620/Y (OAI2BB2X1M)             0.15       0.49 r
  u_central_data_memory/memory_reg[5][0]/D (DFFQX2M)      0.00       0.49 r
  data arrival time                                                  0.49

  clock SYSTEM_CLK (rise edge)                            0.00       0.00
  clock network delay (ideal)                             0.00       0.00
  clock uncertainty                                       0.05       0.05
  u_central_data_memory/memory_reg[5][0]/CK (DFFQX2M)     0.00       0.05 r
  library hold time                                      -0.05       0.00
  data required time                                                 0.00
  --------------------------------------------------------------------------
  data required time                                                 0.00
  data arrival time                                                 -0.49
  --------------------------------------------------------------------------
  slack (MET)                                                        0.49


  Startpoint: u_central_data_memory/memory_reg[7][0]
              (rising edge-triggered flip-flop clocked by SYSTEM_CLK)
  Endpoint: u_central_data_memory/memory_reg[7][0]
            (rising edge-triggered flip-flop clocked by SYSTEM_CLK)
  Path Group: SYSTEM_CLK
  Path Type: min

  Point                                                   Incr       Path
  --------------------------------------------------------------------------
  clock SYSTEM_CLK (rise edge)                            0.00       0.00
  clock network delay (ideal)                             0.00       0.00
  u_central_data_memory/memory_reg[7][0]/CK (DFFQX2M)     0.00 #     0.00 r
  u_central_data_memory/memory_reg[7][0]/Q (DFFQX2M)      0.34       0.34 r
  u_central_data_memory/U11588/Y (OAI2BB2X1M)             0.15       0.49 r
  u_central_data_memory/memory_reg[7][0]/D (DFFQX2M)      0.00       0.49 r
  data arrival time                                                  0.49

  clock SYSTEM_CLK (rise edge)                            0.00       0.00
  clock network delay (ideal)                             0.00       0.00
  clock uncertainty                                       0.05       0.05
  u_central_data_memory/memory_reg[7][0]/CK (DFFQX2M)     0.00       0.05 r
  library hold time                                      -0.05       0.00
  data required time                                                 0.00
  --------------------------------------------------------------------------
  data required time                                                 0.00
  data arrival time                                                 -0.49
  --------------------------------------------------------------------------
  slack (MET)                                                        0.49


  Startpoint: u_central_data_memory/memory_reg[9][5]
              (rising edge-triggered flip-flop clocked by SYSTEM_CLK)
  Endpoint: u_central_data_memory/memory_reg[9][5]
            (rising edge-triggered flip-flop clocked by SYSTEM_CLK)
  Path Group: SYSTEM_CLK
  Path Type: min

  Point                                                   Incr       Path
  --------------------------------------------------------------------------
  clock SYSTEM_CLK (rise edge)                            0.00       0.00
  clock network delay (ideal)                             0.00       0.00
  u_central_data_memory/memory_reg[9][5]/CK (DFFQX2M)     0.00 #     0.00 r
  u_central_data_memory/memory_reg[9][5]/Q (DFFQX2M)      0.34       0.34 r
  u_central_data_memory/U11561/Y (OAI2BB2X1M)             0.15       0.49 r
  u_central_data_memory/memory_reg[9][5]/D (DFFQX2M)      0.00       0.49 r
  data arrival time                                                  0.49

  clock SYSTEM_CLK (rise edge)                            0.00       0.00
  clock network delay (ideal)                             0.00       0.00
  clock uncertainty                                       0.05       0.05
  u_central_data_memory/memory_reg[9][5]/CK (DFFQX2M)     0.00       0.05 r
  library hold time                                      -0.05       0.00
  data required time                                                 0.00
  --------------------------------------------------------------------------
  data required time                                                 0.00
  data arrival time                                                 -0.49
  --------------------------------------------------------------------------
  slack (MET)                                                        0.49


  Startpoint: u_central_data_memory/memory_reg[9][4]
              (rising edge-triggered flip-flop clocked by SYSTEM_CLK)
  Endpoint: u_central_data_memory/memory_reg[9][4]
            (rising edge-triggered flip-flop clocked by SYSTEM_CLK)
  Path Group: SYSTEM_CLK
  Path Type: min

  Point                                                   Incr       Path
  --------------------------------------------------------------------------
  clock SYSTEM_CLK (rise edge)                            0.00       0.00
  clock network delay (ideal)                             0.00       0.00
  u_central_data_memory/memory_reg[9][4]/CK (DFFQX2M)     0.00 #     0.00 r
  u_central_data_memory/memory_reg[9][4]/Q (DFFQX2M)      0.34       0.34 r
  u_central_data_memory/U11560/Y (OAI2BB2X1M)             0.15       0.49 r
  u_central_data_memory/memory_reg[9][4]/D (DFFQX2M)      0.00       0.49 r
  data arrival time                                                  0.49

  clock SYSTEM_CLK (rise edge)                            0.00       0.00
  clock network delay (ideal)                             0.00       0.00
  clock uncertainty                                       0.05       0.05
  u_central_data_memory/memory_reg[9][4]/CK (DFFQX2M)     0.00       0.05 r
  library hold time                                      -0.05       0.00
  data required time                                                 0.00
  --------------------------------------------------------------------------
  data required time                                                 0.00
  data arrival time                                                 -0.49
  --------------------------------------------------------------------------
  slack (MET)                                                        0.49


  Startpoint: u_central_data_memory/memory_reg[9][3]
              (rising edge-triggered flip-flop clocked by SYSTEM_CLK)
  Endpoint: u_central_data_memory/memory_reg[9][3]
            (rising edge-triggered flip-flop clocked by SYSTEM_CLK)
  Path Group: SYSTEM_CLK
  Path Type: min

  Point                                                   Incr       Path
  --------------------------------------------------------------------------
  clock SYSTEM_CLK (rise edge)                            0.00       0.00
  clock network delay (ideal)                             0.00       0.00
  u_central_data_memory/memory_reg[9][3]/CK (DFFQX2M)     0.00 #     0.00 r
  u_central_data_memory/memory_reg[9][3]/Q (DFFQX2M)      0.34       0.34 r
  u_central_data_memory/U11559/Y (OAI2BB2X1M)             0.15       0.49 r
  u_central_data_memory/memory_reg[9][3]/D (DFFQX2M)      0.00       0.49 r
  data arrival time                                                  0.49

  clock SYSTEM_CLK (rise edge)                            0.00       0.00
  clock network delay (ideal)                             0.00       0.00
  clock uncertainty                                       0.05       0.05
  u_central_data_memory/memory_reg[9][3]/CK (DFFQX2M)     0.00       0.05 r
  library hold time                                      -0.05       0.00
  data required time                                                 0.00
  --------------------------------------------------------------------------
  data required time                                                 0.00
  data arrival time                                                 -0.49
  --------------------------------------------------------------------------
  slack (MET)                                                        0.49


  Startpoint: u_central_data_memory/memory_reg[9][2]
              (rising edge-triggered flip-flop clocked by SYSTEM_CLK)
  Endpoint: u_central_data_memory/memory_reg[9][2]
            (rising edge-triggered flip-flop clocked by SYSTEM_CLK)
  Path Group: SYSTEM_CLK
  Path Type: min

  Point                                                   Incr       Path
  --------------------------------------------------------------------------
  clock SYSTEM_CLK (rise edge)                            0.00       0.00
  clock network delay (ideal)                             0.00       0.00
  u_central_data_memory/memory_reg[9][2]/CK (DFFQX2M)     0.00 #     0.00 r
  u_central_data_memory/memory_reg[9][2]/Q (DFFQX2M)      0.34       0.34 r
  u_central_data_memory/U11558/Y (OAI2BB2X1M)             0.15       0.49 r
  u_central_data_memory/memory_reg[9][2]/D (DFFQX2M)      0.00       0.49 r
  data arrival time                                                  0.49

  clock SYSTEM_CLK (rise edge)                            0.00       0.00
  clock network delay (ideal)                             0.00       0.00
  clock uncertainty                                       0.05       0.05
  u_central_data_memory/memory_reg[9][2]/CK (DFFQX2M)     0.00       0.05 r
  library hold time                                      -0.05       0.00
  data required time                                                 0.00
  --------------------------------------------------------------------------
  data required time                                                 0.00
  data arrival time                                                 -0.49
  --------------------------------------------------------------------------
  slack (MET)                                                        0.49


  Startpoint: u_central_data_memory/memory_reg[9][1]
              (rising edge-triggered flip-flop clocked by SYSTEM_CLK)
  Endpoint: u_central_data_memory/memory_reg[9][1]
            (rising edge-triggered flip-flop clocked by SYSTEM_CLK)
  Path Group: SYSTEM_CLK
  Path Type: min

  Point                                                   Incr       Path
  --------------------------------------------------------------------------
  clock SYSTEM_CLK (rise edge)                            0.00       0.00
  clock network delay (ideal)                             0.00       0.00
  u_central_data_memory/memory_reg[9][1]/CK (DFFQX2M)     0.00 #     0.00 r
  u_central_data_memory/memory_reg[9][1]/Q (DFFQX2M)      0.34       0.34 r
  u_central_data_memory/U11557/Y (OAI2BB2X1M)             0.15       0.49 r
  u_central_data_memory/memory_reg[9][1]/D (DFFQX2M)      0.00       0.49 r
  data arrival time                                                  0.49

  clock SYSTEM_CLK (rise edge)                            0.00       0.00
  clock network delay (ideal)                             0.00       0.00
  clock uncertainty                                       0.05       0.05
  u_central_data_memory/memory_reg[9][1]/CK (DFFQX2M)     0.00       0.05 r
  library hold time                                      -0.05       0.00
  data required time                                                 0.00
  --------------------------------------------------------------------------
  data required time                                                 0.00
  data arrival time                                                 -0.49
  --------------------------------------------------------------------------
  slack (MET)                                                        0.49


  Startpoint: u_central_data_memory/memory_reg[9][0]
              (rising edge-triggered flip-flop clocked by SYSTEM_CLK)
  Endpoint: u_central_data_memory/memory_reg[9][0]
            (rising edge-triggered flip-flop clocked by SYSTEM_CLK)
  Path Group: SYSTEM_CLK
  Path Type: min

  Point                                                   Incr       Path
  --------------------------------------------------------------------------
  clock SYSTEM_CLK (rise edge)                            0.00       0.00
  clock network delay (ideal)                             0.00       0.00
  u_central_data_memory/memory_reg[9][0]/CK (DFFQX2M)     0.00 #     0.00 r
  u_central_data_memory/memory_reg[9][0]/Q (DFFQX2M)      0.34       0.34 r
  u_central_data_memory/U11556/Y (OAI2BB2X1M)             0.15       0.49 r
  u_central_data_memory/memory_reg[9][0]/D (DFFQX2M)      0.00       0.49 r
  data arrival time                                                  0.49

  clock SYSTEM_CLK (rise edge)                            0.00       0.00
  clock network delay (ideal)                             0.00       0.00
  clock uncertainty                                       0.05       0.05
  u_central_data_memory/memory_reg[9][0]/CK (DFFQX2M)     0.00       0.05 r
  library hold time                                      -0.05       0.00
  data required time                                                 0.00
  --------------------------------------------------------------------------
  data required time                                                 0.00
  data arrival time                                                 -0.49
  --------------------------------------------------------------------------
  slack (MET)                                                        0.49


  Startpoint: i_app_rd_en
              (input port clocked by SYSTEM_CLK)
  Endpoint: u_central_data_memory/o_cdm_app_rd_data_reg[16]
            (rising edge-triggered flip-flop clocked by SYSTEM_CLK)
  Path Group: SYSTEM_IN
  Path Type: min

  Point                                                   Incr       Path
  --------------------------------------------------------------------------
  clock SYSTEM_CLK (rise edge)                            0.00       0.00
  clock network delay (ideal)                             0.00       0.00
  input external delay                                   12.00      12.00 r
  i_app_rd_en (in)                                        0.01      12.01 r
  u_central_data_memory/i_cdm_app_rd_en (central_data_memory_DATA_WIDTH17_CONFIG_DATA_W32_LOGICAL_ADD_W9_DEPTH512)
                                                          0.00      12.01 r
  u_central_data_memory/U607/Y (BUFX2M)                   0.22      12.23 r
  u_central_data_memory/U2988/Y (AO22X1M)                 0.21      12.44 r
  u_central_data_memory/o_cdm_app_rd_data_reg[16]/D (DFFRHQX8M)
                                                          0.00      12.44 r
  data arrival time                                                 12.44

  clock SYSTEM_CLK (rise edge)                            0.00       0.00
  clock network delay (ideal)                             0.00       0.00
  clock uncertainty                                       0.05       0.05
  u_central_data_memory/o_cdm_app_rd_data_reg[16]/CK (DFFRHQX8M)
                                                          0.00       0.05 r
  library hold time                                      -0.02       0.03
  data required time                                                 0.03
  --------------------------------------------------------------------------
  data required time                                                 0.03
  data arrival time                                                -12.44
  --------------------------------------------------------------------------
  slack (MET)                                                       12.41


  Startpoint: i_app_rd_en
              (input port clocked by SYSTEM_CLK)
  Endpoint: u_central_data_memory/o_cdm_app_rd_data_reg[15]
            (rising edge-triggered flip-flop clocked by SYSTEM_CLK)
  Path Group: SYSTEM_IN
  Path Type: min

  Point                                                   Incr       Path
  --------------------------------------------------------------------------
  clock SYSTEM_CLK (rise edge)                            0.00       0.00
  clock network delay (ideal)                             0.00       0.00
  input external delay                                   12.00      12.00 r
  i_app_rd_en (in)                                        0.01      12.01 r
  u_central_data_memory/i_cdm_app_rd_en (central_data_memory_DATA_WIDTH17_CONFIG_DATA_W32_LOGICAL_ADD_W9_DEPTH512)
                                                          0.00      12.01 r
  u_central_data_memory/U607/Y (BUFX2M)                   0.22      12.23 r
  u_central_data_memory/U3004/Y (AO22X1M)                 0.21      12.44 r
  u_central_data_memory/o_cdm_app_rd_data_reg[15]/D (DFFRHQX8M)
                                                          0.00      12.44 r
  data arrival time                                                 12.44

  clock SYSTEM_CLK (rise edge)                            0.00       0.00
  clock network delay (ideal)                             0.00       0.00
  clock uncertainty                                       0.05       0.05
  u_central_data_memory/o_cdm_app_rd_data_reg[15]/CK (DFFRHQX8M)
                                                          0.00       0.05 r
  library hold time                                      -0.02       0.03
  data required time                                                 0.03
  --------------------------------------------------------------------------
  data required time                                                 0.03
  data arrival time                                                -12.44
  --------------------------------------------------------------------------
  slack (MET)                                                       12.41


  Startpoint: i_app_rd_en
              (input port clocked by SYSTEM_CLK)
  Endpoint: u_central_data_memory/o_cdm_app_rd_data_reg[14]
            (rising edge-triggered flip-flop clocked by SYSTEM_CLK)
  Path Group: SYSTEM_IN
  Path Type: min

  Point                                                   Incr       Path
  --------------------------------------------------------------------------
  clock SYSTEM_CLK (rise edge)                            0.00       0.00
  clock network delay (ideal)                             0.00       0.00
  input external delay                                   12.00      12.00 r
  i_app_rd_en (in)                                        0.01      12.01 r
  u_central_data_memory/i_cdm_app_rd_en (central_data_memory_DATA_WIDTH17_CONFIG_DATA_W32_LOGICAL_ADD_W9_DEPTH512)
                                                          0.00      12.01 r
  u_central_data_memory/U607/Y (BUFX2M)                   0.22      12.23 r
  u_central_data_memory/U3003/Y (AO22X1M)                 0.21      12.44 r
  u_central_data_memory/o_cdm_app_rd_data_reg[14]/D (DFFRHQX8M)
                                                          0.00      12.44 r
  data arrival time                                                 12.44

  clock SYSTEM_CLK (rise edge)                            0.00       0.00
  clock network delay (ideal)                             0.00       0.00
  clock uncertainty                                       0.05       0.05
  u_central_data_memory/o_cdm_app_rd_data_reg[14]/CK (DFFRHQX8M)
                                                          0.00       0.05 r
  library hold time                                      -0.02       0.03
  data required time                                                 0.03
  --------------------------------------------------------------------------
  data required time                                                 0.03
  data arrival time                                                -12.44
  --------------------------------------------------------------------------
  slack (MET)                                                       12.41


  Startpoint: i_app_rd_en
              (input port clocked by SYSTEM_CLK)
  Endpoint: u_central_data_memory/o_cdm_app_rd_data_reg[13]
            (rising edge-triggered flip-flop clocked by SYSTEM_CLK)
  Path Group: SYSTEM_IN
  Path Type: min

  Point                                                   Incr       Path
  --------------------------------------------------------------------------
  clock SYSTEM_CLK (rise edge)                            0.00       0.00
  clock network delay (ideal)                             0.00       0.00
  input external delay                                   12.00      12.00 r
  i_app_rd_en (in)                                        0.01      12.01 r
  u_central_data_memory/i_cdm_app_rd_en (central_data_memory_DATA_WIDTH17_CONFIG_DATA_W32_LOGICAL_ADD_W9_DEPTH512)
                                                          0.00      12.01 r
  u_central_data_memory/U607/Y (BUFX2M)                   0.22      12.23 r
  u_central_data_memory/U3002/Y (AO22X1M)                 0.21      12.44 r
  u_central_data_memory/o_cdm_app_rd_data_reg[13]/D (DFFRHQX8M)
                                                          0.00      12.44 r
  data arrival time                                                 12.44

  clock SYSTEM_CLK (rise edge)                            0.00       0.00
  clock network delay (ideal)                             0.00       0.00
  clock uncertainty                                       0.05       0.05
  u_central_data_memory/o_cdm_app_rd_data_reg[13]/CK (DFFRHQX8M)
                                                          0.00       0.05 r
  library hold time                                      -0.02       0.03
  data required time                                                 0.03
  --------------------------------------------------------------------------
  data required time                                                 0.03
  data arrival time                                                -12.44
  --------------------------------------------------------------------------
  slack (MET)                                                       12.41


  Startpoint: i_app_rd_en
              (input port clocked by SYSTEM_CLK)
  Endpoint: u_central_data_memory/o_cdm_app_rd_data_reg[12]
            (rising edge-triggered flip-flop clocked by SYSTEM_CLK)
  Path Group: SYSTEM_IN
  Path Type: min

  Point                                                   Incr       Path
  --------------------------------------------------------------------------
  clock SYSTEM_CLK (rise edge)                            0.00       0.00
  clock network delay (ideal)                             0.00       0.00
  input external delay                                   12.00      12.00 r
  i_app_rd_en (in)                                        0.01      12.01 r
  u_central_data_memory/i_cdm_app_rd_en (central_data_memory_DATA_WIDTH17_CONFIG_DATA_W32_LOGICAL_ADD_W9_DEPTH512)
                                                          0.00      12.01 r
  u_central_data_memory/U607/Y (BUFX2M)                   0.22      12.23 r
  u_central_data_memory/U3001/Y (AO22X1M)                 0.21      12.44 r
  u_central_data_memory/o_cdm_app_rd_data_reg[12]/D (DFFRHQX8M)
                                                          0.00      12.44 r
  data arrival time                                                 12.44

  clock SYSTEM_CLK (rise edge)                            0.00       0.00
  clock network delay (ideal)                             0.00       0.00
  clock uncertainty                                       0.05       0.05
  u_central_data_memory/o_cdm_app_rd_data_reg[12]/CK (DFFRHQX8M)
                                                          0.00       0.05 r
  library hold time                                      -0.02       0.03
  data required time                                                 0.03
  --------------------------------------------------------------------------
  data required time                                                 0.03
  data arrival time                                                -12.44
  --------------------------------------------------------------------------
  slack (MET)                                                       12.41


  Startpoint: i_app_rd_en
              (input port clocked by SYSTEM_CLK)
  Endpoint: u_central_data_memory/o_cdm_app_rd_data_reg[11]
            (rising edge-triggered flip-flop clocked by SYSTEM_CLK)
  Path Group: SYSTEM_IN
  Path Type: min

  Point                                                   Incr       Path
  --------------------------------------------------------------------------
  clock SYSTEM_CLK (rise edge)                            0.00       0.00
  clock network delay (ideal)                             0.00       0.00
  input external delay                                   12.00      12.00 r
  i_app_rd_en (in)                                        0.01      12.01 r
  u_central_data_memory/i_cdm_app_rd_en (central_data_memory_DATA_WIDTH17_CONFIG_DATA_W32_LOGICAL_ADD_W9_DEPTH512)
                                                          0.00      12.01 r
  u_central_data_memory/U607/Y (BUFX2M)                   0.22      12.23 r
  u_central_data_memory/U3000/Y (AO22X1M)                 0.21      12.44 r
  u_central_data_memory/o_cdm_app_rd_data_reg[11]/D (DFFRHQX8M)
                                                          0.00      12.44 r
  data arrival time                                                 12.44

  clock SYSTEM_CLK (rise edge)                            0.00       0.00
  clock network delay (ideal)                             0.00       0.00
  clock uncertainty                                       0.05       0.05
  u_central_data_memory/o_cdm_app_rd_data_reg[11]/CK (DFFRHQX8M)
                                                          0.00       0.05 r
  library hold time                                      -0.02       0.03
  data required time                                                 0.03
  --------------------------------------------------------------------------
  data required time                                                 0.03
  data arrival time                                                -12.44
  --------------------------------------------------------------------------
  slack (MET)                                                       12.41


  Startpoint: i_app_rd_en
              (input port clocked by SYSTEM_CLK)
  Endpoint: u_central_data_memory/o_cdm_app_rd_data_reg[10]
            (rising edge-triggered flip-flop clocked by SYSTEM_CLK)
  Path Group: SYSTEM_IN
  Path Type: min

  Point                                                   Incr       Path
  --------------------------------------------------------------------------
  clock SYSTEM_CLK (rise edge)                            0.00       0.00
  clock network delay (ideal)                             0.00       0.00
  input external delay                                   12.00      12.00 r
  i_app_rd_en (in)                                        0.01      12.01 r
  u_central_data_memory/i_cdm_app_rd_en (central_data_memory_DATA_WIDTH17_CONFIG_DATA_W32_LOGICAL_ADD_W9_DEPTH512)
                                                          0.00      12.01 r
  u_central_data_memory/U607/Y (BUFX2M)                   0.22      12.23 r
  u_central_data_memory/U2999/Y (AO22X1M)                 0.21      12.44 r
  u_central_data_memory/o_cdm_app_rd_data_reg[10]/D (DFFRHQX8M)
                                                          0.00      12.44 r
  data arrival time                                                 12.44

  clock SYSTEM_CLK (rise edge)                            0.00       0.00
  clock network delay (ideal)                             0.00       0.00
  clock uncertainty                                       0.05       0.05
  u_central_data_memory/o_cdm_app_rd_data_reg[10]/CK (DFFRHQX8M)
                                                          0.00       0.05 r
  library hold time                                      -0.02       0.03
  data required time                                                 0.03
  --------------------------------------------------------------------------
  data required time                                                 0.03
  data arrival time                                                -12.44
  --------------------------------------------------------------------------
  slack (MET)                                                       12.41


  Startpoint: i_app_rd_en
              (input port clocked by SYSTEM_CLK)
  Endpoint: u_central_data_memory/o_cdm_app_rd_data_reg[9]
            (rising edge-triggered flip-flop clocked by SYSTEM_CLK)
  Path Group: SYSTEM_IN
  Path Type: min

  Point                                                   Incr       Path
  --------------------------------------------------------------------------
  clock SYSTEM_CLK (rise edge)                            0.00       0.00
  clock network delay (ideal)                             0.00       0.00
  input external delay                                   12.00      12.00 r
  i_app_rd_en (in)                                        0.01      12.01 r
  u_central_data_memory/i_cdm_app_rd_en (central_data_memory_DATA_WIDTH17_CONFIG_DATA_W32_LOGICAL_ADD_W9_DEPTH512)
                                                          0.00      12.01 r
  u_central_data_memory/U607/Y (BUFX2M)                   0.22      12.23 r
  u_central_data_memory/U2998/Y (AO22X1M)                 0.21      12.44 r
  u_central_data_memory/o_cdm_app_rd_data_reg[9]/D (DFFRHQX8M)
                                                          0.00      12.44 r
  data arrival time                                                 12.44

  clock SYSTEM_CLK (rise edge)                            0.00       0.00
  clock network delay (ideal)                             0.00       0.00
  clock uncertainty                                       0.05       0.05
  u_central_data_memory/o_cdm_app_rd_data_reg[9]/CK (DFFRHQX8M)
                                                          0.00       0.05 r
  library hold time                                      -0.02       0.03
  data required time                                                 0.03
  --------------------------------------------------------------------------
  data required time                                                 0.03
  data arrival time                                                -12.44
  --------------------------------------------------------------------------
  slack (MET)                                                       12.41


  Startpoint: i_app_rd_en
              (input port clocked by SYSTEM_CLK)
  Endpoint: u_central_data_memory/o_cdm_app_rd_data_reg[8]
            (rising edge-triggered flip-flop clocked by SYSTEM_CLK)
  Path Group: SYSTEM_IN
  Path Type: min

  Point                                                   Incr       Path
  --------------------------------------------------------------------------
  clock SYSTEM_CLK (rise edge)                            0.00       0.00
  clock network delay (ideal)                             0.00       0.00
  input external delay                                   12.00      12.00 r
  i_app_rd_en (in)                                        0.01      12.01 r
  u_central_data_memory/i_cdm_app_rd_en (central_data_memory_DATA_WIDTH17_CONFIG_DATA_W32_LOGICAL_ADD_W9_DEPTH512)
                                                          0.00      12.01 r
  u_central_data_memory/U607/Y (BUFX2M)                   0.22      12.23 r
  u_central_data_memory/U2997/Y (AO22X1M)                 0.21      12.44 r
  u_central_data_memory/o_cdm_app_rd_data_reg[8]/D (DFFRHQX8M)
                                                          0.00      12.44 r
  data arrival time                                                 12.44

  clock SYSTEM_CLK (rise edge)                            0.00       0.00
  clock network delay (ideal)                             0.00       0.00
  clock uncertainty                                       0.05       0.05
  u_central_data_memory/o_cdm_app_rd_data_reg[8]/CK (DFFRHQX8M)
                                                          0.00       0.05 r
  library hold time                                      -0.02       0.03
  data required time                                                 0.03
  --------------------------------------------------------------------------
  data required time                                                 0.03
  data arrival time                                                -12.44
  --------------------------------------------------------------------------
  slack (MET)                                                       12.41


  Startpoint: i_app_rd_en
              (input port clocked by SYSTEM_CLK)
  Endpoint: u_central_data_memory/o_cdm_app_rd_data_reg[7]
            (rising edge-triggered flip-flop clocked by SYSTEM_CLK)
  Path Group: SYSTEM_IN
  Path Type: min

  Point                                                   Incr       Path
  --------------------------------------------------------------------------
  clock SYSTEM_CLK (rise edge)                            0.00       0.00
  clock network delay (ideal)                             0.00       0.00
  input external delay                                   12.00      12.00 r
  i_app_rd_en (in)                                        0.01      12.01 r
  u_central_data_memory/i_cdm_app_rd_en (central_data_memory_DATA_WIDTH17_CONFIG_DATA_W32_LOGICAL_ADD_W9_DEPTH512)
                                                          0.00      12.01 r
  u_central_data_memory/U607/Y (BUFX2M)                   0.22      12.23 r
  u_central_data_memory/U2996/Y (AO22X1M)                 0.21      12.44 r
  u_central_data_memory/o_cdm_app_rd_data_reg[7]/D (DFFRHQX8M)
                                                          0.00      12.44 r
  data arrival time                                                 12.44

  clock SYSTEM_CLK (rise edge)                            0.00       0.00
  clock network delay (ideal)                             0.00       0.00
  clock uncertainty                                       0.05       0.05
  u_central_data_memory/o_cdm_app_rd_data_reg[7]/CK (DFFRHQX8M)
                                                          0.00       0.05 r
  library hold time                                      -0.02       0.03
  data required time                                                 0.03
  --------------------------------------------------------------------------
  data required time                                                 0.03
  data arrival time                                                -12.44
  --------------------------------------------------------------------------
  slack (MET)                                                       12.41


  Startpoint: i_app_rd_en
              (input port clocked by SYSTEM_CLK)
  Endpoint: u_central_data_memory/o_cdm_app_rd_data_reg[6]
            (rising edge-triggered flip-flop clocked by SYSTEM_CLK)
  Path Group: SYSTEM_IN
  Path Type: min

  Point                                                   Incr       Path
  --------------------------------------------------------------------------
  clock SYSTEM_CLK (rise edge)                            0.00       0.00
  clock network delay (ideal)                             0.00       0.00
  input external delay                                   12.00      12.00 r
  i_app_rd_en (in)                                        0.01      12.01 r
  u_central_data_memory/i_cdm_app_rd_en (central_data_memory_DATA_WIDTH17_CONFIG_DATA_W32_LOGICAL_ADD_W9_DEPTH512)
                                                          0.00      12.01 r
  u_central_data_memory/U607/Y (BUFX2M)                   0.22      12.23 r
  u_central_data_memory/U2995/Y (AO22X1M)                 0.21      12.44 r
  u_central_data_memory/o_cdm_app_rd_data_reg[6]/D (DFFRHQX8M)
                                                          0.00      12.44 r
  data arrival time                                                 12.44

  clock SYSTEM_CLK (rise edge)                            0.00       0.00
  clock network delay (ideal)                             0.00       0.00
  clock uncertainty                                       0.05       0.05
  u_central_data_memory/o_cdm_app_rd_data_reg[6]/CK (DFFRHQX8M)
                                                          0.00       0.05 r
  library hold time                                      -0.02       0.03
  data required time                                                 0.03
  --------------------------------------------------------------------------
  data required time                                                 0.03
  data arrival time                                                -12.44
  --------------------------------------------------------------------------
  slack (MET)                                                       12.41


  Startpoint: i_app_rd_en
              (input port clocked by SYSTEM_CLK)
  Endpoint: u_central_data_memory/o_cdm_app_rd_data_reg[5]
            (rising edge-triggered flip-flop clocked by SYSTEM_CLK)
  Path Group: SYSTEM_IN
  Path Type: min

  Point                                                   Incr       Path
  --------------------------------------------------------------------------
  clock SYSTEM_CLK (rise edge)                            0.00       0.00
  clock network delay (ideal)                             0.00       0.00
  input external delay                                   12.00      12.00 r
  i_app_rd_en (in)                                        0.01      12.01 r
  u_central_data_memory/i_cdm_app_rd_en (central_data_memory_DATA_WIDTH17_CONFIG_DATA_W32_LOGICAL_ADD_W9_DEPTH512)
                                                          0.00      12.01 r
  u_central_data_memory/U607/Y (BUFX2M)                   0.22      12.23 r
  u_central_data_memory/U2994/Y (AO22X1M)                 0.21      12.44 r
  u_central_data_memory/o_cdm_app_rd_data_reg[5]/D (DFFRHQX8M)
                                                          0.00      12.44 r
  data arrival time                                                 12.44

  clock SYSTEM_CLK (rise edge)                            0.00       0.00
  clock network delay (ideal)                             0.00       0.00
  clock uncertainty                                       0.05       0.05
  u_central_data_memory/o_cdm_app_rd_data_reg[5]/CK (DFFRHQX8M)
                                                          0.00       0.05 r
  library hold time                                      -0.02       0.03
  data required time                                                 0.03
  --------------------------------------------------------------------------
  data required time                                                 0.03
  data arrival time                                                -12.44
  --------------------------------------------------------------------------
  slack (MET)                                                       12.41


  Startpoint: i_app_rd_en
              (input port clocked by SYSTEM_CLK)
  Endpoint: u_central_data_memory/o_cdm_app_rd_data_reg[4]
            (rising edge-triggered flip-flop clocked by SYSTEM_CLK)
  Path Group: SYSTEM_IN
  Path Type: min

  Point                                                   Incr       Path
  --------------------------------------------------------------------------
  clock SYSTEM_CLK (rise edge)                            0.00       0.00
  clock network delay (ideal)                             0.00       0.00
  input external delay                                   12.00      12.00 r
  i_app_rd_en (in)                                        0.01      12.01 r
  u_central_data_memory/i_cdm_app_rd_en (central_data_memory_DATA_WIDTH17_CONFIG_DATA_W32_LOGICAL_ADD_W9_DEPTH512)
                                                          0.00      12.01 r
  u_central_data_memory/U607/Y (BUFX2M)                   0.22      12.23 r
  u_central_data_memory/U2993/Y (AO22X1M)                 0.21      12.44 r
  u_central_data_memory/o_cdm_app_rd_data_reg[4]/D (DFFRHQX8M)
                                                          0.00      12.44 r
  data arrival time                                                 12.44

  clock SYSTEM_CLK (rise edge)                            0.00       0.00
  clock network delay (ideal)                             0.00       0.00
  clock uncertainty                                       0.05       0.05
  u_central_data_memory/o_cdm_app_rd_data_reg[4]/CK (DFFRHQX8M)
                                                          0.00       0.05 r
  library hold time                                      -0.02       0.03
  data required time                                                 0.03
  --------------------------------------------------------------------------
  data required time                                                 0.03
  data arrival time                                                -12.44
  --------------------------------------------------------------------------
  slack (MET)                                                       12.41


  Startpoint: i_app_rd_en
              (input port clocked by SYSTEM_CLK)
  Endpoint: u_central_data_memory/o_cdm_app_rd_data_reg[3]
            (rising edge-triggered flip-flop clocked by SYSTEM_CLK)
  Path Group: SYSTEM_IN
  Path Type: min

  Point                                                   Incr       Path
  --------------------------------------------------------------------------
  clock SYSTEM_CLK (rise edge)                            0.00       0.00
  clock network delay (ideal)                             0.00       0.00
  input external delay                                   12.00      12.00 r
  i_app_rd_en (in)                                        0.01      12.01 r
  u_central_data_memory/i_cdm_app_rd_en (central_data_memory_DATA_WIDTH17_CONFIG_DATA_W32_LOGICAL_ADD_W9_DEPTH512)
                                                          0.00      12.01 r
  u_central_data_memory/U607/Y (BUFX2M)                   0.22      12.23 r
  u_central_data_memory/U2992/Y (AO22X1M)                 0.21      12.44 r
  u_central_data_memory/o_cdm_app_rd_data_reg[3]/D (DFFRHQX8M)
                                                          0.00      12.44 r
  data arrival time                                                 12.44

  clock SYSTEM_CLK (rise edge)                            0.00       0.00
  clock network delay (ideal)                             0.00       0.00
  clock uncertainty                                       0.05       0.05
  u_central_data_memory/o_cdm_app_rd_data_reg[3]/CK (DFFRHQX8M)
                                                          0.00       0.05 r
  library hold time                                      -0.02       0.03
  data required time                                                 0.03
  --------------------------------------------------------------------------
  data required time                                                 0.03
  data arrival time                                                -12.44
  --------------------------------------------------------------------------
  slack (MET)                                                       12.41


  Startpoint: i_app_rd_en
              (input port clocked by SYSTEM_CLK)
  Endpoint: u_central_data_memory/o_cdm_app_rd_data_reg[2]
            (rising edge-triggered flip-flop clocked by SYSTEM_CLK)
  Path Group: SYSTEM_IN
  Path Type: min

  Point                                                   Incr       Path
  --------------------------------------------------------------------------
  clock SYSTEM_CLK (rise edge)                            0.00       0.00
  clock network delay (ideal)                             0.00       0.00
  input external delay                                   12.00      12.00 r
  i_app_rd_en (in)                                        0.01      12.01 r
  u_central_data_memory/i_cdm_app_rd_en (central_data_memory_DATA_WIDTH17_CONFIG_DATA_W32_LOGICAL_ADD_W9_DEPTH512)
                                                          0.00      12.01 r
  u_central_data_memory/U607/Y (BUFX2M)                   0.22      12.23 r
  u_central_data_memory/U2991/Y (AO22X1M)                 0.21      12.44 r
  u_central_data_memory/o_cdm_app_rd_data_reg[2]/D (DFFRHQX8M)
                                                          0.00      12.44 r
  data arrival time                                                 12.44

  clock SYSTEM_CLK (rise edge)                            0.00       0.00
  clock network delay (ideal)                             0.00       0.00
  clock uncertainty                                       0.05       0.05
  u_central_data_memory/o_cdm_app_rd_data_reg[2]/CK (DFFRHQX8M)
                                                          0.00       0.05 r
  library hold time                                      -0.02       0.03
  data required time                                                 0.03
  --------------------------------------------------------------------------
  data required time                                                 0.03
  data arrival time                                                -12.44
  --------------------------------------------------------------------------
  slack (MET)                                                       12.41


  Startpoint: i_app_rd_en
              (input port clocked by SYSTEM_CLK)
  Endpoint: u_central_data_memory/o_cdm_app_rd_data_reg[1]
            (rising edge-triggered flip-flop clocked by SYSTEM_CLK)
  Path Group: SYSTEM_IN
  Path Type: min

  Point                                                   Incr       Path
  --------------------------------------------------------------------------
  clock SYSTEM_CLK (rise edge)                            0.00       0.00
  clock network delay (ideal)                             0.00       0.00
  input external delay                                   12.00      12.00 r
  i_app_rd_en (in)                                        0.01      12.01 r
  u_central_data_memory/i_cdm_app_rd_en (central_data_memory_DATA_WIDTH17_CONFIG_DATA_W32_LOGICAL_ADD_W9_DEPTH512)
                                                          0.00      12.01 r
  u_central_data_memory/U607/Y (BUFX2M)                   0.22      12.23 r
  u_central_data_memory/U2990/Y (AO22X1M)                 0.21      12.44 r
  u_central_data_memory/o_cdm_app_rd_data_reg[1]/D (DFFRHQX8M)
                                                          0.00      12.44 r
  data arrival time                                                 12.44

  clock SYSTEM_CLK (rise edge)                            0.00       0.00
  clock network delay (ideal)                             0.00       0.00
  clock uncertainty                                       0.05       0.05
  u_central_data_memory/o_cdm_app_rd_data_reg[1]/CK (DFFRHQX8M)
                                                          0.00       0.05 r
  library hold time                                      -0.02       0.03
  data required time                                                 0.03
  --------------------------------------------------------------------------
  data required time                                                 0.03
  data arrival time                                                -12.44
  --------------------------------------------------------------------------
  slack (MET)                                                       12.41


  Startpoint: i_app_rd_en
              (input port clocked by SYSTEM_CLK)
  Endpoint: u_central_data_memory/o_cdm_app_rd_data_reg[0]
            (rising edge-triggered flip-flop clocked by SYSTEM_CLK)
  Path Group: SYSTEM_IN
  Path Type: min

  Point                                                   Incr       Path
  --------------------------------------------------------------------------
  clock SYSTEM_CLK (rise edge)                            0.00       0.00
  clock network delay (ideal)                             0.00       0.00
  input external delay                                   12.00      12.00 r
  i_app_rd_en (in)                                        0.01      12.01 r
  u_central_data_memory/i_cdm_app_rd_en (central_data_memory_DATA_WIDTH17_CONFIG_DATA_W32_LOGICAL_ADD_W9_DEPTH512)
                                                          0.00      12.01 r
  u_central_data_memory/U607/Y (BUFX2M)                   0.22      12.23 r
  u_central_data_memory/U2989/Y (AO22X1M)                 0.21      12.45 r
  u_central_data_memory/o_cdm_app_rd_data_reg[0]/D (DFFRHQX8M)
                                                          0.00      12.45 r
  data arrival time                                                 12.45

  clock SYSTEM_CLK (rise edge)                            0.00       0.00
  clock network delay (ideal)                             0.00       0.00
  clock uncertainty                                       0.05       0.05
  u_central_data_memory/o_cdm_app_rd_data_reg[0]/CK (DFFRHQX8M)
                                                          0.00       0.05 r
  library hold time                                      -0.02       0.03
  data required time                                                 0.03
  --------------------------------------------------------------------------
  data required time                                                 0.03
  data arrival time                                                -12.45
  --------------------------------------------------------------------------
  slack (MET)                                                       12.41


  Startpoint: u_central_data_memory/o_cdm_app_rd_data_reg[16]
              (rising edge-triggered flip-flop clocked by SYSTEM_CLK)
  Endpoint: o_app_rd_data[16]
            (output port clocked by SYSTEM_CLK)
  Path Group: SYSTEM_OUT
  Path Type: min

  Point                                                   Incr       Path
  --------------------------------------------------------------------------
  clock SYSTEM_CLK (rise edge)                            0.00       0.00
  clock network delay (ideal)                             0.00       0.00
  u_central_data_memory/o_cdm_app_rd_data_reg[16]/CK (DFFRHQX8M)
                                                          0.00 #     0.00 r
  u_central_data_memory/o_cdm_app_rd_data_reg[16]/Q (DFFRHQX8M)
                                                          0.70       0.70 f
  u_central_data_memory/o_cdm_app_rd_data[16] (central_data_memory_DATA_WIDTH17_CONFIG_DATA_W32_LOGICAL_ADD_W9_DEPTH512)
                                                          0.00       0.70 f
  o_app_rd_data[16] (out)                                 0.00       0.70 f
  data arrival time                                                  0.70

  clock SYSTEM_CLK (rise edge)                            0.00       0.00
  clock network delay (ideal)                             0.00       0.00
  clock uncertainty                                       0.05       0.05
  output external delay                                 -12.00     -11.95
  data required time                                               -11.95
  --------------------------------------------------------------------------
  data required time                                               -11.95
  data arrival time                                                 -0.70
  --------------------------------------------------------------------------
  slack (MET)                                                       12.65


  Startpoint: u_central_data_memory/o_cdm_app_rd_data_reg[15]
              (rising edge-triggered flip-flop clocked by SYSTEM_CLK)
  Endpoint: o_app_rd_data[15]
            (output port clocked by SYSTEM_CLK)
  Path Group: SYSTEM_OUT
  Path Type: min

  Point                                                   Incr       Path
  --------------------------------------------------------------------------
  clock SYSTEM_CLK (rise edge)                            0.00       0.00
  clock network delay (ideal)                             0.00       0.00
  u_central_data_memory/o_cdm_app_rd_data_reg[15]/CK (DFFRHQX8M)
                                                          0.00 #     0.00 r
  u_central_data_memory/o_cdm_app_rd_data_reg[15]/Q (DFFRHQX8M)
                                                          0.70       0.70 f
  u_central_data_memory/o_cdm_app_rd_data[15] (central_data_memory_DATA_WIDTH17_CONFIG_DATA_W32_LOGICAL_ADD_W9_DEPTH512)
                                                          0.00       0.70 f
  o_app_rd_data[15] (out)                                 0.00       0.70 f
  data arrival time                                                  0.70

  clock SYSTEM_CLK (rise edge)                            0.00       0.00
  clock network delay (ideal)                             0.00       0.00
  clock uncertainty                                       0.05       0.05
  output external delay                                 -12.00     -11.95
  data required time                                               -11.95
  --------------------------------------------------------------------------
  data required time                                               -11.95
  data arrival time                                                 -0.70
  --------------------------------------------------------------------------
  slack (MET)                                                       12.65


  Startpoint: u_central_data_memory/o_cdm_app_rd_data_reg[14]
              (rising edge-triggered flip-flop clocked by SYSTEM_CLK)
  Endpoint: o_app_rd_data[14]
            (output port clocked by SYSTEM_CLK)
  Path Group: SYSTEM_OUT
  Path Type: min

  Point                                                   Incr       Path
  --------------------------------------------------------------------------
  clock SYSTEM_CLK (rise edge)                            0.00       0.00
  clock network delay (ideal)                             0.00       0.00
  u_central_data_memory/o_cdm_app_rd_data_reg[14]/CK (DFFRHQX8M)
                                                          0.00 #     0.00 r
  u_central_data_memory/o_cdm_app_rd_data_reg[14]/Q (DFFRHQX8M)
                                                          0.70       0.70 f
  u_central_data_memory/o_cdm_app_rd_data[14] (central_data_memory_DATA_WIDTH17_CONFIG_DATA_W32_LOGICAL_ADD_W9_DEPTH512)
                                                          0.00       0.70 f
  o_app_rd_data[14] (out)                                 0.00       0.70 f
  data arrival time                                                  0.70

  clock SYSTEM_CLK (rise edge)                            0.00       0.00
  clock network delay (ideal)                             0.00       0.00
  clock uncertainty                                       0.05       0.05
  output external delay                                 -12.00     -11.95
  data required time                                               -11.95
  --------------------------------------------------------------------------
  data required time                                               -11.95
  data arrival time                                                 -0.70
  --------------------------------------------------------------------------
  slack (MET)                                                       12.65


  Startpoint: u_central_data_memory/o_cdm_app_rd_data_reg[13]
              (rising edge-triggered flip-flop clocked by SYSTEM_CLK)
  Endpoint: o_app_rd_data[13]
            (output port clocked by SYSTEM_CLK)
  Path Group: SYSTEM_OUT
  Path Type: min

  Point                                                   Incr       Path
  --------------------------------------------------------------------------
  clock SYSTEM_CLK (rise edge)                            0.00       0.00
  clock network delay (ideal)                             0.00       0.00
  u_central_data_memory/o_cdm_app_rd_data_reg[13]/CK (DFFRHQX8M)
                                                          0.00 #     0.00 r
  u_central_data_memory/o_cdm_app_rd_data_reg[13]/Q (DFFRHQX8M)
                                                          0.70       0.70 f
  u_central_data_memory/o_cdm_app_rd_data[13] (central_data_memory_DATA_WIDTH17_CONFIG_DATA_W32_LOGICAL_ADD_W9_DEPTH512)
                                                          0.00       0.70 f
  o_app_rd_data[13] (out)                                 0.00       0.70 f
  data arrival time                                                  0.70

  clock SYSTEM_CLK (rise edge)                            0.00       0.00
  clock network delay (ideal)                             0.00       0.00
  clock uncertainty                                       0.05       0.05
  output external delay                                 -12.00     -11.95
  data required time                                               -11.95
  --------------------------------------------------------------------------
  data required time                                               -11.95
  data arrival time                                                 -0.70
  --------------------------------------------------------------------------
  slack (MET)                                                       12.65


  Startpoint: u_central_data_memory/o_cdm_app_rd_data_reg[12]
              (rising edge-triggered flip-flop clocked by SYSTEM_CLK)
  Endpoint: o_app_rd_data[12]
            (output port clocked by SYSTEM_CLK)
  Path Group: SYSTEM_OUT
  Path Type: min

  Point                                                   Incr       Path
  --------------------------------------------------------------------------
  clock SYSTEM_CLK (rise edge)                            0.00       0.00
  clock network delay (ideal)                             0.00       0.00
  u_central_data_memory/o_cdm_app_rd_data_reg[12]/CK (DFFRHQX8M)
                                                          0.00 #     0.00 r
  u_central_data_memory/o_cdm_app_rd_data_reg[12]/Q (DFFRHQX8M)
                                                          0.70       0.70 f
  u_central_data_memory/o_cdm_app_rd_data[12] (central_data_memory_DATA_WIDTH17_CONFIG_DATA_W32_LOGICAL_ADD_W9_DEPTH512)
                                                          0.00       0.70 f
  o_app_rd_data[12] (out)                                 0.00       0.70 f
  data arrival time                                                  0.70

  clock SYSTEM_CLK (rise edge)                            0.00       0.00
  clock network delay (ideal)                             0.00       0.00
  clock uncertainty                                       0.05       0.05
  output external delay                                 -12.00     -11.95
  data required time                                               -11.95
  --------------------------------------------------------------------------
  data required time                                               -11.95
  data arrival time                                                 -0.70
  --------------------------------------------------------------------------
  slack (MET)                                                       12.65


  Startpoint: u_central_data_memory/o_cdm_app_rd_data_reg[11]
              (rising edge-triggered flip-flop clocked by SYSTEM_CLK)
  Endpoint: o_app_rd_data[11]
            (output port clocked by SYSTEM_CLK)
  Path Group: SYSTEM_OUT
  Path Type: min

  Point                                                   Incr       Path
  --------------------------------------------------------------------------
  clock SYSTEM_CLK (rise edge)                            0.00       0.00
  clock network delay (ideal)                             0.00       0.00
  u_central_data_memory/o_cdm_app_rd_data_reg[11]/CK (DFFRHQX8M)
                                                          0.00 #     0.00 r
  u_central_data_memory/o_cdm_app_rd_data_reg[11]/Q (DFFRHQX8M)
                                                          0.70       0.70 f
  u_central_data_memory/o_cdm_app_rd_data[11] (central_data_memory_DATA_WIDTH17_CONFIG_DATA_W32_LOGICAL_ADD_W9_DEPTH512)
                                                          0.00       0.70 f
  o_app_rd_data[11] (out)                                 0.00       0.70 f
  data arrival time                                                  0.70

  clock SYSTEM_CLK (rise edge)                            0.00       0.00
  clock network delay (ideal)                             0.00       0.00
  clock uncertainty                                       0.05       0.05
  output external delay                                 -12.00     -11.95
  data required time                                               -11.95
  --------------------------------------------------------------------------
  data required time                                               -11.95
  data arrival time                                                 -0.70
  --------------------------------------------------------------------------
  slack (MET)                                                       12.65


  Startpoint: u_central_data_memory/o_cdm_app_rd_data_reg[10]
              (rising edge-triggered flip-flop clocked by SYSTEM_CLK)
  Endpoint: o_app_rd_data[10]
            (output port clocked by SYSTEM_CLK)
  Path Group: SYSTEM_OUT
  Path Type: min

  Point                                                   Incr       Path
  --------------------------------------------------------------------------
  clock SYSTEM_CLK (rise edge)                            0.00       0.00
  clock network delay (ideal)                             0.00       0.00
  u_central_data_memory/o_cdm_app_rd_data_reg[10]/CK (DFFRHQX8M)
                                                          0.00 #     0.00 r
  u_central_data_memory/o_cdm_app_rd_data_reg[10]/Q (DFFRHQX8M)
                                                          0.70       0.70 f
  u_central_data_memory/o_cdm_app_rd_data[10] (central_data_memory_DATA_WIDTH17_CONFIG_DATA_W32_LOGICAL_ADD_W9_DEPTH512)
                                                          0.00       0.70 f
  o_app_rd_data[10] (out)                                 0.00       0.70 f
  data arrival time                                                  0.70

  clock SYSTEM_CLK (rise edge)                            0.00       0.00
  clock network delay (ideal)                             0.00       0.00
  clock uncertainty                                       0.05       0.05
  output external delay                                 -12.00     -11.95
  data required time                                               -11.95
  --------------------------------------------------------------------------
  data required time                                               -11.95
  data arrival time                                                 -0.70
  --------------------------------------------------------------------------
  slack (MET)                                                       12.65


  Startpoint: u_central_data_memory/o_cdm_app_rd_data_reg[9]
              (rising edge-triggered flip-flop clocked by SYSTEM_CLK)
  Endpoint: o_app_rd_data[9]
            (output port clocked by SYSTEM_CLK)
  Path Group: SYSTEM_OUT
  Path Type: min

  Point                                                   Incr       Path
  --------------------------------------------------------------------------
  clock SYSTEM_CLK (rise edge)                            0.00       0.00
  clock network delay (ideal)                             0.00       0.00
  u_central_data_memory/o_cdm_app_rd_data_reg[9]/CK (DFFRHQX8M)
                                                          0.00 #     0.00 r
  u_central_data_memory/o_cdm_app_rd_data_reg[9]/Q (DFFRHQX8M)
                                                          0.70       0.70 f
  u_central_data_memory/o_cdm_app_rd_data[9] (central_data_memory_DATA_WIDTH17_CONFIG_DATA_W32_LOGICAL_ADD_W9_DEPTH512)
                                                          0.00       0.70 f
  o_app_rd_data[9] (out)                                  0.00       0.70 f
  data arrival time                                                  0.70

  clock SYSTEM_CLK (rise edge)                            0.00       0.00
  clock network delay (ideal)                             0.00       0.00
  clock uncertainty                                       0.05       0.05
  output external delay                                 -12.00     -11.95
  data required time                                               -11.95
  --------------------------------------------------------------------------
  data required time                                               -11.95
  data arrival time                                                 -0.70
  --------------------------------------------------------------------------
  slack (MET)                                                       12.65


  Startpoint: u_central_data_memory/o_cdm_app_rd_data_reg[8]
              (rising edge-triggered flip-flop clocked by SYSTEM_CLK)
  Endpoint: o_app_rd_data[8]
            (output port clocked by SYSTEM_CLK)
  Path Group: SYSTEM_OUT
  Path Type: min

  Point                                                   Incr       Path
  --------------------------------------------------------------------------
  clock SYSTEM_CLK (rise edge)                            0.00       0.00
  clock network delay (ideal)                             0.00       0.00
  u_central_data_memory/o_cdm_app_rd_data_reg[8]/CK (DFFRHQX8M)
                                                          0.00 #     0.00 r
  u_central_data_memory/o_cdm_app_rd_data_reg[8]/Q (DFFRHQX8M)
                                                          0.70       0.70 f
  u_central_data_memory/o_cdm_app_rd_data[8] (central_data_memory_DATA_WIDTH17_CONFIG_DATA_W32_LOGICAL_ADD_W9_DEPTH512)
                                                          0.00       0.70 f
  o_app_rd_data[8] (out)                                  0.00       0.70 f
  data arrival time                                                  0.70

  clock SYSTEM_CLK (rise edge)                            0.00       0.00
  clock network delay (ideal)                             0.00       0.00
  clock uncertainty                                       0.05       0.05
  output external delay                                 -12.00     -11.95
  data required time                                               -11.95
  --------------------------------------------------------------------------
  data required time                                               -11.95
  data arrival time                                                 -0.70
  --------------------------------------------------------------------------
  slack (MET)                                                       12.65


  Startpoint: u_central_data_memory/o_cdm_app_rd_data_reg[7]
              (rising edge-triggered flip-flop clocked by SYSTEM_CLK)
  Endpoint: o_app_rd_data[7]
            (output port clocked by SYSTEM_CLK)
  Path Group: SYSTEM_OUT
  Path Type: min

  Point                                                   Incr       Path
  --------------------------------------------------------------------------
  clock SYSTEM_CLK (rise edge)                            0.00       0.00
  clock network delay (ideal)                             0.00       0.00
  u_central_data_memory/o_cdm_app_rd_data_reg[7]/CK (DFFRHQX8M)
                                                          0.00 #     0.00 r
  u_central_data_memory/o_cdm_app_rd_data_reg[7]/Q (DFFRHQX8M)
                                                          0.70       0.70 f
  u_central_data_memory/o_cdm_app_rd_data[7] (central_data_memory_DATA_WIDTH17_CONFIG_DATA_W32_LOGICAL_ADD_W9_DEPTH512)
                                                          0.00       0.70 f
  o_app_rd_data[7] (out)                                  0.00       0.70 f
  data arrival time                                                  0.70

  clock SYSTEM_CLK (rise edge)                            0.00       0.00
  clock network delay (ideal)                             0.00       0.00
  clock uncertainty                                       0.05       0.05
  output external delay                                 -12.00     -11.95
  data required time                                               -11.95
  --------------------------------------------------------------------------
  data required time                                               -11.95
  data arrival time                                                 -0.70
  --------------------------------------------------------------------------
  slack (MET)                                                       12.65


  Startpoint: u_central_data_memory/o_cdm_app_rd_data_reg[6]
              (rising edge-triggered flip-flop clocked by SYSTEM_CLK)
  Endpoint: o_app_rd_data[6]
            (output port clocked by SYSTEM_CLK)
  Path Group: SYSTEM_OUT
  Path Type: min

  Point                                                   Incr       Path
  --------------------------------------------------------------------------
  clock SYSTEM_CLK (rise edge)                            0.00       0.00
  clock network delay (ideal)                             0.00       0.00
  u_central_data_memory/o_cdm_app_rd_data_reg[6]/CK (DFFRHQX8M)
                                                          0.00 #     0.00 r
  u_central_data_memory/o_cdm_app_rd_data_reg[6]/Q (DFFRHQX8M)
                                                          0.70       0.70 f
  u_central_data_memory/o_cdm_app_rd_data[6] (central_data_memory_DATA_WIDTH17_CONFIG_DATA_W32_LOGICAL_ADD_W9_DEPTH512)
                                                          0.00       0.70 f
  o_app_rd_data[6] (out)                                  0.00       0.70 f
  data arrival time                                                  0.70

  clock SYSTEM_CLK (rise edge)                            0.00       0.00
  clock network delay (ideal)                             0.00       0.00
  clock uncertainty                                       0.05       0.05
  output external delay                                 -12.00     -11.95
  data required time                                               -11.95
  --------------------------------------------------------------------------
  data required time                                               -11.95
  data arrival time                                                 -0.70
  --------------------------------------------------------------------------
  slack (MET)                                                       12.65


  Startpoint: u_central_data_memory/o_cdm_app_rd_data_reg[5]
              (rising edge-triggered flip-flop clocked by SYSTEM_CLK)
  Endpoint: o_app_rd_data[5]
            (output port clocked by SYSTEM_CLK)
  Path Group: SYSTEM_OUT
  Path Type: min

  Point                                                   Incr       Path
  --------------------------------------------------------------------------
  clock SYSTEM_CLK (rise edge)                            0.00       0.00
  clock network delay (ideal)                             0.00       0.00
  u_central_data_memory/o_cdm_app_rd_data_reg[5]/CK (DFFRHQX8M)
                                                          0.00 #     0.00 r
  u_central_data_memory/o_cdm_app_rd_data_reg[5]/Q (DFFRHQX8M)
                                                          0.70       0.70 f
  u_central_data_memory/o_cdm_app_rd_data[5] (central_data_memory_DATA_WIDTH17_CONFIG_DATA_W32_LOGICAL_ADD_W9_DEPTH512)
                                                          0.00       0.70 f
  o_app_rd_data[5] (out)                                  0.00       0.70 f
  data arrival time                                                  0.70

  clock SYSTEM_CLK (rise edge)                            0.00       0.00
  clock network delay (ideal)                             0.00       0.00
  clock uncertainty                                       0.05       0.05
  output external delay                                 -12.00     -11.95
  data required time                                               -11.95
  --------------------------------------------------------------------------
  data required time                                               -11.95
  data arrival time                                                 -0.70
  --------------------------------------------------------------------------
  slack (MET)                                                       12.65


  Startpoint: u_central_data_memory/o_cdm_app_rd_data_reg[4]
              (rising edge-triggered flip-flop clocked by SYSTEM_CLK)
  Endpoint: o_app_rd_data[4]
            (output port clocked by SYSTEM_CLK)
  Path Group: SYSTEM_OUT
  Path Type: min

  Point                                                   Incr       Path
  --------------------------------------------------------------------------
  clock SYSTEM_CLK (rise edge)                            0.00       0.00
  clock network delay (ideal)                             0.00       0.00
  u_central_data_memory/o_cdm_app_rd_data_reg[4]/CK (DFFRHQX8M)
                                                          0.00 #     0.00 r
  u_central_data_memory/o_cdm_app_rd_data_reg[4]/Q (DFFRHQX8M)
                                                          0.70       0.70 f
  u_central_data_memory/o_cdm_app_rd_data[4] (central_data_memory_DATA_WIDTH17_CONFIG_DATA_W32_LOGICAL_ADD_W9_DEPTH512)
                                                          0.00       0.70 f
  o_app_rd_data[4] (out)                                  0.00       0.70 f
  data arrival time                                                  0.70

  clock SYSTEM_CLK (rise edge)                            0.00       0.00
  clock network delay (ideal)                             0.00       0.00
  clock uncertainty                                       0.05       0.05
  output external delay                                 -12.00     -11.95
  data required time                                               -11.95
  --------------------------------------------------------------------------
  data required time                                               -11.95
  data arrival time                                                 -0.70
  --------------------------------------------------------------------------
  slack (MET)                                                       12.65


  Startpoint: u_central_data_memory/o_cdm_app_rd_data_reg[3]
              (rising edge-triggered flip-flop clocked by SYSTEM_CLK)
  Endpoint: o_app_rd_data[3]
            (output port clocked by SYSTEM_CLK)
  Path Group: SYSTEM_OUT
  Path Type: min

  Point                                                   Incr       Path
  --------------------------------------------------------------------------
  clock SYSTEM_CLK (rise edge)                            0.00       0.00
  clock network delay (ideal)                             0.00       0.00
  u_central_data_memory/o_cdm_app_rd_data_reg[3]/CK (DFFRHQX8M)
                                                          0.00 #     0.00 r
  u_central_data_memory/o_cdm_app_rd_data_reg[3]/Q (DFFRHQX8M)
                                                          0.70       0.70 f
  u_central_data_memory/o_cdm_app_rd_data[3] (central_data_memory_DATA_WIDTH17_CONFIG_DATA_W32_LOGICAL_ADD_W9_DEPTH512)
                                                          0.00       0.70 f
  o_app_rd_data[3] (out)                                  0.00       0.70 f
  data arrival time                                                  0.70

  clock SYSTEM_CLK (rise edge)                            0.00       0.00
  clock network delay (ideal)                             0.00       0.00
  clock uncertainty                                       0.05       0.05
  output external delay                                 -12.00     -11.95
  data required time                                               -11.95
  --------------------------------------------------------------------------
  data required time                                               -11.95
  data arrival time                                                 -0.70
  --------------------------------------------------------------------------
  slack (MET)                                                       12.65


  Startpoint: u_central_data_memory/o_cdm_app_rd_data_reg[2]
              (rising edge-triggered flip-flop clocked by SYSTEM_CLK)
  Endpoint: o_app_rd_data[2]
            (output port clocked by SYSTEM_CLK)
  Path Group: SYSTEM_OUT
  Path Type: min

  Point                                                   Incr       Path
  --------------------------------------------------------------------------
  clock SYSTEM_CLK (rise edge)                            0.00       0.00
  clock network delay (ideal)                             0.00       0.00
  u_central_data_memory/o_cdm_app_rd_data_reg[2]/CK (DFFRHQX8M)
                                                          0.00 #     0.00 r
  u_central_data_memory/o_cdm_app_rd_data_reg[2]/Q (DFFRHQX8M)
                                                          0.70       0.70 f
  u_central_data_memory/o_cdm_app_rd_data[2] (central_data_memory_DATA_WIDTH17_CONFIG_DATA_W32_LOGICAL_ADD_W9_DEPTH512)
                                                          0.00       0.70 f
  o_app_rd_data[2] (out)                                  0.00       0.70 f
  data arrival time                                                  0.70

  clock SYSTEM_CLK (rise edge)                            0.00       0.00
  clock network delay (ideal)                             0.00       0.00
  clock uncertainty                                       0.05       0.05
  output external delay                                 -12.00     -11.95
  data required time                                               -11.95
  --------------------------------------------------------------------------
  data required time                                               -11.95
  data arrival time                                                 -0.70
  --------------------------------------------------------------------------
  slack (MET)                                                       12.65


  Startpoint: u_central_data_memory/o_cdm_app_rd_data_reg[1]
              (rising edge-triggered flip-flop clocked by SYSTEM_CLK)
  Endpoint: o_app_rd_data[1]
            (output port clocked by SYSTEM_CLK)
  Path Group: SYSTEM_OUT
  Path Type: min

  Point                                                   Incr       Path
  --------------------------------------------------------------------------
  clock SYSTEM_CLK (rise edge)                            0.00       0.00
  clock network delay (ideal)                             0.00       0.00
  u_central_data_memory/o_cdm_app_rd_data_reg[1]/CK (DFFRHQX8M)
                                                          0.00 #     0.00 r
  u_central_data_memory/o_cdm_app_rd_data_reg[1]/Q (DFFRHQX8M)
                                                          0.70       0.70 f
  u_central_data_memory/o_cdm_app_rd_data[1] (central_data_memory_DATA_WIDTH17_CONFIG_DATA_W32_LOGICAL_ADD_W9_DEPTH512)
                                                          0.00       0.70 f
  o_app_rd_data[1] (out)                                  0.00       0.70 f
  data arrival time                                                  0.70

  clock SYSTEM_CLK (rise edge)                            0.00       0.00
  clock network delay (ideal)                             0.00       0.00
  clock uncertainty                                       0.05       0.05
  output external delay                                 -12.00     -11.95
  data required time                                               -11.95
  --------------------------------------------------------------------------
  data required time                                               -11.95
  data arrival time                                                 -0.70
  --------------------------------------------------------------------------
  slack (MET)                                                       12.65


  Startpoint: u_central_data_memory/o_cdm_app_rd_data_reg[0]
              (rising edge-triggered flip-flop clocked by SYSTEM_CLK)
  Endpoint: o_app_rd_data[0]
            (output port clocked by SYSTEM_CLK)
  Path Group: SYSTEM_OUT
  Path Type: min

  Point                                                   Incr       Path
  --------------------------------------------------------------------------
  clock SYSTEM_CLK (rise edge)                            0.00       0.00
  clock network delay (ideal)                             0.00       0.00
  u_central_data_memory/o_cdm_app_rd_data_reg[0]/CK (DFFRHQX8M)
                                                          0.00 #     0.00 r
  u_central_data_memory/o_cdm_app_rd_data_reg[0]/Q (DFFRHQX8M)
                                                          0.70       0.70 f
  u_central_data_memory/o_cdm_app_rd_data[0] (central_data_memory_DATA_WIDTH17_CONFIG_DATA_W32_LOGICAL_ADD_W9_DEPTH512)
                                                          0.00       0.70 f
  o_app_rd_data[0] (out)                                  0.00       0.70 f
  data arrival time                                                  0.70

  clock SYSTEM_CLK (rise edge)                            0.00       0.00
  clock network delay (ideal)                             0.00       0.00
  clock uncertainty                                       0.05       0.05
  output external delay                                 -12.00     -11.95
  data required time                                               -11.95
  --------------------------------------------------------------------------
  data required time                                               -11.95
  data arrival time                                                 -0.70
  --------------------------------------------------------------------------
  slack (MET)                                                       12.65


1
